STATION,NAME,LATITUDE,LONGITUDE,ELEVATION,DATE,ACMH,ACMH_ATTRIBUTES,ACSH,ACSH_ATTRIBUTES,ADPT,ADPT_ATTRIBUTES,ASLP,ASLP_ATTRIBUTES,ASTP,ASTP_ATTRIBUTES,AWBT,AWBT_ATTRIBUTES,AWND,AWND_ATTRIBUTES,FMTM,FMTM_ATTRIBUTES,FRGB,FRGB_ATTRIBUTES,FRGT,FRGT_ATTRIBUTES,FRTH,FRTH_ATTRIBUTES,GAHT,GAHT_ATTRIBUTES,PGTM,PGTM_ATTRIBUTES,PRCP,PRCP_ATTRIBUTES,PSUN,PSUN_ATTRIBUTES,RHAV,RHAV_ATTRIBUTES,RHMN,RHMN_ATTRIBUTES,RHMX,RHMX_ATTRIBUTES,SNOW,SNOW_ATTRIBUTES,SNWD,SNWD_ATTRIBUTES,TAVG,TAVG_ATTRIBUTES,THIC,THIC_ATTRIBUTES,TMAX,TMAX_ATTRIBUTES,TMIN,TMIN_ATTRIBUTES,TSUN,TSUN_ATTRIBUTES,WDF1,WDF1_ATTRIBUTES,WDF2,WDF2_ATTRIBUTES,WDF5,WDF5_ATTRIBUTES,WDFG,WDFG_ATTRIBUTES,WDFM,WDFM_ATTRIBUTES,WESD,WESD_ATTRIBUTES,WSF1,WSF1_ATTRIBUTES,WSF2,WSF2_ATTRIBUTES,WSF5,WSF5_ATTRIBUTES,WSFG,WSFG_ATTRIBUTES,WSFM,WSFM_ATTRIBUTES,WT01,WT01_ATTRIBUTES,WT02,WT02_ATTRIBUTES,WT03,WT03_ATTRIBUTES,WT04,WT04_ATTRIBUTES,WT05,WT05_ATTRIBUTES,WT06,WT06_ATTRIBUTES,WT07,WT07_ATTRIBUTES,WT08,WT08_ATTRIBUTES,WT09,WT09_ATTRIBUTES,WT10,WT10_ATTRIBUTES,WT11,WT11_ATTRIBUTES,WT13,WT13_ATTRIBUTES,WT14,WT14_ATTRIBUTES,WT15,WT15_ATTRIBUTES,WT16,WT16_ATTRIBUTES,WT17,WT17_ATTRIBUTES,WT18,WT18_ATTRIBUTES,WT19,WT19_ATTRIBUTES,WT21,WT21_ATTRIBUTES,WT22,WT22_ATTRIBUTES,WV03,WV03_ATTRIBUTES
USW00014836,"LANSING CAPITAL CITY AIRPORT, MI US",42.77609,-84.59972,261.2,1/1/2022,,,,,27,",,W",29.84,",,W",28.85,",,W",28,",,W",11.41,",,W",,,,,,,,,,,,,0.19,",,W,2400",,,88,",,W",78,",,W",93,",,W",1.8,",,W,2400",0,",,W,2400",33,"H,,S",,,36,",,W",19,",,W",,,,,20,",,W",10,",,W",,,,,,,,,19.9,",,W",32,",,W",,,,,1,",,W",1,",,W",,,,,,,,,,,1,",,W",,,,,,,,,,,,,,,,,,,,,,,,,,
USW00014836,"LANSING CAPITAL CITY AIRPORT, MI US",42.77609,-84.59972,261.2,1/2/2022,,,,,8,",,W",30.13,",,W",29.1,",,W",15,",,W",6.93,",,W",,,,,,,,,,,,,0.09,",,W,2400",,,70,",,W",50,",,W",84,",,W",2.6,",,W,2400",5.1,",,W,2400",20,"H,,S",,,22,",,W",7,",,W",,,,,350,",,W",20,",,W",,,,,,,,,15,",,W",21,",,W",,,,,1,",,W",,,,,,,,,,,,,1,",,W",,,,,,,,,,,,,,,,,,,,,,,,,,
USW00014836,"LANSING CAPITAL CITY AIRPORT, MI US",42.77609,-84.59972,261.2,1/3/2022,,,,,9,",,W",30.32,",,W",29.33,",,W",16,",,W",7.16,",,W",,,,,,,,,,,,,0,",,W,2400",,,68,",,W",54,",,W",88,",,W",0,",,W,2400",3.9,",,W,2400",15,"H,,S",,,28,",,W",6,",,W",,,,,230,",,W",240,",,W",,,,,,,,,17,",,W",25.1,",,W",,,,,1,",,W",,,,,,,,,,,,,1,",,W",,,,,,,,,,,,,,,,,,,,,,,,,,
USW00014836,"LANSING CAPITAL CITY AIRPORT, MI US",42.77609,-84.59972,261.2,1/4/2022,,,,,18,",,W",30.04,",,W",29.13,",,W",25,",,W",11.86,",,W",,,,,,,,,,,,,0,",,W,2400",,,65,",,W",52,",,W",75,",,W",0,",,W,2400",3.9,",,W,2400",25,"H,,S",,,36,",,W",20,",,W",,,,,170,",,W",150,",,W",,,,,,,,,17,",,W",25.9,",,W",,,,,,,,,,,,,,,,,,,,,,,,,,,,,,,,,,,,,,,,,,,,,,
USW00014836,"LANSING CAPITAL CITY AIRPORT, MI US",42.77609,-84.59972,261.2,1/5/2022,,,,,18,",,W",29.61,",,W",28.64,",,W",23,",,W",18.12,",,W",,,,,,,,,,,,,0.05,",,W,2400",,,73,",,W",62,",,W",82,",,W",1,",,W,2400",3.1,",,W,2400",31,"H,,S",,,36,",,W",15,",,W",,,,,240,",,W",250,",,W",,,,,,,,,31.1,",,W",42.9,",,W",,,,,,,,,,,,,,,1,",,W",,,1,",,W",,,,,,,,,,,,,,,,,,,,,,,,,,
USW00014836,"LANSING CAPITAL CITY AIRPORT, MI US",42.77609,-84.59972,261.2,1/6/2022,,,,,13,",,W",29.94,",,W",28.95,",,W",17,",,W",12.75,",,W",,,,,,,,,,,,,0.04,",,W,2400",,,77,",,W",68,",,W",84,",,W",1,",,W,2400",3.9,",,W,2400",19,"H,,S",,,22,",,W",11,",,W",,,,,220,",,W",240,",,W",,,,,,,,,21.9,",,W",31.1,",,W",,,,,,,,,,,,,,,,,,,1,",,W",,,,,,,,,,,,,,,,,,,,,,,,,,
USW00014836,"LANSING CAPITAL CITY AIRPORT, MI US",42.77609,-84.59972,261.2,1/7/2022,,,,,4,",,W",30.25,",,W",29.21,",,W",10,",,W",4.47,",,W",,,,,,,,,,,,,0,",,W,2400",,,72,",,W",50,",,W",84,",,W",0,"T,,W,2400",3.9,",,W,2400",13,"H,,S",,,21,",,W",3,",,W",,,,,290,",,W",300,",,W",,,,,,,,,12.1,",,W",15,",,W",,,,,1,",,W",,,,,,,,,,,,,1,",,W",,,,,,,,,,,,,,,,,,,,,,,,,,
USW00014836,"LANSING CAPITAL CITY AIRPORT, MI US",42.77609,-84.59972,261.2,1/8/2022,,,,,13,",,W",30.25,",,W",29.29,",,W",20,",,W",12.08,",,W",,,,,,,,,,,,,0.01,",,W,2400",,,67,",,W",51,",,W",89,",,W",0,",,W,2400",3.9,",,W,2400",17,"H,,S",,,34,",,W",8,",,W",,,,,160,",,W",170,",,W",,,,,,,,,23.9,",,W",31.1,",,W",,,,,1,",,W",,,,,,,,,,,,,1,",,W",,,,,,,,,,,,,,,,,,,,,,,,,,
USW00014836,"LANSING CAPITAL CITY AIRPORT, MI US",42.77609,-84.59972,261.2,1/9/2022,,,,,19,",,W",30.15,",,W",29.14,",,W",24,",,W",15.21,",,W",,,,,,,,,,,,,0,",,W,2400",,,71,",,W",54,",,W",89,",,W",0,",,W,2400",3.9,",,W,2400",31,"H,,S",,,36,",,W",13,",,W",,,,,290,",,W",290,",,W",,,,,,,,,30,",,W",42.9,",,W",,,,,1,",,W",,,,,,,,,,,,,1,",,W",,,,,,,,,,,,,,,,,,,,,,,,,,
USW00014836,"LANSING CAPITAL CITY AIRPORT, MI US",42.77609,-84.59972,261.2,1/10/2022,,,,,3,",,W",30.43,",,W",29.41,",,W",11,",,W",14.54,",,W",,,,,,,,,,,,,0,"T,,W,2400",,,63,",,W",58,",,W",71,",,W",0,"T,,W,2400",3.1,",,W,2400",15,"H,,S",,,17,",,W",6,",,W",,,,,260,",,W",260,",,W",,,,,,,,,29.1,",,W",35.1,",,W",,,,,,,,,,,,,,,,,,,1,",,W",,,,,,,,,,,,,,,,,,,,,,,,,,
USW00014836,"LANSING CAPITAL CITY AIRPORT, MI US",42.77609,-84.59972,261.2,1/11/2022,,,,,6,",,W",30.33,",,W",29.39,",,W",15,",,W",13.42,",,W",,,,,,,,,,,,,0,",,W,2400",,,62,",,W",53,",,W",73,",,W",0,",,W,2400",2,",,W,2400",13,"H,,S",,,31,",,W",4,",,W",,,,,190,",,W",190,",,W",,,,,,,,,29.1,",,W",42.1,",,W",,,,,,,,,,,,,,,,,,,,,,,,,,,,,,,,,,,,,,,,,,,,,,
USW00014836,"LANSING CAPITAL CITY AIRPORT, MI US",42.77609,-84.59972,261.2,1/12/2022,,,,,28,",,W",29.96,",,W",28.99,",,W",33,",,W",9.4,",,W",,,,,,,,,,,,,0.01,",,W,2400",,,76,",,W",64,",,W",82,",,W",0,"T,,W,2400",2,",,W,2400",34,"H,,S",,,39,",,W",30,",,W",,,,,230,",,W",250,",,W",,,,,,,,,23,",,W",33.1,",,W",,,,,,,,,,,,,,,,,,,1,",,W",,,,,,,,,,,,,,,,,,,,,,,,,,
USW00014836,"LANSING CAPITAL CITY AIRPORT, MI US",42.77609,-84.59972,261.2,1/13/2022,,,,,28,",,W",29.96,",,W",28.99,",,W",30,",,W",4.25,",,W",,,,,,,,,,,,,0,",,W,2400",,,85,",,W",78,",,W",92,",,W",0,",,W,2400",1.2,",,W,2400",33,"H,,S",,,36,",,W",29,",,W",,,,,330,",,W",30,",,W",,,,,,,,,10.1,",,W",14.1,",,W",,,,,1,",,W",,,,,,,,,,,,,1,",,W",,,,,,,,,,,,,,,,,,,,,,,,,,
USW00014836,"LANSING CAPITAL CITY AIRPORT, MI US",42.77609,-84.59972,261.2,1/14/2022,,,,,16,",,W",30.25,",,W",29.23,",,W",21,",,W",11.41,",,W",,,,,,,,,,,,,0,"T,,W,2400",,,75,",,W",65,",,W",85,",,W",0,"T,,W,2400",0,"T,,W,2400",26,"H,,S",,,32,",,W",13,",,W",,,,,60,",,W",60,",,W",,,,,,,,,21,",,W",30,",,W",,,,,1,",,W",,,,,,,,,,,,,1,",,W",,,,,,,,,,,,,,,,,,,,,,,,,,
USW00014836,"LANSING CAPITAL CITY AIRPORT, MI US",42.77609,-84.59972,261.2,1/15/2022,,,,,4,",,W",30.43,",,W",29.44,",,W",12,",,W",8.72,",,W",,,,,,,,,,,,,0,",,W,2400",,,66,",,W",51,",,W",80,",,W",0,",,W,2400",0,"T,,W,2400",15,"H,,S",,,20,",,W",8,",,W",,,,,40,",,W",30,",,W",,,,,,,,,17,",,W",21.9,",,W",,,,,,,,,,,,,,,,,,,1,",,W",,,,,,,,,,,,,,,,,,,,,,,,,,
USW00014836,"LANSING CAPITAL CITY AIRPORT, MI US",42.77609,-84.59972,261.2,1/16/2022,,,,,7,",,W",30,",,W",29.02,",,W",14,",,W",3.13,",,W",,,,,,,,,,,,,0,",,W,2400",,,67,",,W",45,",,W",76,",,W",0,",,W,2400",0,"T,,W,2400",14,"H,,S",,,32,",,W",4,",,W",,,,,340,",,W",360,",,W",,,,,,,,,8.9,",,W",12.1,",,W",,,,,,,,,,,,,,,,,,,,,,,,,,,,,,,,,,,,,,,,,,,,,,
USW00014836,"LANSING CAPITAL CITY AIRPORT, MI US",42.77609,-84.59972,261.2,1/17/2022,,,,,18,",,W",29.71,",,W",28.72,",,W",23,",,W",10.96,",,W",,,,,,,,,,,,,0,"T,,W,2400",,,73,",,W",60,",,W",82,",,W",0,"T,,W,2400",0,"T,,W,2400",24,"H,,S",,,31,",,W",19,",,W",,,,,320,",,W",290,",,W",,,,,,,,,19.9,",,W",29.1,",,W",,,,,,,,,,,,,,,,,,,1,",,W",,,,,,,,,,,,,,,,,,,,,,,,,,
USW00014836,"LANSING CAPITAL CITY AIRPORT, MI US",42.77609,-84.59972,261.2,1/18/2022,,,,,22,",,W",29.9,",,W",28.95,",,W",29,",,W",11.63,",,W",,,,,,,,,,,,,0,",,W,2400",,,67,",,W",59,",,W",75,",,W",0,"T,,W,2400",0,"T,,W,2400",30,"H,,S",,,40,",,W",28,",,W",,,,,210,",,W",210,",,W",,,,,,,,,23,",,W",35.1,",,W",,,,,,,,,,,,,,,,,,,1,",,W",,,,,,,,,,,,,,,,,,,,,,,,,,
USW00014836,"LANSING CAPITAL CITY AIRPORT, MI US",42.77609,-84.59972,261.2,1/19/2022,,,,,19,",,W",29.94,",,W",28.92,",,W",27,",,W",16.55,",,W",,,,,,,,,,,,,0,"T,,W,2400",,,64,",,W",51,",,W",70,",,W",0,"T,,W,2400",0,"T,,W,2400",34,"H,,S",,,42,",,W",19,",,W",,,,,270,",,W",200,",,W",,,,,,,,,28,",,W",42.9,",,W",,,,,,,,,,,,,,,,,,,,,,,,,,,,,,,,,,,,,,,,,,,,,,
USW00014836,"LANSING CAPITAL CITY AIRPORT, MI US",42.77609,-84.59972,261.2,1/20/2022,,,,,3,",,W",30.5,",,W",29.47,",,W",15,",,W",6.93,",,W",,,,,,,,,,,,,0,"T,,W,2400",,,52,",,W",43,",,W",59,",,W",0,"T,,W,2400",0,"T,,W,2400",19,"H,,S",,,20,",,W",17,",,W",,,,,330,",,W",340,",,W",,,,,,,,,14.1,",,W",21,",,W",,,,,,,,,,,,,,,,,,,,,,,,,,,,,,,,,,,,,,,,,,,,,,
USW00014836,"LANSING CAPITAL CITY AIRPORT, MI US",42.77609,-84.59972,261.2,1/21/2022,,,,,6,",,W",30.57,",,W",29.59,",,W",15,",,W",4.47,",,W",,,,,,,,,,,,,0,"T,,W,2400",,,57,",,W",46,",,W",68,",,W",0,"T,,W,2400",1.2,",,W,2400",19,"H,,S",,,23,",,W",16,",,W",,,,,180,",,W",170,",,W",,,,,,,,,14.1,",,W",17,",,W",,,,,,,,,,,,,,,,,,,,,,,,,,,,,,,,,,,,,,,,,,,,,,
USW00014836,"LANSING CAPITAL CITY AIRPORT, MI US",42.77609,-84.59972,261.2,1/22/2022,,,,,13,",,W",30.16,",,W",29.22,",,W",19,",,W",12.3,",,W",,,,,,,,,,,,,0.01,",,W,2400",,,71,",,W",62,",,W",85,",,W",0.3,",,W,2400",1.2,",,W,2400",20,"H,,S",,,26,",,W",16,",,W",,,,,230,",,W",230,",,W",,,,,,,,,23.9,",,W",33.1,",,W",,,,,1,",,W",,,,,,,,,,,,,1,",,W",,,,,,,,,,,,,,,,,,,,,,,,,,
USW00014836,"LANSING CAPITAL CITY AIRPORT, MI US",42.77609,-84.59972,261.2,1/23/2022,,,,,9,",,W",29.94,",,W",28.97,",,W",16,",,W",7.16,",,W",,,,,,,,,,,,,0.09,",,W,2400",,,67,",,W",51,",,W",82,",,W",1.8,",,W,2400",2,",,W,2400",20,"H,,S",,,23,",,W",13,",,W",,,,,40,",,W",10,",,W",,,,,,,,,15,",,W",21,",,W",,,,,1,",,W",,,,,,,,,,,,,1,",,W",,,,,,,,,,,,,,,,,,,,,,,,,,
USW00014836,"LANSING CAPITAL CITY AIRPORT, MI US",42.77609,-84.59972,261.2,1/24/2022,,,,,13,",,W",29.76,",,W",28.78,",,W",18,",,W",8.5,",,W",,,,,,,,,,,,,0.12,",,W,2400",,,74,",,W",62,",,W",81,",,W",1.9,",,W,2400",2,",,W,2400",18,"H,,S",,,26,",,W",16,",,W",,,,,180,",,W",170,",,W",,,,,,,,,14.1,",,W",19.9,",,W",,,,,1,",,W",,,,,,,,,,,,,1,",,W",,,,,,,,,,,,,,,,,,,,,,,,,,
USW00014836,"LANSING CAPITAL CITY AIRPORT, MI US",42.77609,-84.59972,261.2,1/25/2022,,,,,7,",,W",30.17,",,W",29.13,",,W",14,",,W",6.93,",,W",,,,,,,,,,,,,0,"T,,W,2400",,,68,",,W",50,",,W",84,",,W",0,"T,,W,2400",3.9,",,W,2400",18,"H,,S",,,22,",,W",11,",,W",,,,,270,",,W",280,",,W",,,,,,,,,15,",,W",21,",,W",,,,,1,",,W",,,,,,,,,,,,,1,",,W",,,,,,,,,,,,,,,,,,,,,,,,,,
USW00014836,"LANSING CAPITAL CITY AIRPORT, MI US",42.77609,-84.59972,261.2,1/26/2022,,,,,1,",,W",30.39,",,W",29.39,",,W",9,",,W",8.05,",,W",,,,,,,,,,,,,0,",,W,2400",,,64,",,W",49,",,W",84,",,W",0,",,W,2400",3.9,",,W,2400",13,"H,,S",,,20,",,W",2,",,W",,,,,200,",,W",190,",,W",,,,,,,,,17,",,W",23,",,W",,,,,,,,,,,,,,,,,,,,,,,,,,,,,,,,,,,,,,,,,,,,,,
USW00014836,"LANSING CAPITAL CITY AIRPORT, MI US",42.77609,-84.59972,261.2,1/27/2022,,,,,10,",,W",30.13,",,W",29.15,",,W",19,",,W",12.97,",,W",,,,,,,,,,,,,0.02,",,W,2400",,,61,",,W",50,",,W",85,",,W",0.6,",,W,2400",3.9,",,W,2400",18,"H,,S",,,30,",,W",8,",,W",,,,,220,",,W",220,",,W",,,,,,,,,23.9,",,W",31.1,",,W",,,,,1,",,W",,,,,,,,,,,,,1,",,W",,,,,,,,,,,,,,,,,,,,,,,,,,
USW00014836,"LANSING CAPITAL CITY AIRPORT, MI US",42.77609,-84.59972,261.2,1/28/2022,,,,,1,",,W",30.32,",,W",29.32,",,W",10,",,W",6.04,",,W",,,,,,,,,,,,,0,",,W,2400",,,63,",,W",52,",,W",76,",,W",0,",,W,2400",3.9,",,W,2400",17,"H,,S",,,21,",,W",1,",,W",,,,,350,",,W",10,",,W",,,,,,,,,16.1,",,W",23,",,W",,,,,,,,,,,,,,,,,,,,,,,,,,,,,,,,,,,,,,,,,,,,,,
USW00014836,"LANSING CAPITAL CITY AIRPORT, MI US",42.77609,-84.59972,261.2,1/29/2022,,,,,3,",,W",30.18,",,W",29.18,",,W",11,",,W",6.26,",,W",,,,,,,,,,,,,0.01,",,W,2400",,,61,",,W",43,",,W",74,",,W",0.1,",,W,2400",3.1,",,W,2400",11,"H,,S",,,23,",,W",0,",,W",,,,,210,",,W",210,",,W",,,,,,,,,15,",,W",19,",,W",,,,,,,,,,,,,,,,,,,1,",,W",,,,,,,,,,,,,,,,,,,,,,,,,,
USW00014836,"LANSING CAPITAL CITY AIRPORT, MI US",42.77609,-84.59972,261.2,1/30/2022,,,,,13,",,W",30,",,W",29.02,",,W",19,",,W",3.36,",,W",,,,,,,,,,,,,0.01,",,W,2400",,,68,",,W",53,",,W",78,",,W",0.1,",,W,2400",3.1,",,W,2400",20,"H,,S",,,30,",,W",16,",,W",,,,,210,",,W",220,",,W",,,,,,,,,10.1,",,W",14.1,",,W",,,,,,,,,,,,,,,,,,,1,",,W",,,,,,,,,,,,,,,,,,,,,,,,,,
USW00014836,"LANSING CAPITAL CITY AIRPORT, MI US",42.77609,-84.59972,261.2,1/31/2022,,,,,15,",,W",30.19,",,W",29.21,",,W",23,",,W",6.04,",,W",,,,,,,,,,,,,0,",,W,2400",,,64,",,W",52,",,W",75,",,W",0,",,W,2400",3.1,",,W,2400",26,"H,,S",,,32,",,W",20,",,W",,,,,160,",,W",150,",,W",,,,,,,,,16.1,",,W",21,",,W",,,,,,,,,,,,,,,,,,,1,",,W",,,,,,,,,,,,,,,,,,,,,,,,,,
USW00014836,"LANSING CAPITAL CITY AIRPORT, MI US",42.77609,-84.59972,261.2,2/1/2022,,,,,27,",,W",30.02,",,W",29.07,",,W",34,",,W",13.65,",,W",,,,,,,,,,,,,0.16,",,W,2400",,,65,",,W",49,",,W",86,",,W",0,",,W,2400",3.1,",,W,2400",34,"H,,S",,,50,",,W",25,",,W",,,,,200,",,W",210,",,W",,,,,,,,,23,",,W",32,",,W",,,,,1,",,W",,,,,,,,,,,,,1,",,W",,,,,,,,,,,,,,,,,,,,,,,,,,
USW00014836,"LANSING CAPITAL CITY AIRPORT, MI US",42.77609,-84.59972,261.2,2/2/2022,,,,,25,",,W",30.19,",,W",29.18,",,W",28,",,W",8.95,",,W",,,,,,,,,,,,,1.25,",,W,2400",,,83,",,W",71,",,W",89,",,W",13.3,",,W,2400",2,",,W,2400",34,"H,,S",,,41,",,W",21,",,W",,,,,350,",,W",350,",,W",,,,,,,,,17,",,W",23.9,",,W",,,,,1,",,W",1,",,W",,,,,,,,,,,1,",,W",,,,,,,,,,,,,,,,,,,,,,,,,,
USW00014836,"LANSING CAPITAL CITY AIRPORT, MI US",42.77609,-84.59972,261.2,2/3/2022,,,,,7,",,W",30.44,",,W",29.43,",,W",15,",,W",12.3,",,W",,,,,,,,,,,,,0,"T,,W,2400",,,64,",,W",56,",,W",71,",,W",0,"T,,W,2400",11.8,",,W,2400",20,"H,,S",,,21,",,W",10,",,W",,,,,40,",,W",20,",,W",,,,,,,,,23.9,",,W",32,",,W",,,,,,,,,,,,,,,,,,,1,",,W",,,,,,,,,,,,,,,,,,,,,,,,,,
USW00014836,"LANSING CAPITAL CITY AIRPORT, MI US",42.77609,-84.59972,261.2,2/4/2022,,,,,2,",,W",30.35,",,W",29.36,",,W",9,",,W",4.03,",,W",,,,,,,,,,,,,0.01,",,W,2400",,,66,",,W",59,",,W",80,",,W",0,"T,,W,2400",11,",,W,2400",11,"H,,S",,,21,",,W",2,",,W",,,,,360,",,W",20,",,W",,,,,,,,,8.9,",,W",16.1,",,W",,,,,1,",,W",,,,,,,,,,,,,1,",,W",,,,,,,,,,,,,,,,,,,,,,,,,,
USW00014836,"LANSING CAPITAL CITY AIRPORT, MI US",42.77609,-84.59972,261.2,2/5/2022,,,,,8,",,W",30.39,",,W",29.39,",,W",14,",,W",7.38,",,W",,,,,,,,,,,,,0.01,",,W,2400",,,72,",,W",55,",,W",87,",,W",0.4,",,W,2400",9.8,",,W,2400",15,"H,,S",,,23,",,W",3,",,W",,,,,180,",,W",170,",,W",,,,,,,,,21,",,W",31.1,",,W",,,,,1,",,W",,,,,,,,,,,,,1,",,W",,,,,,,,,,,,,,,,,,,,,,,,,,
USW00014836,"LANSING CAPITAL CITY AIRPORT, MI US",42.77609,-84.59972,261.2,2/6/2022,,,,,13,",,W",30.19,",,W",29.21,",,W",21,",,W",12.97,",,W",,,,,,,,,,,,,0,",,W,2400",,,60,",,W",54,",,W",68,",,W",0,",,W,2400",9.8,",,W,2400",22,"H,,S",,,34,",,W",17,",,W",,,,,190,",,W",200,",,W",,,,,,,,,21,",,W",30,",,W",,,,,,,,,,,,,,,,,,,,,,,,,,,,,,,,,,,,,,,,,,,,,,
USW00014836,"LANSING CAPITAL CITY AIRPORT, MI US",42.77609,-84.59972,261.2,2/7/2022,,,,,20,",,W",30.09,",,W",29.12,",,W",25,",,W",11.18,",,W",,,,,,,,,,,,,0,"T,,W,2400",,,75,",,W",63,",,W",88,",,W",0,"T,,W,2400",7.9,",,W,2400",28,"H,,S",,,32,",,W",24,",,W",,,,,260,",,W",270,",,W",,,,,,,,,21.9,",,W",27.1,",,W",,,,,1,",,W",,,,,,,,,,,,,1,",,W",,,,,,,,,,,,,,,,,,,,,,,,,,
USW00014836,"LANSING CAPITAL CITY AIRPORT, MI US",42.77609,-84.59972,261.2,2/8/2022,,,,,16,",,W",30,",,W",29.07,",,W",22,",,W",10.51,",,W",,,,,,,,,,,,,0,"T,,W,2400",,,69,",,W",52,",,W",82,",,W",0,"T,,W,2400",7.9,",,W,2400",25,"H,,S",,,32,",,W",21,",,W",,,,,170,",,W",160,",,W",,,,,,,,,19.9,",,W",25.1,",,W",,,,,,,,,,,,,,,,,,,1,",,W",,,,,,,,,,,,,,,,,,,,,,,,,,
USW00014836,"LANSING CAPITAL CITY AIRPORT, MI US",42.77609,-84.59972,261.2,2/9/2022,,,,,28,",,W",29.69,",,W",28.74,",,W",33,",,W",12.97,",,W",,,,,,,,,,,,,0,"T,,W,2400",,,71,",,W",60,",,W",85,",,W",0,"T,,W,2400",7.1,",,W,2400",34,"H,,S",,,41,",,W",28,",,W",,,,,230,",,W",230,",,W",,,,,,,,,21,",,W",27.1,",,W",,,,,1,",,W",,,,,,,,,,,,,1,",,W",,,,,,,,,,,,,,,,,,,,,,,,,,
USW00014836,"LANSING CAPITAL CITY AIRPORT, MI US",42.77609,-84.59972,261.2,2/10/2022,,,,,23,",,W",29.83,",,W",28.86,",,W",28,",,W",12.53,",,W",,,,,,,,,,,,,0.02,",,W,2400",,,73,",,W",63,",,W",89,",,W",0.2,",,W,2400",5.9,",,W,2400",33,"H,,S",,,35,",,W",27,",,W",,,,,210,",,W",210,",,W",,,,,,,,,23,",,W",31.1,",,W",,,,,1,",,W",,,,,,,,,,,,,1,",,W",,,,,,,,,,,,,,,,,,,,,,,,,,
USW00014836,"LANSING CAPITAL CITY AIRPORT, MI US",42.77609,-84.59972,261.2,2/11/2022,,,,,31,",,W",29.59,",,W",28.64,",,W",34,",,W",14.99,",,W",,,,,,,,,,,,,0.17,",,W,2400",,,85,",,W",72,",,W",89,",,W",1.7,",,W,2400",7.1,",,W,2400",33,"H,,S",,,39,",,W",27,",,W",,,,,210,",,W",210,",,W",,,,,,,,,30,",,W",40,",,W",,,,,1,",,W",,,,,,,,,,,,,1,",,W",,,,,,,,,,,,,,,,,,,,,,,,,,
USW00014836,"LANSING CAPITAL CITY AIRPORT, MI US",42.77609,-84.59972,261.2,2/12/2022,,,,,8,",,W",30.19,",,W",29.16,",,W",17,",,W",9.62,",,W",,,,,,,,,,,,,0.01,",,W,2400",,,61,",,W",54,",,W",75,",,W",0.1,",,W,2400",5.9,",,W,2400",24,"H,,S",,,30,",,W",17,",,W",,,,,300,",,W",300,",,W",,,,,,,,,23,",,W",31.1,",,W",,,,,1,",,W",,,,,,,,,,,,,1,",,W",,,,,,,,,,,,,,,,,,,,,,,,,,
USW00014836,"LANSING CAPITAL CITY AIRPORT, MI US",42.77609,-84.59972,261.2,2/13/2022,,,,,7,",,W",30.27,",,W",29.28,",,W",11,",,W",3.8,",,W",,,,,,,,,,,,,0.09,",,W,2400",,,76,",,W",67,",,W",87,",,W",2.6,",,W,2400",5.9,",,W,2400",16,"H,,S",,,19,",,W",1,",,W",,,,,40,",,W",30,",,W",,,,,,,,,13,",,W",16.1,",,W",,,,,1,",,W",,,,,,,,,,,,,1,",,W",,,,,,,,,,,,,,,,,,,,,,,,,,
USW00014836,"LANSING CAPITAL CITY AIRPORT, MI US",42.77609,-84.59972,261.2,2/14/2022,,,,,2,",,W",30.34,",,W",29.32,",,W",11,",,W",6.04,",,W",,,,,,,,,,,,,0,"T,,W,2400",,,62,",,W",46,",,W",79,",,W",0,"T,,W,2400",7.9,",,W,2400",10,"H,,S",,,22,",,W",-3,",,W",,,,,250,",,W",230,",,W",,,,,,,,,17,",,W",19.9,",,W",,,,,,,,,,,,,,,,,,,1,",,W",,,,,,,,,,,,,,,,,,,,,,,,,,
USW00014836,"LANSING CAPITAL CITY AIRPORT, MI US",42.77609,-84.59972,261.2,2/15/2022,,,,,12,",,W",30.44,",,W",29.47,",,W",20,",,W",9.4,",,W",,,,,,,,,,,,,0,",,W,2400",,,64,",,W",51,",,W",74,",,W",0,"T,,W,2400",7.1,",,W,2400",22,"H,,S",,,29,",,W",18,",,W",,,,,150,",,W",150,",,W",,,,,,,,,19.9,",,W",31.1,",,W",,,,,,,,,,,,,,,,,,,1,",,W",,,,,,,,,,,,,,,,,,,,,,,,,,
USW00014836,"LANSING CAPITAL CITY AIRPORT, MI US",42.77609,-84.59972,261.2,2/16/2022,,,,,32,",,W",29.92,",,W",29,",,W",39,",,W",17.67,",,W",,,,,,,,,,,,,0.28,",,W,2400",,,64,",,W",52,",,W",86,",,W",0,",,W,2400",0,",,W,2400",38,"H,,S",,,50,",,W",27,",,W",,,,,210,",,W",200,",,W",,,,,,,,,28,",,W",38.9,",,W",,,,,1,",,W",,,,,,,,,,,,,,,,,,,,,,,,,,,,,,,,,,,,,,,,
USW00014836,"LANSING CAPITAL CITY AIRPORT, MI US",42.77609,-84.59972,261.2,2/17/2022,,,,,27,",,W",29.87,",,W",28.9,",,W",30,",,W",11.41,",,W",,,,,,,,,,,,,0.79,",,W,2400",,,83,",,W",72,",,W",93,",,W",4.3,",,W,2400",2,",,W,2400",38,"H,,S",,,46,",,W",20,",,W",,,,,350,",,W",10,",,W",,,,,,,,,19.9,",,W",27.1,",,W",,,,,1,",,W",,,,,,,,,,,,,1,",,W",,,,,,,,,,,,,,,,,,,,,,,,,,
USW00014836,"LANSING CAPITAL CITY AIRPORT, MI US",42.77609,-84.59972,261.2,2/18/2022,,,,,8,",,W",30.01,",,W",29.05,",,W",17,",,W",15.66,",,W",,,,,,,,,,,,,0,"T,,W,2400",,,58,",,W",48,",,W",72,",,W",0.5,",,W,2400",5.1,",,W,2400",20,"H,,S",,,29,",,W",13,",,W",,,,,220,",,W",210,",,W",,,,,,,,,32,",,W",45,",,W",,,,,,,,,,,,,,,,,,,1,",,W",,,,,,,,,,,,,,,,,,,,,,,,,,
USW00014836,"LANSING CAPITAL CITY AIRPORT, MI US",42.77609,-84.59972,261.2,2/19/2022,,,,,6,",,W",30.2,",,W",29.04,",,W",14,",,W",16.78,",,W",,,,,,,,,,,,,0.07,",,W,2400",,,62,",,W",51,",,W",88,",,W",1,",,W,2400",5.1,",,W,2400",20,"H,,S",,,29,",,W",10,",,W",,,,,280,",,W",270,",,W",,,,,,,,,36.9,",,W",55,",,W",,,,,1,",,W",1,",,W",,,,,,,,,,,1,",,W",,,,,,,,,,,,,,,,,,,,,,,,,,
USW00014836,"LANSING CAPITAL CITY AIRPORT, MI US",42.77609,-84.59972,261.2,2/20/2022,,,,,18,",,W",29.99,",,W",29.05,",,W",28,",,W",17,",,W",,,,,,,,,,,,,0,",,W,2400",,,53,",,W",44,",,W",73,",,W",0,",,W,2400",5.1,",,W,2400",26,"H,,S",,,48,",,W",13,",,W",,,,,210,",,W",200,",,W",,,,,,,,,32,",,W",45,",,W",,,,,,,,,,,,,,,,,,,,,,,,,,,,,,,,,,,,,,,,,,,,,,
USW00014836,"LANSING CAPITAL CITY AIRPORT, MI US",42.77609,-84.59972,261.2,2/21/2022,,,,,30,",,W",30.06,",,W",29.1,",,W",34,",,W",9.62,",,W",,,,,,,,,,,,,0,",,W,2400",,,79,",,W",65,",,W",89,",,W",0,",,W,2400",0,"T,,W,2400",38,"H,,S",,,45,",,W",29,",,W",,,,,90,",,W",90,",,W",,,,,,,,,16.1,",,W",19.9,",,W",,,,,,,,,,,,,,,,,,,,,,,,,,,,,,,,,,,,,,,,,,,,,,
USW00014836,"LANSING CAPITAL CITY AIRPORT, MI US",42.77609,-84.59972,261.2,2/22/2022,,,,,35,",,W",29.79,",,W",28.84,",,W",37,",,W",7.83,",,W",,,,,,,,,,,,,0.66,",,W,2400",,,88,",,W",78,",,W",93,",,W",0,",,W,2400",0,",,W,2400",38,"H,,S",,,48,",,W",29,",,W",,,,,260,",,W",260,",,W",,,,,,,,,30,",,W",40.9,",,W",,,,,1,",,W",,,,,,,,,,,,,,,,,,,,,,,,,,,,,,,,,,,,,,,,
USW00014836,"LANSING CAPITAL CITY AIRPORT, MI US",42.77609,-84.59972,261.2,2/23/2022,,,,,13,",,W",30.37,",,W",29.34,",,W",20,",,W",12.3,",,W",,,,,,,,,,,,,0,"T,,W,2400",,,65,",,W",55,",,W",78,",,W",0,"T,,W,2400",0,"T,,W,2400",27,"H,,S",,,29,",,W",17,",,W",,,,,270,",,W",260,",,W",,,,,,,,,30,",,W",38.9,",,W",,,,,,,,,,,,,,,,,,,1,",,W",,,,,,,,,,,,,,,,,,,,,,,,,,
USW00014836,"LANSING CAPITAL CITY AIRPORT, MI US",42.77609,-84.59972,261.2,2/24/2022,,,,,12,",,W",30.42,",,W",29.47,",,W",19,",,W",11.18,",,W",,,,,,,,,,,,,0.02,",,W,2400",,,66,",,W",55,",,W",85,",,W",0.8,",,W,2400",0,",,W,2400",21,"H,,S",,,28,",,W",16,",,W",,,,,60,",,W",60,",,W",,,,,,,,,23,",,W",29.1,",,W",,,,,1,",,W",,,,,,,,,,,,,1,",,W",,,,,,,,,,,,,,,,,,,,,,,,,,
USW00014836,"LANSING CAPITAL CITY AIRPORT, MI US",42.77609,-84.59972,261.2,2/25/2022,,,,,14,",,W",30.34,",,W",29.32,",,W",20,",,W",7.83,",,W",,,,,,,,,,,,,0.17,",,W,2400",,,71,",,W",51,",,W",85,",,W",2.2,",,W,2400",3.1,",,W,2400",22,"H,,S",,,27,",,W",17,",,W",,,,,330,",,W",340,",,W",,,,,,,,,16.1,",,W",21.9,",,W",,,,,1,",,W",,,,,,,,,,,,,1,",,W",,,,,,,,,,,,,,,,,,,,,,,,,,
USW00014836,"LANSING CAPITAL CITY AIRPORT, MI US",42.77609,-84.59972,261.2,2/26/2022,,,,,13,",,W",30.38,",,W",29.42,",,W",21,",,W",13.65,",,W",,,,,,,,,,,,,0,"T,,W,2400",,,62,",,W",47,",,W",82,",,W",0,"T,,W,2400",3.1,",,W,2400",24,"H,,S",,,31,",,W",17,",,W",,,,,250,",,W",240,",,W",,,,,,,,,25.1,",,W",32,",,W",,,,,,,,,,,,,,,,,,,,,,,,,,,,,,,,,,,,,,,,,,,,,,
USW00014836,"LANSING CAPITAL CITY AIRPORT, MI US",42.77609,-84.59972,261.2,2/27/2022,,,,,20,",,W",30.15,",,W",29.18,",,W",28,",,W",13.42,",,W",,,,,,,,,,,,,0,",,W,2400",,,61,",,W",40,",,W",78,",,W",0,",,W,2400",2,",,W,2400",31,"H,,S",,,38,",,W",26,",,W",,,,,230,",,W",250,",,W",,,,,,,,,21.9,",,W",30,",,W",,,,,,,,,,,,,,,,,,,,,,,,,,,,,,,,,,,,,,,,,,,,,,
USW00014836,"LANSING CAPITAL CITY AIRPORT, MI US",42.77609,-84.59972,261.2,2/28/2022,,,,,19,",,W",30.16,",,W",29.22,",,W",27,",,W",10.29,",,W",,,,,,,,,,,,,0,",,W,2400",,,63,",,W",49,",,W",73,",,W",0,",,W,2400",0,"T,,W,2400",29,"H,,S",,,38,",,W",20,",,W",,,,,160,",,W",180,",,W",,,,,,,,,21.9,",,W",32,",,W",,,,,,,,,,,,,,,,,,,,,,,,,,,,,,,,,,,,,,,,,,,,,,
USW00014836,"LANSING CAPITAL CITY AIRPORT, MI US",42.77609,-84.59972,261.2,3/1/2022,,,,,28,",,W",29.95,",,W",28.98,",,W",34,",,W",9.17,",,W",,,,,,,,,,,,,0,",,W,2400",,,66,",,W",51,",,W",79,",,W",0,",,W,2400",0,"T,,W,2400",39,"H,,S",,,47,",,W",29,",,W",,,,,290,",,W",290,",,W",,,,,,,,,17,",,W",23.9,",,W",,,,,,,,,,,,,,,,,,,,,,,,,,,,,,,,,,,,,,,,,,,,,,
USW00014836,"LANSING CAPITAL CITY AIRPORT, MI US",42.77609,-84.59972,261.2,3/2/2022,,,,,25,",,W",30.08,",,W",29.1,",,W",30,",,W",7.38,",,W",,,,,,,,,,,,,0.03,",,W,2400",,,73,",,W",53,",,W",89,",,W",0.2,",,W,2400",0,"T,,W,2400",33,"H,,S",,,44,",,W",22,",,W",,,,,350,",,W",360,",,W",,,,,,,,,19.9,",,W",25.9,",,W",,,,,1,",,W",,,,,,,,,,,,,1,",,W",,,,,,,,,,,,,,,,,,,,,,,,,,
USW00014836,"LANSING CAPITAL CITY AIRPORT, MI US",42.77609,-84.59972,261.2,3/3/2022,,,,,11,",,W",30.39,",,W",29.37,",,W",21,",,W",6.04,",,W",,,,,,,,,,,,,0,",,W,2400",,,57,",,W",42,",,W",68,",,W",0,",,W,2400",0,",,W,2400",27,"H,,S",,,32,",,W",17,",,W",,,,,10,",,W",10,",,W",,,,,,,,,16.1,",,W",25.1,",,W",,,,,,,,,,,,,,,,,,,,,,,,,,,,,,,,,,,,,,,,,,,,,,
USW00014836,"LANSING CAPITAL CITY AIRPORT, MI US",42.77609,-84.59972,261.2,3/4/2022,,,,,15,",,W",30.44,",,W",29.47,",,W",25,",,W",3.36,",,W",,,,,,,,,,,,,0,",,W,2400",,,56,",,W",25,",,W",88,",,W",0,",,W,2400",0,",,W,2400",27,"H,,S",,,42,",,W",16,",,W",,,,,250,",,W",250,",,W",,,,,,,,,12.1,",,W",15,",,W",,,,,,,,,,,,,,,,,,,,,,,,,,,,,,,,,,,,,,,,,,,,,,
USW00014836,"LANSING CAPITAL CITY AIRPORT, MI US",42.77609,-84.59972,261.2,3/5/2022,,,,,27,",,W",30.01,",,W",29.11,",,W",39,",,W",11.86,",,W",,,,,,,,,,,,,0,",,W,2400",,,47,",,W",32,",,W",61,",,W",0,",,W,2400",0,",,W,2400",42,"H,,S",,,62,",,W",32,",,W",,,,,200,",,W",210,",,W",,,,,,,,,25.1,",,W",36.9,",,W",,,,,,,,,,,,,,,,,,,,,,,,,,,,,,,,,,,,,,,,,,,,,,
USW00014836,"LANSING CAPITAL CITY AIRPORT, MI US",42.77609,-84.59972,261.2,3/6/2022,,,,,35,",,W",29.85,",,W",28.87,",,W",40,",,W",18.12,",,W",,,,,,,,,,,,,0.1,",,W,2400",,,72,",,W",64,",,W",80,",,W",0,",,W,2400",0,",,W,2400",49,"H,,S",,,62,",,W",35,",,W",,,,,260,",,W",240,",,W",,,,,,,,,40,",,W",55,",,W",,,,,,,,,,,,,,,,,,,,,,,,,,,,,,,,,,,,,,,,,,,,,,
USW00014836,"LANSING CAPITAL CITY AIRPORT, MI US",42.77609,-84.59972,261.2,3/7/2022,,,,,27,",,W",29.91,",,W",28.94,",,W",31,",,W",8.95,",,W",,,,,,,,,,,,,0.27,",,W,2400",,,80,",,W",64,",,W",92,",,W",1.1,",,W,2400",0,"T,,W,2400",34,"H,,S",,,36,",,W",31,",,W",,,,,300,",,W",300,",,W",,,,,,,,,21,",,W",29.1,",,W",,,,,1,",,W",,,,,,,,,1,",,W",,,1,",,W",,,,,,,,,,,,,,,,,,,,,,,,,,
USW00014836,"LANSING CAPITAL CITY AIRPORT, MI US",42.77609,-84.59972,261.2,3/8/2022,,,,,20,",,W",30.16,",,W",29.2,",,W",28,",,W",7.83,",,W",,,,,,,,,,,,,0,"T,,W,2400",,,62,",,W",46,",,W",82,",,W",0,"T,,W,2400",0,"T,,W,2400",33,"H,,S",,,39,",,W",26,",,W",,,,,200,",,W",230,",,W",,,,,,,,,16.1,",,W",21.9,",,W",,,,,,,,,,,,,,,,,,,,,,,,,,,,,,,,,,,,,,,,,,,,,,
USW00014836,"LANSING CAPITAL CITY AIRPORT, MI US",42.77609,-84.59972,261.2,3/9/2022,,,,,23,",,W",30.01,",,W",29.03,",,W",29,",,W",9.17,",,W",,,,,,,,,,,,,0,",,W,2400",,,68,",,W",51,",,W",82,",,W",0,",,W,2400",0,",,W,2400",33,"H,,S",,,44,",,W",25,",,W",,,,,260,",,W",280,",,W",,,,,,,,,23.9,",,W",31.1,",,W",,,,,,,,,,,,,,,,,,,1,",,W",,,,,,,,,,,,,,,,,,,,,,,,,,
USW00014836,"LANSING CAPITAL CITY AIRPORT, MI US",42.77609,-84.59972,261.2,3/10/2022,,,,,18,",,W",30.18,",,W",29.21,",,W",26,",,W",6.71,",,W",,,,,,,,,,,,,0.02,",,W,2400",,,64,",,W",46,",,W",85,",,W",0.3,",,W,2400",0,",,W,2400",30,"H,,S",,,36,",,W",23,",,W",,,,,260,",,W",270,",,W",,,,,,,,,14.1,",,W",19,",,W",,,,,1,",,W",,,,,,,,,,,,,1,",,W",,,,,,,,,,,,,,,,,,,,,,,,,,
USW00014836,"LANSING CAPITAL CITY AIRPORT, MI US",42.77609,-84.59972,261.2,3/11/2022,,,,,15,",,W",30.02,",,W",29.06,",,W",22,",,W",9.62,",,W",,,,,,,,,,,,,0.19,",,W,2400",,,69,",,W",43,",,W",88,",,W",3.2,",,W,2400",3.1,",,W,2400",25,"H,,S",,,31,",,W",19,",,W",,,,,250,",,W",300,",,W",,,,,,,,,25.9,",,W",35.1,",,W",,,,,1,",,W",,,,,,,,,,,,,1,",,W",,,,,,,,,,,,,,,,,,,,,,,,,,
USW00014836,"LANSING CAPITAL CITY AIRPORT, MI US",42.77609,-84.59972,261.2,3/12/2022,,,,,4,",,W",30.06,",,W",29.05,",,W",12,",,W",12.75,",,W",,,,,,,,,,,,,0,"T,,W,2400",,,61,",,W",49,",,W",73,",,W",0,"T,,W,2400",3.1,",,W,2400",18,"H,,S",,,20,",,W",11,",,W",,,,,290,",,W",290,",,W",,,,,,,,,25.1,",,W",33.1,",,W",,,,,,,,,,,,,,,,,,,1,",,W",,,,,,,,,,,,,,,,,,,,,,,,,,
USW00014836,"LANSING CAPITAL CITY AIRPORT, MI US",42.77609,-84.59972,261.2,3/13/2022,,,,,18,",,W",30,",,W",29.03,",,W",25,",,W",12.75,",,W",,,,,,,,,,,,,0.02,",,W,2400",,,67,",,W",53,",,W",81,",,W",0.4,",,W,2400",3.1,",,W,2400",23,"H,,S",,,42,",,W",12,",,W",,,,,230,",,W",170,",,W",,,,,,,,,23.9,",,W",33.1,",,W",,,,,,,,,,,,,,,,,,,1,",,W",,,,,,,,,,,,,,,,,,,,,,,,,,
USW00014836,"LANSING CAPITAL CITY AIRPORT, MI US",42.77609,-84.59972,261.2,3/14/2022,,,,,32,",,W",30.16,",,W",29.18,",,W",38,",,W",7.16,",,W",,,,,,,,,,,,,0,",,W,2400",,,67,",,W",47,",,W",82,",,W",0,",,W,2400",0,",,W,2400",41,"H,,S",,,55,",,W",31,",,W",,,,,220,",,W",250,",,W",,,,,,,,,18.1,",,W",23.9,",,W",,,,,,,,,,,,,,,,,,,,,,,,,,,,,,,,,,,,,,,,,,,,,,
USW00014836,"LANSING CAPITAL CITY AIRPORT, MI US",42.77609,-84.59972,261.2,3/15/2022,,,,,32,",,W",30.19,",,W",29.23,",,W",35,",,W",5.14,",,W",,,,,,,,,,,,,0,"T,,W,2400",,,80,",,W",66,",,W",92,",,W",0,",,W,2400",0,",,W,2400",38,"H,,S",,,47,",,W",30,",,W",,,,,50,",,W",40,",,W",,,,,,,,,10.1,",,W",15,",,W",,,,,1,",,W",,,,,,,,,,,,,1,",,W",,,,,,,,,,,,,,,,,,,,,,,,,,
USW00014836,"LANSING CAPITAL CITY AIRPORT, MI US",42.77609,-84.59972,261.2,3/16/2022,,,,,37,",,W",30.02,",,W",29.1,",,W",43,",,W",6.49,",,W",,,,,,,,,,,,,0,",,W,2400",,,67,",,W",39,",,W",93,",,W",0,",,W,2400",0,",,W,2400",44,"H,,S",,,67,",,W",29,",,W",,,,,190,",,W",180,",,W",,,,,,,,,17,",,W",21.9,",,W",,,,,1,",,W",1,",,W",,,,,,,,,,,1,",,W",,,,,,,,,,,,,,,,,,,,,,,,,,
USW00014836,"LANSING CAPITAL CITY AIRPORT, MI US",42.77609,-84.59972,261.2,3/17/2022,,,,,42,",,W",29.88,",,W",28.94,",,W",50,",,W",7.16,",,W",,,,,,,,,,,,,0.01,",,W,2400",,,54,",,W",35,",,W",74,",,W",0,",,W,2400",0,",,W,2400",58,"H,,S",,,72,",,W",45,",,W",,,,,240,",,W",260,",,W",,,,,,,,,21,",,W",29.1,",,W",,,,,,,,,,,,,,,,,,,,,,,,,,,,,,,,,,,,,,,,,,,,,,
USW00014836,"LANSING CAPITAL CITY AIRPORT, MI US",42.77609,-84.59972,261.2,3/18/2022,,,,,37,",,W",29.87,",,W",28.97,",,W",41,",,W",11.41,",,W",,,,,,,,,,,,,0.31,",,W,2400",,,78,",,W",66,",,W",93,",,W",0,",,W,2400",0,",,W,2400",48,"H,,S",,,52,",,W",38,",,W",,,,,40,",,W",40,",,W",,,,,,,,,18.1,",,W",23.9,",,W",,,,,1,",,W",,,,,,,,,,,,,,,,,,,,,,,,,,,,,,,,,,,,,,,,
USW00014836,"LANSING CAPITAL CITY AIRPORT, MI US",42.77609,-84.59972,261.2,3/19/2022,,,,,38,",,W",29.69,",,W",28.72,",,W",39,",,W",8.95,",,W",,,,,,,,,,,,,0.1,",,W,2400",,,92,",,W",86,",,W",97,",,W",0,",,W,2400",0,",,W,2400",40,"H,,S",,,44,",,W",38,",,W",,,,,290,",,W",280,",,W",,,,,,,,,17,",,W",25.1,",,W",,,,,1,",,W",1,",,W",,,,,,,,,,,,,,,,,,,,,,,,,,,,,,,,,,,,,,
USW00014836,"LANSING CAPITAL CITY AIRPORT, MI US",42.77609,-84.59972,261.2,3/20/2022,,,,,31,",,W",30.09,",,W",29.1,",,W",39,",,W",7.61,",,W",,,,,,,,,,,,,0.03,",,W,2400",,,59,",,W",32,",,W",89,",,W",0,",,W,2400",0,",,W,2400",44,"H,,S",,,58,",,W",37,",,W",,,,,280,",,W",280,",,W",,,,,,,,,17,",,W",25.9,",,W",,,,,,,,,,,,,,,,,,,,,,,,,,,,,,,,,,,,,,,,,,,,,,
USW00014836,"LANSING CAPITAL CITY AIRPORT, MI US",42.77609,-84.59972,261.2,3/21/2022,,,,,32,",,W",30.17,",,W",29.21,",,W",40,",,W",6.71,",,W",,,,,,,,,,,,,0,",,W,2400",,,61,",,W",37,",,W",85,",,W",0,",,W,2400",0,",,W,2400",46,"H,,S",,,63,",,W",31,",,W",,,,,30,",,W",30,",,W",,,,,,,,,18.1,",,W",25.1,",,W",,,,,,,,,,,,,,,,,,,,,,,,,,,,,,,,,,,,,,,,,,,,,,
USW00014836,"LANSING CAPITAL CITY AIRPORT, MI US",42.77609,-84.59972,261.2,3/22/2022,,,,,31,",,W",30.11,",,W",29.19,",,W",37,",,W",12.97,",,W",,,,,,,,,,,,,0.28,",,W,2400",,,70,",,W",42,",,W",89,",,W",0,",,W,2400",0,",,W,2400",42,"H,,S",,,48,",,W",37,",,W",,,,,90,",,W",100,",,W",,,,,,,,,23,",,W",31.1,",,W",,,,,1,",,W",,,,,,,,,,,,,,,,,,,,,,,,,,,,,,,,,,,,,,,,
USW00014836,"LANSING CAPITAL CITY AIRPORT, MI US",42.77609,-84.59972,261.2,3/23/2022,,,,,41,",,W",29.64,",,W",28.74,",,W",43,",,W",13.87,",,W",,,,,,,,,,,,,0.97,",,W,2400",,,88,",,W",79,",,W",93,",,W",0,",,W,2400",0,",,W,2400",42,"H,,S",,,49,",,W",39,",,W",,,,,120,",,W",110,",,W",,,,,,,,,25.1,",,W",35.1,",,W",,,,,1,",,W",,,1,",,W",,,,,,,,,,,,,,,,,,,,,,,,,,,,,,,,,,,,
USW00014836,"LANSING CAPITAL CITY AIRPORT, MI US",42.77609,-84.59972,261.2,3/24/2022,,,,,39,",,W",29.67,",,W",28.71,",,W",42,",,W",13.42,",,W",,,,,,,,,,,,,0.11,",,W,2400",,,80,",,W",71,",,W",89,",,W",0,",,W,2400",0,",,W,2400",46,"H,,S",,,49,",,W",37,",,W",,,,,210,",,W",210,",,W",,,,,,,,,23,",,W",30,",,W",,,,,1,",,W",,,,,,,,,,,,,,,,,,,,,,,,,,,,,,,,,,,,,,,,
USW00014836,"LANSING CAPITAL CITY AIRPORT, MI US",42.77609,-84.59972,261.2,3/25/2022,,,,,33,",,W",29.63,",,W",28.71,",,W",36,",,W",12.08,",,W",,,,,,,,,,,,,0.03,",,W,2400",,,79,",,W",54,",,W",93,",,W",0,"T,,W,2400",0,",,W,2400",40,"H,,S",,,47,",,W",35,",,W",,,,,260,",,W",260,",,W",,,,,,,,,23.9,",,W",32,",,W",,,,,1,",,W",,,,,,,,,,,,,1,",,W",,,,,,,,,,,,,,,,,,,,,,,,,,
USW00014836,"LANSING CAPITAL CITY AIRPORT, MI US",42.77609,-84.59972,261.2,3/26/2022,,,,,24,",,W",29.72,",,W",28.72,",,W",29,",,W",16.33,",,W",,,,,,,,,,,,,0.11,",,W,2400",,,75,",,W",63,",,W",92,",,W",1.6,",,W,2400",2,",,W,2400",34,"H,,S",,,37,",,W",26,",,W",,,,,310,",,W",280,",,W",,,,,,,,,23,",,W",35.1,",,W",,,,,1,",,W",,,,,,,,,,,,,,,,,,,,,,,,,,,,,,,,,,,,,,,,
USW00014836,"LANSING CAPITAL CITY AIRPORT, MI US",42.77609,-84.59972,261.2,3/27/2022,,,,,10,",,W",30.08,",,W",29.08,",,W",20,",,W",14.76,",,W",,,,,,,,,,,,,0,"T,,W,2400",,,54,",,W",45,",,W",78,",,W",0,"T,,W,2400",2,",,W,2400",26,"H,,S",,,29,",,W",19,",,W",,,,,310,",,W",300,",,W",,,,,,,,,25.1,",,W",34,",,W",,,,,,,,,,,,,,,,,,,1,",,W",,,,,,,,,,,,,,,,,,,,,,,,,,
USW00014836,"LANSING CAPITAL CITY AIRPORT, MI US",42.77609,-84.59972,261.2,3/28/2022,,,,,9,",,W",30.26,",,W",29.28,",,W",21,",,W",8.5,",,W",,,,,,,,,,,,,0,",,W,2400",,,50,",,W",36,",,W",62,",,W",0,",,W,2400",0,",,W,2400",24,"H,,S",,,35,",,W",17,",,W",,,,,360,",,W",330,",,W",,,,,,,,,16.1,",,W",23.9,",,W",,,,,,,,,,,,,,,,,,,,,,,,,,,,,,,,,,,,,,,,,,,,,,
USW00014836,"LANSING CAPITAL CITY AIRPORT, MI US",42.77609,-84.59972,261.2,3/29/2022,,,,,11,",,W",30.25,",,W",29.3,",,W",25,",,W",8.5,",,W",,,,,,,,,,,,,0.06,",,W,2400",,,45,",,W",25,",,W",77,",,W",0,"T,,W,2400",0,",,W,2400",29,"H,,S",,,44,",,W",17,",,W",,,,,130,",,W",130,",,W",,,,,,,,,18.1,",,W",25.1,",,W",,,,,,,,,,,,,,,1,",,W",,,,,,,,,,,,,,,,,,,,,,,,,,,,,,
USW00014836,"LANSING CAPITAL CITY AIRPORT, MI US",42.77609,-84.59972,261.2,3/30/2022,,,,,38,",,W",29.6,",,W",28.74,",,W",42,",,W",13.2,",,W",,,,,,,,,,,,,0.3,",,W,2400",,,78,",,W",66,",,W",93,",,W",0,",,W,2400",0,",,W,2400",41,"H,,S",,,55,",,W",33,",,W",,,,,130,",,W",140,",,W",,,,,,,,,23.9,",,W",36,",,W",,,,,1,",,W",,,,,,,,,1,",,W",,,,,,,,,,,,,,,,,,,,,,,,,,,,,,
USW00014836,"LANSING CAPITAL CITY AIRPORT, MI US",42.77609,-84.59972,261.2,3/31/2022,,,,,36,",,W",29.34,",,W",28.36,",,W",41,",,W",18.34,",,W",,,,,,,,,,,,,0.05,",,W,2400",,,72,",,W",63,",,W",87,",,W",0,",,W,2400",0,",,W,2400",49,"H,,S",,,63,",,W",34,",,W",,,,,230,",,W",250,",,W",,,,,,,,,38,",,W",53.9,",,W",,,,,1,",,W",,,,,,,,,,,,,1,",,W",,,,,,,,,,,,,,,,,,,,,,,,,,
USW00014836,"LANSING CAPITAL CITY AIRPORT, MI US",42.77609,-84.59972,261.2,4/1/2022,,,,,24,",,W",29.96,",,W",28.95,",,W",30,",,W",9.62,",,W",,,,,,,,,,,,,0,"T,,W,2400",,,67,",,W",57,",,W",79,",,W",0,"T,,W,2400",0,",,W,2400",34,"H,,S",,,37,",,W",29,",,W",,,,,300,",,W",320,",,W",,,,,,,,,21,",,W",29.1,",,W",,,,,,,,,,,,,,,,,,,1,",,W",,,,,,,,,,,,,,,,,,,,,,,,,,
USW00014836,"LANSING CAPITAL CITY AIRPORT, MI US",42.77609,-84.59972,261.2,4/2/2022,,,,,26,",,W",30.03,",,W",29.1,",,W",32,",,W",4.7,",,W",,,,,,,,,,,,,0.04,",,W,2400",,,70,",,W",48,",,W",89,",,W",0,"T,,W,2400",0,",,W,2400",34,"H,,S",,,45,",,W",25,",,W",,,,,150,",,W",160,",,W",,,,,,,,,14.1,",,W",17,",,W",,,,,1,",,W",,,,,,,,,,,,,1,",,W",,,,,,,,,,,,,,,,,,,,,,,,,,
USW00014836,"LANSING CAPITAL CITY AIRPORT, MI US",42.77609,-84.59972,261.2,4/3/2022,,,,,32,",,W",30.03,",,W",29.05,",,W",37,",,W",5.59,",,W",,,,,,,,,,,,,0.03,",,W,2400",,,75,",,W",56,",,W",93,",,W",0,"T,,W,2400",0,",,W,2400",39,"H,,S",,,48,",,W",34,",,W",,,,,330,",,W",330,",,W",,,,,,,,,13,",,W",18.1,",,W",,,,,1,",,W",,,,,,,,,,,,,1,",,W",,,,,,,,,,,,,,,,,,,,,,,,,,
USW00014836,"LANSING CAPITAL CITY AIRPORT, MI US",42.77609,-84.59972,261.2,4/4/2022,,,,,36,",,W",29.91,",,W",28.96,",,W",38,",,W",9.62,",,W",,,,,,,,,,,,,0.35,",,W,2400",,,83,",,W",70,",,W",89,",,W",0.2,",,W,2400",0,",,W,2400",40,"H,,S",,,45,",,W",34,",,W",,,,,140,",,W",130,",,W",,,,,,,,,16.1,",,W",21,",,W",,,,,1,",,W",,,,,,,,,,,,,1,",,W",,,,,,,,,,,,,,,,,,,,,,,,,,
USW00014836,"LANSING CAPITAL CITY AIRPORT, MI US",42.77609,-84.59972,261.2,4/5/2022,,,,,38,",,W",29.8,",,W",28.87,",,W",42,",,W",5.82,",,W",,,,,,,,,,,,,0,",,W,2400",,,74,",,W",46,",,W",89,",,W",0,",,W,2400",0,",,W,2400",46,"H,,S",,,59,",,W",40,",,W",,,,,60,",,W",110,",,W",,,,,,,,,14.1,",,W",19.9,",,W",,,,,1,",,W",,,,,,,,,,,,,1,",,W",,,,,,,,,,,,,,,,,,,,,,,,,,
USW00014836,"LANSING CAPITAL CITY AIRPORT, MI US",42.77609,-84.59972,261.2,4/6/2022,,,,,43,",,W",29.56,",,W",28.65,",,W",46,",,W",11.41,",,W",,,,,,,,,,,,,0.63,",,W,2400",,,79,",,W",63,",,W",92,",,W",0,",,W,2400",0,",,W,2400",49,"H,,S",,,52,",,W",42,",,W",,,,,290,",,W",290,",,W",,,,,,,,,28,",,W",36,",,W",,,,,1,",,W",,,,,,,,,,,,,1,",,W",,,,,,,,,,,,,,,,,,,,,,,,,,
USW00014836,"LANSING CAPITAL CITY AIRPORT, MI US",42.77609,-84.59972,261.2,4/7/2022,,,,,33,",,W",29.57,",,W",28.63,",,W",39,",,W",10.96,",,W",,,,,,,,,,,,,0.01,",,W,2400",,,68,",,W",56,",,W",86,",,W",0,"T,,W,2400",0,",,W,2400",45,"H,,S",,,48,",,W",39,",,W",,,,,240,",,W",250,",,W",,,,,,,,,21,",,W",29.1,",,W",,,,,1,",,W",,,,,,,,,,,,,1,",,W",,,,,,,,,,,,,,,,,,,,,,,,,,
USW00014836,"LANSING CAPITAL CITY AIRPORT, MI US",42.77609,-84.59972,261.2,4/8/2022,,,,,35,",,W",29.6,",,W",28.64,",,W",38,",,W",9.62,",,W",,,,,,,,,,,,,0.34,",,W,2400",,,82,",,W",71,",,W",86,",,W",0,"T,,W,2400",0,",,W,2400",41,"H,,S",,,48,",,W",33,",,W",,,,,260,",,W",250,",,W",,,,,,,,,21.9,",,W",31.1,",,W",,,,,1,",,W",,,,,,,,,,,,,,,,,,,,,,,,,,,,,,,,,,,,,,,,
USW00014836,"LANSING CAPITAL CITY AIRPORT, MI US",42.77609,-84.59972,261.2,4/9/2022,,,,,26,",,W",29.79,",,W",28.81,",,W",32,",,W",10.07,",,W",,,,,,,,,,,,,0,"T,,W,2400",,,71,",,W",58,",,W",82,",,W",0,"T,,W,2400",0,",,W,2400",36,"H,,S",,,41,",,W",31,",,W",,,,,270,",,W",290,",,W",,,,,,,,,17,",,W",23.9,",,W",,,,,1,",,W",,,,,,,,,,,,,,,,,,,,,,,,,,,,,,,,,,,,,,,,
USW00014836,"LANSING CAPITAL CITY AIRPORT, MI US",42.77609,-84.59972,261.2,4/10/2022,,,,,27,",,W",29.96,",,W",29.01,",,W",37,",,W",7.38,",,W",,,,,,,,,,,,,0,",,W,2400",,,54,",,W",29,",,W",89,",,W",0,",,W,2400",0,",,W,2400",40,"H,,S",,,58,",,W",26,",,W",,,,,140,",,W",140,",,W",,,,,,,,,19.9,",,W",29.1,",,W",,,,,1,",,W",,,,,,,,,,,,,,,,,,,,,,,,,,,,,,,,,,,,,,,,
USW00014836,"LANSING CAPITAL CITY AIRPORT, MI US",42.77609,-84.59972,261.2,4/11/2022,,,,,34,",,W",29.8,",,W",28.85,",,W",45,",,W",12.3,",,W",,,,,,,,,,,,,0,",,W,2400",,,47,",,W",22,",,W",68,",,W",0,",,W,2400",0,",,W,2400",55,"H,,S",,,69,",,W",44,",,W",,,,,260,",,W",270,",,W",,,,,,,,,23,",,W",33.1,",,W",,,,,,,,,,,,,,,,,,,,,,,,,,,,,,,,,,,,,,,,,,,,,,
USW00014836,"LANSING CAPITAL CITY AIRPORT, MI US",42.77609,-84.59972,261.2,4/12/2022,,,,,33,",,W",29.99,",,W",29.07,",,W",45,",,W",8.05,",,W",,,,,,,,,,,,,0,",,W,2400",,,49,",,W",23,",,W",82,",,W",0,",,W,2400",0,",,W,2400",53,"H,,S",,,69,",,W",34,",,W",,,,,140,",,W",130,",,W",,,,,,,,,23,",,W",31.1,",,W",,,,,,,,,,,,,,,,,,,,,,,,,,,,,,,,,,,,,,,,,,,,,,
USW00014836,"LANSING CAPITAL CITY AIRPORT, MI US",42.77609,-84.59972,261.2,4/13/2022,,,,,58,",,W",29.61,",,W",28.72,",,W",60,",,W",12.3,",,W",,,,,,,,,,,,,0.43,",,W,2400",,,82,",,W",69,",,W",90,",,W",0,",,W,2400",0,",,W,2400",62,"H,,S",,,68,",,W",57,",,W",,,,,210,",,W",210,",,W",,,,,,,,,21,",,W",31.1,",,W",,,,,1,",,W",,,,,,,,,,,,,1,",,W",,,,,,,,,,,,,,,,,,,,,,,,,,
USW00014836,"LANSING CAPITAL CITY AIRPORT, MI US",42.77609,-84.59972,261.2,4/14/2022,,,,,27,",,W",29.77,",,W",28.77,",,W",39,",,W",20.58,",,W",,,,,,,,,,,,,0.03,",,W,2400",,,50,",,W",24,",,W",86,",,W",0,",,W,2400",0,",,W,2400",51,"H,,S",,,62,",,W",38,",,W",,,,,260,",,W",250,",,W",,,,,,,,,42.9,",,W",57.9,",,W",,,,,1,",,W",,,,,,,,,,,,,1,",,W",,,,,,,,,,,,,,,,,,,,,,,,,,
USW00014836,"LANSING CAPITAL CITY AIRPORT, MI US",42.77609,-84.59972,261.2,4/15/2022,,,,,24,",,W",29.88,",,W",28.94,",,W",37,",,W",17,",,W",,,,,,,,,,,,,0,"T,,W,2400",,,44,",,W",31,",,W",65,",,W",0,",,W,2400",0,",,W,2400",45,"H,,S",,,50,",,W",41,",,W",,,,,270,",,W",250,",,W",,,,,,,,,33.1,",,W",50.1,",,W",,,,,,,,,,,,,,,,,,,,,,,,,,,,,,,,,,,,,,,,,,,,,,
USW00014836,"LANSING CAPITAL CITY AIRPORT, MI US",42.77609,-84.59972,261.2,4/16/2022,,,,,21,",,W",30.07,",,W",29.08,",,W",30,",,W",11.41,",,W",,,,,,,,,,,,,0,",,W,2400",,,56,",,W",49,",,W",64,",,W",0,",,W,2400",0,",,W,2400",38,"H,,S",,,43,",,W",28,",,W",,,,,290,",,W",260,",,W",,,,,,,,,21.9,",,W",30,",,W",,,,,,,,,,,,,,,,,,,,,,,,,,,,,,,,,,,,,,,,,,,,,,
USW00014836,"LANSING CAPITAL CITY AIRPORT, MI US",42.77609,-84.59972,261.2,4/17/2022,,,,,19,",,W",30.31,",,W",29.34,",,W",30,",,W",8.05,",,W",,,,,,,,,,,,,0,",,W,2400",,,49,",,W",35,",,W",64,",,W",0,",,W,2400",0,",,W,2400",35,"H,,S",,,47,",,W",30,",,W",,,,,110,",,W",120,",,W",,,,,,,,,16.1,",,W",23.9,",,W",,,,,,,,,,,,,,,,,,,,,,,,,,,,,,,,,,,,,,,,,,,,,,
USW00014836,"LANSING CAPITAL CITY AIRPORT, MI US",42.77609,-84.59972,261.2,4/18/2022,,,,,29,",,W",30.05,",,W",29.12,",,W",33,",,W",5.82,",,W",,,,,,,,,,,,,0.19,",,W,2400",,,82,",,W",66,",,W",92,",,W",0.3,",,W,2400",0,",,W,2400",36,"H,,S",,,37,",,W",32,",,W",,,,,280,",,W",280,",,W",,,,,,,,,14.1,",,W",19,",,W",,,,,1,",,W",,,,,,,,,,,,,,,,,,,,,,,,,,,,,,,,,,,,,,,,
USW00014836,"LANSING CAPITAL CITY AIRPORT, MI US",42.77609,-84.59972,261.2,4/19/2022,,,,,27,",,W",30.09,",,W",29.1,",,W",34,",,W",12.75,",,W",,,,,,,,,,,,,0.01,",,W,2400",,,65,",,W",49,",,W",89,",,W",0,"T,,W,2400",0,",,W,2400",37,"H,,S",,,45,",,W",33,",,W",,,,,300,",,W",290,",,W",,,,,,,,,23.9,",,W",38,",,W",,,,,1,",,W",,,,,,,,,,,,,,,,,,,,,,,,,,,,,,,,,,,,,,,,
USW00014836,"LANSING CAPITAL CITY AIRPORT, MI US",42.77609,-84.59972,261.2,4/20/2022,,,,,28,",,W",30.23,",,W",29.29,",,W",37,",,W",9.84,",,W",,,,,,,,,,,,,0,"T,,W,2400",,,57,",,W",34,",,W",82,",,W",0,",,W,2400",0,",,W,2400",40,"H,,S",,,54,",,W",26,",,W",,,,,150,",,W",160,",,W",,,,,,,,,23,",,W",31.1,",,W",,,,,,,,,,,,,,,,,,,,,,,,,,,,,,,,,,,,,,,,,,,,,,
USW00014836,"LANSING CAPITAL CITY AIRPORT, MI US",42.77609,-84.59972,261.2,4/21/2022,,,,,41,",,W",30.11,",,W",29.12,",,W",48,",,W",14.32,",,W",,,,,,,,,,,,,0.14,",,W,2400",,,64,",,W",34,",,W",93,",,W",0,",,W,2400",0,",,W,2400",53,"H,,S",,,65,",,W",44,",,W",,,,,260,",,W",260,",,W",,,,,,,,,32,",,W",45,",,W",,,,,1,",,W",,,,,,,,,,,,,,,,,,,,,,,,,,,,,,,,,,,,,,,,
USW00014836,"LANSING CAPITAL CITY AIRPORT, MI US",42.77609,-84.59972,261.2,4/22/2022,,,,,37,",,W",30.43,",,W",29.49,",,W",42,",,W",9.84,",,W",,,,,,,,,,,,,0.51,",,W,2400",,,71,",,W",53,",,W",89,",,W",0,",,W,2400",0,",,W,2400",48,"H,,S",,,54,",,W",36,",,W",,,,,150,",,W",150,",,W",,,,,,,,,21.9,",,W",28,",,W",,,,,1,",,W",,,1,",,W",,,,,,,,,,,,,,,,,,,,,,,,,,,,,,,,,,,,
USW00014836,"LANSING CAPITAL CITY AIRPORT, MI US",42.77609,-84.59972,261.2,4/23/2022,,,,,50,",,W",30.03,",,W",29.13,",,W",57,",,W",13.87,",,W",,,,,,,,,,,,,0.39,",,W,2400",,,57,",,W",37,",,W",93,",,W",0,",,W,2400",0,",,W,2400",59,"H,,S",,,83,",,W",46,",,W",,,,,190,",,W",220,",,W",,,,,,,,,23,",,W",30,",,W",,,,,1,",,W",,,1,",,W",,,,,,,,,,,,,,,,,,,,,,,,,,,,,,,,,,,,
USW00014836,"LANSING CAPITAL CITY AIRPORT, MI US",42.77609,-84.59972,261.2,4/24/2022,,,,,57,",,W",29.85,",,W",28.93,",,W",63,",,W",14.32,",,W",,,,,,,,,,,,,0.36,",,W,2400",,,64,",,W",46,",,W",87,",,W",0,",,W,2400",0,",,W,2400",74,"H,,S",,,81,",,W",66,",,W",,,,,250,",,W",250,",,W",,,,,,,,,45,",,W",67.1,",,W",,,,,1,",,W",,,1,",,W",,,,,,,,,1,",,W",,,,,,,,,,,,,,,,,,,,,,,,,,
USW00014836,"LANSING CAPITAL CITY AIRPORT, MI US",42.77609,-84.59972,261.2,4/25/2022,,,,,38,",,W",29.99,",,W",29.03,",,W",46,",,W",11.86,",,W",,,,,,,,,,,,,0,"T,,W,2400",,,56,",,W",51,",,W",60,",,W",0,",,W,2400",0,",,W,2400",58,"H,,S",,,66,",,W",42,",,W",,,,,270,",,W",260,",,W",,,,,,,,,23.9,",,W",32,",,W",,,,,,,,,,,,,,,,,,,,,,,,,,,,,,,,,,,,,,,,,,,,,,
USW00014836,"LANSING CAPITAL CITY AIRPORT, MI US",42.77609,-84.59972,261.2,4/26/2022,,,,,29,",,W",30.19,",,W",29.23,",,W",36,",,W",13.65,",,W",,,,,,,,,,,,,0,",,W,2400",,,63,",,W",53,",,W",73,",,W",0,"T,,W,2400",0,",,W,2400",43,"H,,S",,,45,",,W",35,",,W",,,,,270,",,W",260,",,W",,,,,,,,,28,",,W",36.9,",,W",,,,,,,,,,,,,,,,,,,,,,,,,,,,,,,,,,,,,,,,,,,,,,
USW00014836,"LANSING CAPITAL CITY AIRPORT, MI US",42.77609,-84.59972,261.2,4/27/2022,,,,,24,",,W",30.31,",,W",29.33,",,W",31,",,W",7.83,",,W",,,,,,,,,,,,,0,",,W,2400",,,61,",,W",47,",,W",82,",,W",0,",,W,2400",0,",,W,2400",36,"H,,S",,,44,",,W",31,",,W",,,,,310,",,W",320,",,W",,,,,,,,,17,",,W",25.9,",,W",,,,,,,,,,,,,,,,,,,,,,,,,,,,,,,,,,,,,,,,,,,,,,
USW00014836,"LANSING CAPITAL CITY AIRPORT, MI US",42.77609,-84.59972,261.2,4/28/2022,,,,,22,",,W",30.32,",,W",29.36,",,W",35,",,W",6.49,",,W",,,,,,,,,,,,,0,",,W,2400",,,45,",,W",25,",,W",82,",,W",0,",,W,2400",0,",,W,2400",40,"H,,S",,,56,",,W",27,",,W",,,,,110,",,W",130,",,W",,,,,,,,,14.1,",,W",19.9,",,W",,,,,,,,,,,,,,,,,,,,,,,,,,,,,,,,,,,,,,,,,,,,,,
USW00014836,"LANSING CAPITAL CITY AIRPORT, MI US",42.77609,-84.59972,261.2,4/29/2022,,,,,22,",,W",30.22,",,W",29.28,",,W",39,",,W",10.51,",,W",,,,,,,,,,,,,0,",,W,2400",,,33,",,W",23,",,W",62,",,W",0,",,W,2400",0,",,W,2400",49,"H,,S",,,63,",,W",36,",,W",,,,,130,",,W",150,",,W",,,,,,,,,17,",,W",25.9,",,W",,,,,,,,,,,,,,,,,,,,,,,,,,,,,,,,,,,,,,,,,,,,,,
USW00014836,"LANSING CAPITAL CITY AIRPORT, MI US",42.77609,-84.59972,261.2,4/30/2022,,,,,28,",,W",30.02,",,W",29.11,",,W",42,",,W",13.42,",,W",,,,,,,,,,,,,0.07,",,W,2400",,,38,",,W",28,",,W",59,",,W",0,",,W,2400",0,",,W,2400",53,"H,,S",,,62,",,W",45,",,W",,,,,110,",,W",110,",,W",,,,,,,,,23,",,W",32,",,W",,,,,,,,,1,",,W",,,,,,,,,,,,,,,,,,,,,,,,,,,,,,,,,,,,
USW00014836,"LANSING CAPITAL CITY AIRPORT, MI US",42.77609,-84.59972,261.2,5/1/2022,,,,,46,",,W",29.81,",,W",28.87,",,W",50,",,W",10.29,",,W",,,,,,,,,,,,,0.24,",,W,2400",,,77,",,W",53,",,W",93,",,W",0,",,W,2400",0,",,W,2400",55,"H,,S",,,63,",,W",48,",,W",,,,,210,",,W",210,",,W",,,,,,,,,21.9,",,W",28,",,W",,,,,1,",,W",,,1,",,W",,,,,,,,,1,",,W",,,,,,,,,,,,,,,,,,,,,,,,,,
USW00014836,"LANSING CAPITAL CITY AIRPORT, MI US",42.77609,-84.59972,261.2,5/2/2022,,,,,42,",,W",30.02,",,W",29.05,",,W",46,",,W",7.83,",,W",,,,,,,,,,,,,0,",,W,2400",,,74,",,W",61,",,W",90,",,W",0,",,W,2400",0,",,W,2400",50,"H,,S",,,53,",,W",46,",,W",,,,,270,",,W",270,",,W",,,,,,,,,15,",,W",21.9,",,W",,,,,1,",,W",,,,,,,,,,,,,1,",,W",,,,,,,,,,,,,,,,,,,,,,,,,,
USW00014836,"LANSING CAPITAL CITY AIRPORT, MI US",42.77609,-84.59972,261.2,5/3/2022,,,,,45,",,W",29.92,",,W",28.97,",,W",47,",,W",11.63,",,W",,,,,,,,,,,,,1.11,",,W,2400",,,85,",,W",74,",,W",93,",,W",0,",,W,2400",0,",,W,2400",50,"H,,S",,,52,",,W",44,",,W",,,,,30,",,W",30,",,W",,,,,,,,,21,",,W",31.1,",,W",,,,,1,",,W",,,,,,,,,,,,,1,",,W",,,,,,,,,,,,,,,,,,,,,,,,,,
USW00014836,"LANSING CAPITAL CITY AIRPORT, MI US",42.77609,-84.59972,261.2,5/4/2022,,,,,41,",,W",30.16,",,W",29.2,",,W",46,",,W",7.83,",,W",,,,,,,,,,,,,0,",,W,2400",,,70,",,W",46,",,W",86,",,W",0,",,W,2400",0,",,W,2400",50,"H,,S",,,60,",,W",44,",,W",,,,,70,",,W",20,",,W",,,,,,,,,14.1,",,W",21,",,W",,,,,1,",,W",,,,,,,,,,,,,,,,,,,,,,,,,,,,,,,,,,,,,,,,
USW00014836,"LANSING CAPITAL CITY AIRPORT, MI US",42.77609,-84.59972,261.2,5/5/2022,,,,,40,",,W",30.11,",,W",29.18,",,W",46,",,W",3.58,",,W",,,,,,,,,,,,,0,",,W,2400",,,65,",,W",47,",,W",89,",,W",0,",,W,2400",0,",,W,2400",51,"H,,S",,,61,",,W",36,",,W",,,,,160,",,W",150,",,W",,,,,,,,,10.1,",,W",15,",,W",,,,,,,,,,,,,,,,,,,,,,,,,,,,,,,,,,,,,,,,,,,,,,
USW00014836,"LANSING CAPITAL CITY AIRPORT, MI US",42.77609,-84.59972,261.2,5/6/2022,,,,,41,",,W",29.84,",,W",28.92,",,W",48,",,W",12.75,",,W",,,,,,,,,,,,,0.11,",,W,2400",,,63,",,W",37,",,W",86,",,W",0,",,W,2400",0,",,W,2400",55,"H,,S",,,65,",,W",49,",,W",,,,,30,",,W",60,",,W",,,,,,,,,23,",,W",33.1,",,W",,,,,,,,,,,,,,,,,,,,,,,,,,,,,,,,,,,,,,,,,,,,,,
USW00014836,"LANSING CAPITAL CITY AIRPORT, MI US",42.77609,-84.59972,261.2,5/7/2022,,,,,30,",,W",29.97,",,W",29.01,",,W",43,",,W",10.96,",,W",,,,,,,,,,,,,0,",,W,2400",,,42,",,W",26,",,W",65,",,W",0,",,W,2400",0,",,W,2400",55,"H,,S",,,66,",,W",43,",,W",,,,,30,",,W",40,",,W",,,,,,,,,19.9,",,W",27.1,",,W",,,,,,,,,,,,,,,,,,,,,,,,,,,,,,,,,,,,,,,,,,,,,,
USW00014836,"LANSING CAPITAL CITY AIRPORT, MI US",42.77609,-84.59972,261.2,5/8/2022,,,,,33,",,W",30.07,",,W",29.11,",,W",45,",,W",7.83,",,W",,,,,,,,,,,,,0,",,W,2400",,,46,",,W",28,",,W",86,",,W",0,",,W,2400",0,",,W,2400",53,"H,,S",,,68,",,W",34,",,W",,,,,140,",,W",140,",,W",,,,,,,,,18.1,",,W",29.1,",,W",,,,,,,,,,,,,,,,,,,,,,,,,,,,,,,,,,,,,,,,,,,,,,
USW00014836,"LANSING CAPITAL CITY AIRPORT, MI US",42.77609,-84.59972,261.2,5/9/2022,,,,,39,",,W",30.07,",,W",29.14,",,W",51,",,W",15.21,",,W",,,,,,,,,,,,,0,",,W,2400",,,40,",,W",31,",,W",54,",,W",0,",,W,2400",0,",,W,2400",62,"H,,S",,,77,",,W",50,",,W",,,,,140,",,W",140,",,W",,,,,,,,,25.9,",,W",38,",,W",,,,,,,,,,,,,,,,,,,,,,,,,,,,,,,,,,,,,,,,,,,,,,
USW00014836,"LANSING CAPITAL CITY AIRPORT, MI US",42.77609,-84.59972,261.2,5/10/2022,,,,,52,",,W",30.12,",,W",29.18,",,W",60,",,W",11.41,",,W",,,,,,,,,,,,,0,",,W,2400",,,48,",,W",42,",,W",56,",,W",0,",,W,2400",0,",,W,2400",70,"H,,S",,,84,",,W",60,",,W",,,,,160,",,W",150,",,W",,,,,,,,,21.9,",,W",28,",,W",,,,,,,,,,,,,,,,,,,,,,,,,,,,,,,,,,,,,,,,,,,,,,
USW00014836,"LANSING CAPITAL CITY AIRPORT, MI US",42.77609,-84.59972,261.2,5/11/2022,,,,,58,",,W",30.18,",,W",29.24,",,W",64,",,W",7.83,",,W",,,,,,,,,,,,,0,",,W,2400",,,57,",,W",31,",,W",66,",,W",0,",,W,2400",0,",,W,2400",75,"H,,S",,,83,",,W",66,",,W",,,,,130,",,W",130,",,W",,,,,,,,,15,",,W",21,",,W",,,,,,,,,,,,,,,,,,,,,,,,,,,,,,,,,,,,,,,,,,,,,,
USW00014836,"LANSING CAPITAL CITY AIRPORT, MI US",42.77609,-84.59972,261.2,5/12/2022,,,,,41,",,W",30.14,",,W",29.22,",,W",57,",,W",8.05,",,W",,,,,,,,,,,,,0,",,W,2400",,,32,",,W",19,",,W",58,",,W",0,",,W,2400",0,",,W,2400",74,"H,,S",,,87,",,W",57,",,W",,,,,160,",,W",150,",,W",,,,,,,,,17,",,W",23,",,W",,,,,,,,,,,,,,,,,,,,,,,,,,,,,,,,,,,,,,,,,,,,,,
USW00014836,"LANSING CAPITAL CITY AIRPORT, MI US",42.77609,-84.59972,261.2,5/13/2022,,,,,52,",,W",30.02,",,W",29.11,",,W",61,",,W",7.61,",,W",,,,,,,,,,,,,0,",,W,2400",,,46,",,W",34,",,W",63,",,W",0,",,W,2400",0,",,W,2400",74,"H,,S",,,87,",,W",56,",,W",,,,,170,",,W",130,",,W",,,,,,,,,15,",,W",23,",,W",,,,,,,,,,,,,,,,,,,,,,,,,,,,,,,,,,,,,,,,,,,,,,
USW00014836,"LANSING CAPITAL CITY AIRPORT, MI US",42.77609,-84.59972,261.2,5/14/2022,,,,,59,",,W",29.89,",,W",28.98,",,W",64,",,W",8.28,",,W",,,,,,,,,,,,,0.35,",,W,2400",,,64,",,W",36,",,W",81,",,W",0,",,W,2400",0,",,W,2400",75,"H,,S",,,87,",,W",63,",,W",,,,,200,",,W",200,",,W",,,,,,,,,25.9,",,W",42.9,",,W",,,,,,,,,1,",,W",,,,,,,,,,,,,,,,,,,,,,,,,,,,,,,,,,,,
USW00014836,"LANSING CAPITAL CITY AIRPORT, MI US",42.77609,-84.59972,261.2,5/15/2022,,,,,51,",,W",29.85,",,W",28.94,",,W",58,",,W",7.16,",,W",,,,,,,,,,,,,0.12,",,W,2400",,,57,",,W",33,",,W",93,",,W",0,",,W,2400",0,",,W,2400",69,"H,,S",,,83,",,W",54,",,W",,,,,280,",,W",280,",,W",,,,,,,,,18.1,",,W",25.9,",,W",,,,,1,",,W",,,,,,,,,,,,,,,,,,,,,,,,,,,,,,,,,,,,,,,,
USW00014836,"LANSING CAPITAL CITY AIRPORT, MI US",42.77609,-84.59972,261.2,5/16/2022,,,,,45,",,W",29.79,",,W",28.85,",,W",54,",,W",10.07,",,W",,,,,,,,,,,,,0.04,",,W,2400",,,55,",,W",24,",,W",93,",,W",0,",,W,2400",0,",,W,2400",63,"H,,S",,,75,",,W",54,",,W",,,,,260,",,W",290,",,W",,,,,,,,,28,",,W",36.9,",,W",,,,,,,,,,,,,,,,,,,,,,,,,,,,,,,,,,,,,,,,,,,,,,
USW00014836,"LANSING CAPITAL CITY AIRPORT, MI US",42.77609,-84.59972,261.2,5/17/2022,,,,,39,",,W",30,",,W",29.05,",,W",48,",,W",8.05,",,W",,,,,,,,,,,,,0,",,W,2400",,,53,",,W",37,",,W",77,",,W",0,",,W,2400",0,",,W,2400",59,"H,,S",,,67,",,W",44,",,W",,,,,300,",,W",300,",,W",,,,,,,,,17,",,W",28,",,W",,,,,,,,,,,,,,,,,,,,,,,,,,,,,,,,,,,,,,,,,,,,,,
USW00014836,"LANSING CAPITAL CITY AIRPORT, MI US",42.77609,-84.59972,261.2,5/18/2022,,,,,48,",,W",29.9,",,W",29.01,",,W",50,",,W",5.37,",,W",,,,,,,,,,,,,0.23,",,W,2400",,,85,",,W",69,",,W",93,",,W",0,",,W,2400",0,",,W,2400",52,"H,,S",,,55,",,W",47,",,W",,,,,100,",,W",100,",,W",,,,,,,,,14.1,",,W",19.9,",,W",,,,,1,",,W",,,,,,,,,,,,,,,,,,,,,,,,,,,,,,,,,,,,,,,,
USW00014836,"LANSING CAPITAL CITY AIRPORT, MI US",42.77609,-84.59972,261.2,5/19/2022,,,,,55,",,W",29.67,",,W",28.74,",,W",59,",,W",9.62,",,W",,,,,,,,,,,,,0.01,",,W,2400",,,71,",,W",50,",,W",96,",,W",0,",,W,2400",0,",,W,2400",62,"H,,S",,,80,",,W",54,",,W",,,,,160,",,W",210,",,W",,,,,,,,,16.1,",,W",23.9,",,W",,,,,1,",,W",,,,,,,,,,,,,,,,,,,,,,,,,,,,,,,,,,,,,,,,
USW00014836,"LANSING CAPITAL CITY AIRPORT, MI US",42.77609,-84.59972,261.2,5/20/2022,,,,,64,",,W",29.56,",,W",28.59,",,W",69,",,W",13.42,",,W",,,,,,,,,,,,,0,",,W,2400",,,62,",,W",48,",,W",76,",,W",0,",,W,2400",0,",,W,2400",77,"H,,S",,,88,",,W",67,",,W",,,,,200,",,W",230,",,W",,,,,,,,,25.9,",,W",36.9,",,W",,,,,,,,,,,,,,,,,,,,,,,,,,,,,,,,,,,,,,,,,,,,,,
USW00014836,"LANSING CAPITAL CITY AIRPORT, MI US",42.77609,-84.59972,261.2,5/21/2022,,,,,55,",,W",29.93,",,W",28.96,",,W",59,",,W",6.49,",,W",,,,,,,,,,,,,0.21,",,W,2400",,,72,",,W",57,",,W",84,",,W",0,",,W,2400",0,",,W,2400",69,"H,,S",,,74,",,W",59,",,W",,,,,30,",,W",300,",,W",,,,,,,,,17,",,W",23,",,W",,,,,1,",,W",,,1,",,W",,,,,,,,,1,",,W",,,,,,,,,,,,,,,,,,,,,,,,,,
USW00014836,"LANSING CAPITAL CITY AIRPORT, MI US",42.77609,-84.59972,261.2,5/22/2022,,,,,45,",,W",30.18,",,W",29.21,",,W",51,",,W",8.95,",,W",,,,,,,,,,,,,0.03,",,W,2400",,,64,",,W",41,",,W",87,",,W",0,",,W,2400",0,",,W,2400",60,"H,,S",,,66,",,W",48,",,W",,,,,270,",,W",280,",,W",,,,,,,,,19.9,",,W",25.9,",,W",,,,,1,",,W",,,,,,,,,,,,,1,",,W",,,,,,,,,,,,,,,,,,,,,,,,,,
USW00014836,"LANSING CAPITAL CITY AIRPORT, MI US",42.77609,-84.59972,261.2,5/23/2022,,,,,40,",,W",30.34,",,W",29.4,",,W",47,",,W",6.26,",,W",,,,,,,,,,,,,0,",,W,2400",,,58,",,W",43,",,W",77,",,W",0,",,W,2400",0,",,W,2400",54,"H,,S",,,65,",,W",45,",,W",,,,,50,",,W",40,",,W",,,,,,,,,14.1,",,W",19.9,",,W",,,,,,,,,,,,,,,,,,,,,,,,,,,,,,,,,,,,,,,,,,,,,,
USW00014836,"LANSING CAPITAL CITY AIRPORT, MI US",42.77609,-84.59972,261.2,5/24/2022,,,,,39,",,W",30.26,",,W",29.31,",,W",49,",,W",6.71,",,W",,,,,,,,,,,,,0,",,W,2400",,,50,",,W",31,",,W",71,",,W",0,",,W,2400",0,",,W,2400",58,"H,,S",,,70,",,W",46,",,W",,,,,40,",,W",20,",,W",,,,,,,,,16.1,",,W",21.9,",,W",,,,,,,,,,,,,,,,,,,,,,,,,,,,,,,,,,,,,,,,,,,,,,
USW00014836,"LANSING CAPITAL CITY AIRPORT, MI US",42.77609,-84.59972,261.2,5/25/2022,,,,,55,",,W",30.05,",,W",29.15,",,W",59,",,W",10.96,",,W",,,,,,,,,,,,,0.5,",,W,2400",,,75,",,W",65,",,W",84,",,W",0,",,W,2400",0,",,W,2400",61,"H,,S",,,72,",,W",50,",,W",,,,,160,",,W",170,",,W",,,,,,,,,23.9,",,W",34,",,W",,,,,1,",,W",,,,,,,,,,,,,1,",,W",,,,,,,,,,,,,,,,,,,,,,,,,,
USW00014836,"LANSING CAPITAL CITY AIRPORT, MI US",42.77609,-84.59972,261.2,5/26/2022,,,,,64,",,W",29.81,",,W",28.9,",,W",67,",,W",8.5,",,W",,,,,,,,,,,,,0.09,",,W,2400",,,79,",,W",69,",,W",87,",,W",0,",,W,2400",0,",,W,2400",71,"H,,S",,,76,",,W",66,",,W",,,,,210,",,W",210,",,W",,,,,,,,,18.1,",,W",25.9,",,W",,,,,,,,,,,,,,,,,,,,,,,,,,,,,,,,,,,,,,,,,,,,,,
USW00014836,"LANSING CAPITAL CITY AIRPORT, MI US",42.77609,-84.59972,261.2,5/27/2022,,,,,60,",,W",29.74,",,W",28.82,",,W",62,",,W",6.49,",,W",,,,,,,,,,,,,1.72,",,W,2400",,,80,",,W",67,",,W",90,",,W",0,",,W,2400",0,",,W,2400",67,"H,,S",,,72,",,W",61,",,W",,,,,360,",,W",350,",,W",,,,,,,,,17,",,W",23,",,W",,,,,1,",,W",1,",,W",1,",,W",,,,,,,,,1,",,W",,,,,,,,,,,,,,,,,,,,,,,,,,
USW00014836,"LANSING CAPITAL CITY AIRPORT, MI US",42.77609,-84.59972,261.2,5/28/2022,,,,,50,",,W",29.9,",,W",28.97,",,W",57,",,W",4.03,",,W",,,,,,,,,,,,,0,",,W,2400",,,61,",,W",39,",,W",83,",,W",0,",,W,2400",0,",,W,2400",64,"H,,S",,,76,",,W",51,",,W",,,,,300,",,W",330,",,W",,,,,,,,,12.1,",,W",19.9,",,W",,,,,,,,,,,,,,,,,,,1,",,W",,,,,,,,,,,,,,,,,,,,,,,,,,
USW00014836,"LANSING CAPITAL CITY AIRPORT, MI US",42.77609,-84.59972,261.2,5/29/2022,,,,,57,",,W",29.91,",,W",28.98,",,W",63,",,W",10.74,",,W",,,,,,,,,,,,,0,",,W,2400",,,58,",,W",42,",,W",78,",,W",0,",,W,2400",0,",,W,2400",71,"H,,S",,,83,",,W",61,",,W",,,,,160,",,W",150,",,W",,,,,,,,,18.1,",,W",23.9,",,W",,,,,,,,,,,,,,,,,,,,,,,,,,,,,,,,,,,,,,,,,,,,,,
USW00014836,"LANSING CAPITAL CITY AIRPORT, MI US",42.77609,-84.59972,261.2,5/30/2022,,,,,59,",,W",29.92,",,W",29,",,W",67,",,W",11.63,",,W",,,,,,,,,,,,,0,",,W,2400",,,51,",,W",37,",,W",71,",,W",0,",,W,2400",0,",,W,2400",79,"H,,S",,,88,",,W",70,",,W",,,,,190,",,W",180,",,W",,,,,,,,,21,",,W",30,",,W",,,,,,,,,,,,,,,,,,,,,,,,,,,,,,,,,,,,,,,,,,,,,,
USW00014836,"LANSING CAPITAL CITY AIRPORT, MI US",42.77609,-84.59972,261.2,5/31/2022,,,,,,,,,,,,,12.3,",,W",,,,,,,,,,,,,0,",,W,2400",,,55,",,W",42,",,W",69,",,W",0,",,W,2400",0,",,W,2400",81,"H,,S",,,90,",,W",73,",,W",,,,,210,",,W",210,",,W",,,,,,,,,21.9,",,W",30,",,W",,,,,,,,,,,,,,,,,,,,,,,,,,,,,,,,,,,,,,,,,,,,,,
USW00014836,"LANSING CAPITAL CITY AIRPORT, MI US",42.77609,-84.59972,261.2,6/1/2022,,,,,60,",,W",29.89,",,W",28.97,",,W",65,",,W",8.05,",,W",,,,,,,,,,,,,0.03,",,W,2400",,,64,",,W",48,",,W",84,",,W",0,",,W,2400",0,",,W,2400",77,"H,,S",,,80,",,W",60,",,W",,,,,250,",,W",260,",,W",,,,,,,,,16.1,",,W",19.9,",,W",,,,,,,,,,,,,,,,,,,,,,,,,,,,,,,,,,,,,,,,,,,,,,
USW00014836,"LANSING CAPITAL CITY AIRPORT, MI US",42.77609,-84.59972,261.2,6/2/2022,,,,,47,",,W",29.88,",,W",28.95,",,W",56,",,W",5.82,",,W",,,,,,,,,,,,,0,",,W,2400",,,53,",,W",33,",,W",81,",,W",0,",,W,2400",0,",,W,2400",66,"H,,S",,,77,",,W",57,",,W",,,,,270,",,W",270,",,W",,,,,,,,,17,",,W",23,",,W",,,,,,,,,,,,,,,,,,,,,,,,,,,,,,,,,,,,,,,,,,,,,,
USW00014836,"LANSING CAPITAL CITY AIRPORT, MI US",42.77609,-84.59972,261.2,6/3/2022,,,,,40,",,W",29.89,",,W",28.97,",,W",53,",,W",9.62,",,W",,,,,,,,,,,,,0,",,W,2400",,,42,",,W",19,",,W",72,",,W",0,",,W,2400",0,",,W,2400",67,"H,,S",,,78,",,W",53,",,W",,,,,270,",,W",300,",,W",,,,,,,,,28,",,W",35.1,",,W",,,,,,,,,,,,,,,,,,,,,,,,,,,,,,,,,,,,,,,,,,,,,,
USW00014836,"LANSING CAPITAL CITY AIRPORT, MI US",42.77609,-84.59972,261.2,6/4/2022,,,,,43,",,W",30,",,W",29.07,",,W",52,",,W",3.36,",,W",,,,,,,,,,,,,0,",,W,2400",,,52,",,W",31,",,W",83,",,W",0,",,W,2400",0,",,W,2400",62,"H,,S",,,73,",,W",48,",,W",,,,,250,",,W",260,",,W",,,,,,,,,15,",,W",21,",,W",,,,,,,,,,,,,,,,,,,,,,,,,,,,,,,,,,,,,,,,,,,,,,
USW00014836,"LANSING CAPITAL CITY AIRPORT, MI US",42.77609,-84.59972,261.2,6/5/2022,,,,,53,",,W",29.92,",,W",29,",,W",58,",,W",5.82,",,W",,,,,,,,,,,,,0.04,",,W,2400",,,71,",,W",54,",,W",90,",,W",0,",,W,2400",0,",,W,2400",63,"H,,S",,,70,",,W",57,",,W",,,,,100,",,W",60,",,W",,,,,,,,,14.1,",,W",19,",,W",,,,,,,,,,,,,,,,,,,,,,,,,,,,,,,,,,,,,,,,,,,,,,
USW00014836,"LANSING CAPITAL CITY AIRPORT, MI US",42.77609,-84.59972,261.2,6/6/2022,,,,,57,",,W",29.74,",,W",28.84,",,W",62,",,W",6.93,",,W",,,,,,,,,,,,,0.01,",,W,2400",,,64,",,W",50,",,W",79,",,W",0,",,W,2400",0,",,W,2400",69,"H,,S",,,77,",,W",63,",,W",,,,,200,",,W",200,",,W",,,,,,,,,15,",,W",19.9,",,W",,,,,,,,,,,,,,,,,,,,,,,,,,,,,,,,,,,,,,,,,,,,,,
USW00014836,"LANSING CAPITAL CITY AIRPORT, MI US",42.77609,-84.59972,261.2,6/7/2022,,,,,54,",,W",29.81,",,W",28.87,",,W",59,",,W",6.93,",,W",,,,,,,,,,,,,0.15,",,W,2400",,,67,",,W",37,",,W",90,",,W",0,",,W,2400",0,",,W,2400",69,"H,,S",,,76,",,W",55,",,W",,,,,290,",,W",270,",,W",,,,,,,,,17,",,W",21.9,",,W",,,,,1,",,W",,,1,",,W",,,,,,,,,1,",,W",,,,,,,,,,,,,,,,,,,,,,,,,,
USW00014836,"LANSING CAPITAL CITY AIRPORT, MI US",42.77609,-84.59972,261.2,6/8/2022,,,,,51,",,W",29.9,",,W",28.97,",,W",56,",,W",3.8,",,W",,,,,,,,,,,,,0.29,",,W,2400",,,69,",,W",29,",,W",89,",,W",0,",,W,2400",0,",,W,2400",63,"H,,S",,,72,",,W",50,",,W",,,,,120,",,W",120,",,W",,,,,,,,,13,",,W",17,",,W",,,,,,,,,,,,,,,,,,,,,,,,,,,,,,,,,,,,,,,,,,,,,,
USW00014836,"LANSING CAPITAL CITY AIRPORT, MI US",42.77609,-84.59972,261.2,6/9/2022,,,,,52,",,W",29.9,",,W",28.97,",,W",58,",,W",8.72,",,W",,,,,,,,,,,,,0,",,W,2400",,,60,",,W",38,",,W",81,",,W",0,",,W,2400",0,",,W,2400",65,"H,,S",,,78,",,W",56,",,W",,,,,260,",,W",260,",,W",,,,,,,,,21,",,W",36,",,W",,,,,,,,,,,,,,,,,,,,,,,,,,,,,,,,,,,,,,,,,,,,,,
USW00014836,"LANSING CAPITAL CITY AIRPORT, MI US",42.77609,-84.59972,261.2,6/10/2022,,,,,49,",,W",29.89,",,W",28.97,",,W",58,",,W",4.92,",,W",,,,,,,,,,,,,0,"T,,W,2400",,,52,",,W",30,",,W",80,",,W",0,",,W,2400",0,",,W,2400",68,"H,,S",,,81,",,W",52,",,W",,,,,280,",,W",260,",,W",,,,,,,,,16.1,",,W",21.9,",,W",,,,,,,,,,,,,,,,,,,1,",,W",,,,,,,,,,,,,,,,,,,,,,,,,,
USW00014836,"LANSING CAPITAL CITY AIRPORT, MI US",42.77609,-84.59972,261.2,6/11/2022,,,,,56,",,W",29.83,",,W",28.92,",,W",61,",,W",8.05,",,W",,,,,,,,,,,,,0,",,W,2400",,,62,",,W",45,",,W",84,",,W",0,",,W,2400",0,",,W,2400",69,"H,,S",,,79,",,W",57,",,W",,,,,230,",,W",250,",,W",,,,,,,,,19.9,",,W",29.1,",,W",,,,,,,,,,,,,,,,,,,,,,,,,,,,,,,,,,,,,,,,,,,,,,
USW00014836,"LANSING CAPITAL CITY AIRPORT, MI US",42.77609,-84.59972,261.2,6/12/2022,,,,,60,",,W",29.82,",,W",28.89,",,W",65,",,W",5.82,",,W",,,,,,,,,,,,,0,",,W,2400",,,63,",,W",42,",,W",81,",,W",0,",,W,2400",0,",,W,2400",74,"H,,S",,,83,",,W",63,",,W",,,,,310,",,W",300,",,W",,,,,,,,,14.1,",,W",21,",,W",,,,,1,",,W",,,,,,,,,,,,,1,",,W",,,,,,,,,,,,,,,,,,,,,,,,,,
USW00014836,"LANSING CAPITAL CITY AIRPORT, MI US",42.77609,-84.59972,261.2,6/13/2022,,,,,62,",,W",29.92,",,W",28.99,",,W",66,",,W",7.61,",,W",,,,,,,,,,,,,0.43,",,W,2400",,,70,",,W",52,",,W",90,",,W",0,",,W,2400",0,",,W,2400",72,"H,,S",,,86,",,W",60,",,W",,,,,110,",,W",100,",,W",,,,,,,,,19.9,",,W",25.1,",,W",,,,,1,",,W",,,1,",,W",,,,,,,,,,,,,,,,,,,,,,,,,,,,,,,,,,,,
USW00014836,"LANSING CAPITAL CITY AIRPORT, MI US",42.77609,-84.59972,261.2,6/14/2022,,,,,69,",,W",29.9,",,W",28.98,",,W",71,",,W",9.17,",,W",,,,,,,,,,,,,0.01,",,W,2400",,,81,",,W",70,",,W",93,",,W",0,",,W,2400",0,",,W,2400",74,"H,,S",,,86,",,W",65,",,W",,,,,140,",,W",140,",,W",,,,,,,,,16.1,",,W",21.9,",,W",,,,,1,",,W",,,1,",,W",,,,,,,,,,,,,,,,,,,,,,,,,,,,,,,,,,,,
USW00014836,"LANSING CAPITAL CITY AIRPORT, MI US",42.77609,-84.59972,261.2,6/15/2022,,,,,72,",,W",29.88,",,W",28.97,",,W",76,",,W",10.07,",,W",,,,,,,,,,,,,0,",,W,2400",,,65,",,W",47,",,W",94,",,W",0,",,W,2400",0,",,W,2400",84,"H,,S",,,95,",,W",72,",,W",,,,,210,",,W",210,",,W",,,,,,,,,21.9,",,W",29.1,",,W",,,,,1,",,W",,,,,,,,,,,,,,,,,,,,,,,,,,,,,,,,,,,,,,,,
USW00014836,"LANSING CAPITAL CITY AIRPORT, MI US",42.77609,-84.59972,261.2,6/16/2022,,,,,61,",,W",29.86,",,W",28.95,",,W",69,",,W",13.42,",,W",,,,,,,,,,,,,0.04,",,W,2400",,,51,",,W",24,",,W",85,",,W",0,",,W,2400",0,",,W,2400",84,"H,,S",,,92,",,W",73,",,W",,,,,260,",,W",270,",,W",,,,,,,,,30,",,W",42.1,",,W",,,,,,,,,1,",,W",,,,,,,,,,,,,,,,,,,,,,,,,,,,,,,,,,,,
USW00014836,"LANSING CAPITAL CITY AIRPORT, MI US",42.77609,-84.59972,261.2,6/17/2022,,,,,52,",,W",29.94,",,W",29,",,W",61,",,W",12.75,",,W",,,,,,,,,,,,,0,",,W,2400",,,48,",,W",34,",,W",68,",,W",0,",,W,2400",0,",,W,2400",77,"H,,S",,,83,",,W",61,",,W",,,,,300,",,W",280,",,W",,,,,,,,,23,",,W",33.1,",,W",,,,,,,,,,,,,,,,,,,,,,,,,,,,,,,,,,,,,,,,,,,,,,
USW00014836,"LANSING CAPITAL CITY AIRPORT, MI US",42.77609,-84.59972,261.2,6/18/2022,,,,,43,",,W",30.19,",,W",29.24,",,W",53,",,W",6.04,",,W",,,,,,,,,,,,,0,",,W,2400",,,48,",,W",26,",,W",74,",,W",0,",,W,2400",0,",,W,2400",65,"H,,S",,,76,",,W",51,",,W",,,,,360,",,W",340,",,W",,,,,,,,,14.1,",,W",21.9,",,W",,,,,,,,,,,,,,,,,,,,,,,,,,,,,,,,,,,,,,,,,,,,,,
USW00014836,"LANSING CAPITAL CITY AIRPORT, MI US",42.77609,-84.59972,261.2,6/19/2022,,,,,47,",,W",30.17,",,W",29.28,",,W",56,",,W",3.36,",,W",,,,,,,,,,,,,0,",,W,2400",,,50,",,W",28,",,W",90,",,W",0,",,W,2400",0,",,W,2400",67,"H,,S",,,82,",,W",50,",,W",,,,,230,",,W",230,",,W",,,,,,,,,12.1,",,W",15,",,W",,,,,,,,,,,,,,,,,,,,,,,,,,,,,,,,,,,,,,,,,,,,,,
USW00014836,"LANSING CAPITAL CITY AIRPORT, MI US",42.77609,-84.59972,261.2,6/20/2022,,,,,59,",,W",30.1,",,W",29.18,",,W",65,",,W",8.95,",,W",,,,,,,,,,,,,0.05,",,W,2400",,,55,",,W",40,",,W",84,",,W",0,",,W,2400",0,",,W,2400",75,"H,,S",,,90,",,W",63,",,W",,,,,240,",,W",250,",,W",,,,,,,,,19.9,",,W",25.9,",,W",,,,,,,,,,,,,,,,,,,,,,,,,,,,,,,,,,,,,,,,,,,,,,
USW00014836,"LANSING CAPITAL CITY AIRPORT, MI US",42.77609,-84.59972,261.2,6/21/2022,,,,,64,",,W",29.99,",,W",29.08,",,W",71,",,W",12.53,",,W",,,,,,,,,,,,,0,",,W,2400",,,49,",,W",35,",,W",68,",,W",0,",,W,2400",0,",,W,2400",83,"H,,S",,,98,",,W",67,",,W",,,,,250,",,W",250,",,W",,,,,,,,,23.9,",,W",33.1,",,W",,,,,,,,,,,,,,,,,,,,,,,,,,,,,,,,,,,,,,,,,,,,,,
USW00014836,"LANSING CAPITAL CITY AIRPORT, MI US",42.77609,-84.59972,261.2,6/22/2022,,,,,60,",,W",29.96,",,W",29.04,",,W",68,",,W",10.51,",,W",,,,,,,,,,,,,0,",,W,2400",,,50,",,W",34,",,W",74,",,W",0,",,W,2400",0,",,W,2400",85,"H,,S",,,89,",,W",68,",,W",,,,,300,",,W",290,",,W",,,,,,,,,19.9,",,W",25.9,",,W",,,,,,,,,,,,,,,,,,,,,,,,,,,,,,,,,,,,,,,,,,,,,,
USW00014836,"LANSING CAPITAL CITY AIRPORT, MI US",42.77609,-84.59972,261.2,6/23/2022,,,,,52,",,W",30.03,",,W",29.1,",,W",60,",,W",4.47,",,W",,,,,,,,,,,,,0,",,W,2400",,,53,",,W",30,",,W",81,",,W",0,",,W,2400",0,",,W,2400",72,"H,,S",,,84,",,W",57,",,W",,,,,350,",,W",40,",,W",,,,,,,,,12.1,",,W",18.1,",,W",,,,,,,,,,,,,,,,,,,,,,,,,,,,,,,,,,,,,,,,,,,,,,
USW00014836,"LANSING CAPITAL CITY AIRPORT, MI US",42.77609,-84.59972,261.2,6/24/2022,,,,,56,",,W",30.03,",,W",29.12,",,W",64,",,W",2.68,",,W",,,,,,,,,,,,,0,",,W,2400",,,52,",,W",30,",,W",90,",,W",0,",,W,2400",0,",,W,2400",75,"H,,S",,,91,",,W",58,",,W",,,,,260,",,W",190,",,W",,,,,,,,,10.1,",,W",16.1,",,W",,,,,,,,,,,,,,,,,,,,,,,,,,,,,,,,,,,,,,,,,,,,,,
USW00014836,"LANSING CAPITAL CITY AIRPORT, MI US",42.77609,-84.59972,261.2,6/25/2022,,,,,59,",,W",30.02,",,W",29.1,",,W",66,",,W",6.26,",,W",,,,,,,,,,,,,0.17,",,W,2400",,,55,",,W",35,",,W",90,",,W",0,",,W,2400",0,",,W,2400",79,"H,,S",,,90,",,W",66,",,W",,,,,250,",,W",220,",,W",,,,,,,,,16.1,",,W",21.9,",,W",,,,,1,",,W",,,,,,,,,,,,,,,,,,,,,,,,,,,,,,,,,,,,,,,,
USW00014836,"LANSING CAPITAL CITY AIRPORT, MI US",42.77609,-84.59972,261.2,6/26/2022,,,,,60,",,W",29.97,",,W",29.03,",,W",66,",,W",11.18,",,W",,,,,,,,,,,,,0,"T,,W,2400",,,63,",,W",34,",,W",87,",,W",0,",,W,2400",0,",,W,2400",76,"H,,S",,,83,",,W",64,",,W",,,,,280,",,W",270,",,W",,,,,,,,,25.1,",,W",34,",,W",,,,,,,,,,,,,,,,,,,,,,,,,,,,,,,,,,,,,,,,,,,,,,
USW00014836,"LANSING CAPITAL CITY AIRPORT, MI US",42.77609,-84.59972,261.2,6/27/2022,,,,,46,",,W",30.15,",,W",29.22,",,W",55,",,W",9.84,",,W",,,,,,,,,,,,,0,",,W,2400",,,50,",,W",32,",,W",74,",,W",0,",,W,2400",0,",,W,2400",67,"H,,S",,,76,",,W",53,",,W",,,,,290,",,W",290,",,W",,,,,,,,,21.9,",,W",33.1,",,W",,,,,,,,,,,,,,,,,,,,,,,,,,,,,,,,,,,,,,,,,,,,,,
USW00014836,"LANSING CAPITAL CITY AIRPORT, MI US",42.77609,-84.59972,261.2,6/28/2022,,,,,48,",,W",30.19,",,W",29.27,",,W",57,",,W",7.61,",,W",,,,,,,,,,,,,0,",,W,2400",,,51,",,W",30,",,W",93,",,W",0,",,W,2400",0,",,W,2400",66,"H,,S",,,84,",,W",50,",,W",,,,,200,",,W",220,",,W",,,,,,,,,17,",,W",23,",,W",,,,,,,,,,,,,,,,,,,,,,,,,,,,,,,,,,,,,,,,,,,,,,
USW00014836,"LANSING CAPITAL CITY AIRPORT, MI US",42.77609,-84.59972,261.2,6/29/2022,,,,,55,",,W",30.16,",,W",29.23,",,W",62,",,W",5.37,",,W",,,,,,,,,,,,,0.34,",,W,2400",,,58,",,W",27,",,W",97,",,W",0,",,W,2400",0,",,W,2400",73,"H,,S",,,84,",,W",61,",,W",,,,,220,",,W",270,",,W",,,,,,,,,16.1,",,W",23,",,W",,,,,1,",,W",,,1,",,W",,,,,,,,,,,,,,,,,,,,,,,,,,,,,,,,,,,,
USW00014836,"LANSING CAPITAL CITY AIRPORT, MI US",42.77609,-84.59972,261.2,6/30/2022,,,,,58,",,W",30.04,",,W",29.14,",,W",66,",,W",10.96,",,W",,,,,,,,,,,,,0,",,W,2400",,,50,",,W",30,",,W",79,",,W",0,",,W,2400",0,",,W,2400",78,"H,,S",,,90,",,W",66,",,W",,,,,210,",,W",230,",,W",,,,,,,,,21,",,W",31.1,",,W",,,,,,,,,,,,,,,,,,,,,,,,,,,,,,,,,,,,,,,,,,,,,,
USW00014836,"LANSING CAPITAL CITY AIRPORT, MI US",42.77609,-84.59972,261.2,7/1/2022,,,,,58,",,W",29.91,",,W",28.99,",,W",65,",,W",8.95,",,W",,,,,,,,,,,,,0,",,W,2400",,,55,",,W",43,",,W",73,",,W",0,",,W,2400",0,",,W,2400",78,"H,,S",,,86,",,W",60,",,W",,,,,250,",,W",250,",,W",,,,,,,,,18.1,",,W",23.9,",,W",,,,,,,,,,,,,,,,,,,,,,,,,,,,,,,,,,,,,,,,,,,,,,
USW00014836,"LANSING CAPITAL CITY AIRPORT, MI US",42.77609,-84.59972,261.2,7/2/2022,,,,,52,",,W",30.01,",,W",29.08,",,W",60,",,W",5.82,",,W",,,,,,,,,,,,,0,",,W,2400",,,52,",,W",25,",,W",78,",,W",0,",,W,2400",0,",,W,2400",71,"H,,S",,,85,",,W",56,",,W",,,,,310,",,W",310,",,W",,,,,,,,,16.1,",,W",25.1,",,W",,,,,,,,,,,,,,,,,,,,,,,,,,,,,,,,,,,,,,,,,,,,,,
USW00014836,"LANSING CAPITAL CITY AIRPORT, MI US",42.77609,-84.59972,261.2,7/3/2022,,,,,54,",,W",30.12,",,W",29.2,",,W",62,",,W",3.8,",,W",,,,,,,,,,,,,0,",,W,2400",,,50,",,W",29,",,W",78,",,W",0,",,W,2400",0,",,W,2400",75,"H,,S",,,88,",,W",60,",,W",,,,,240,",,W",270,",,W",,,,,,,,,14.1,",,W",23,",,W",,,,,,,,,,,,,,,,,,,,,,,,,,,,,,,,,,,,,,,,,,,,,,
USW00014836,"LANSING CAPITAL CITY AIRPORT, MI US",42.77609,-84.59972,261.2,7/4/2022,,,,,59,",,W",30.06,",,W",29.15,",,W",66,",,W",6.49,",,W",,,,,,,,,,,,,0.15,",,W,2400",,,54,",,W",35,",,W",82,",,W",0,",,W,2400",0,",,W,2400",77,"H,,S",,,91,",,W",64,",,W",,,,,160,",,W",200,",,W",,,,,,,,,16.1,",,W",21.9,",,W",,,,,,,,,1,",,W",,,,,,,,,1,",,W",,,,,,,,,,,,,,,,,,,,,,,,,,
USW00014836,"LANSING CAPITAL CITY AIRPORT, MI US",42.77609,-84.59972,261.2,7/5/2022,,,,,68,",,W",29.86,",,W",28.95,",,W",71,",,W",10.51,",,W",,,,,,,,,,,,,0.4,",,W,2400",,,74,",,W",54,",,W",90,",,W",0,",,W,2400",0,",,W,2400",78,"H,,S",,,88,",,W",69,",,W",,,,,170,",,W",170,",,W",,,,,,,,,21.9,",,W",31.1,",,W",,,,,1,",,W",,,1,",,W",,,,,,,,,,,,,,,,,,,,,,,,,,,,,,,,,,,,
USW00014836,"LANSING CAPITAL CITY AIRPORT, MI US",42.77609,-84.59972,261.2,7/6/2022,,,,,65,",,W",29.98,",,W",29.04,",,W",67,",,W",7.83,",,W",,,,,,,,,,,,,0.2,",,W,2400",,,78,",,W",66,",,W",90,",,W",0,",,W,2400",0,",,W,2400",75,"H,,S",,,77,",,W",62,",,W",,,,,50,",,W",50,",,W",,,,,,,,,14.1,",,W",18.1,",,W",,,,,1,",,W",,,,,,,,,,,,,,,,,,,,,,,,,,,,,,,,,,,,,,,,
USW00014836,"LANSING CAPITAL CITY AIRPORT, MI US",42.77609,-84.59972,261.2,7/7/2022,,,,,62,",,W",30.03,",,W",29.11,",,W",66,",,W",2.24,",,W",,,,,,,,,,,,,0,",,W,2400",,,70,",,W",51,",,W",90,",,W",0,",,W,2400",0,",,W,2400",71,"H,,S",,,86,",,W",59,",,W",,,,,270,",,W",250,",,W",,,,,,,,,8.9,",,W",12.1,",,W",,,,,,,,,,,,,,,,,,,,,,,,,,,,,,,,,,,,,,,,,,,,,,
USW00014836,"LANSING CAPITAL CITY AIRPORT, MI US",42.77609,-84.59972,261.2,7/8/2022,,,,,63,",,W",30.06,",,W",29.13,",,W",67,",,W",6.93,",,W",,,,,,,,,,,,,0,"T,,W,2400",,,73,",,W",56,",,W",93,",,W",0,",,W,2400",0,",,W,2400",74,"H,,S",,,83,",,W",62,",,W",,,,,50,",,W",20,",,W",,,,,,,,,16.1,",,W",21.9,",,W",,,,,1,",,W",,,,,,,,,,,,,,,,,,,,,,,,,,,,,,,,,,,,,,,,
USW00014836,"LANSING CAPITAL CITY AIRPORT, MI US",42.77609,-84.59972,261.2,7/9/2022,,,,,49,",,W",30.18,",,W",29.24,",,W",57,",,W",8.28,",,W",,,,,,,,,,,,,0,",,W,2400",,,54,",,W",32,",,W",80,",,W",0,",,W,2400",0,",,W,2400",68,"H,,S",,,82,",,W",53,",,W",,,,,70,",,W",70,",,W",,,,,,,,,18.1,",,W",25.1,",,W",,,,,,,,,,,,,,,,,,,,,,,,,,,,,,,,,,,,,,,,,,,,,,
USW00014836,"LANSING CAPITAL CITY AIRPORT, MI US",42.77609,-84.59972,261.2,7/10/2022,,,,,50,",,W",30.07,",,W",29.17,",,W",58,",,W",3.8,",,W",,,,,,,,,,,,,0,",,W,2400",,,55,",,W",27,",,W",89,",,W",0,",,W,2400",0,",,W,2400",68,"H,,S",,,84,",,W",49,",,W",,,,,240,",,W",220,",,W",,,,,,,,,12.1,",,W",15,",,W",,,,,,,,,,,,,,,,,,,,,,,,,,,,,,,,,,,,,,,,,,,,,,
USW00014836,"LANSING CAPITAL CITY AIRPORT, MI US",42.77609,-84.59972,261.2,7/11/2022,,,,,61,",,W",29.78,",,W",28.89,",,W",66,",,W",11.18,",,W",,,,,,,,,,,,,0.06,",,W,2400",,,65,",,W",48,",,W",81,",,W",0,",,W,2400",0,",,W,2400",74,"H,,S",,,83,",,W",64,",,W",,,,,250,",,W",290,",,W",,,,,,,,,28,",,W",36,",,W",,,,,,,,,1,",,W",,,,,,,,,,,,,,,,,,,,,,,,,,,,,,,,,,,,
USW00014836,"LANSING CAPITAL CITY AIRPORT, MI US",42.77609,-84.59972,261.2,7/12/2022,,,,,60,",,W",29.79,",,W",28.87,",,W",65,",,W",10.29,",,W",,,,,,,,,,,,,0,",,W,2400",,,66,",,W",45,",,W",84,",,W",0,",,W,2400",0,",,W,2400",74,"H,,S",,,82,",,W",65,",,W",,,,,280,",,W",270,",,W",,,,,,,,,21,",,W",29.1,",,W",,,,,,,,,,,,,,,,,,,,,,,,,,,,,,,,,,,,,,,,,,,,,,
USW00014836,"LANSING CAPITAL CITY AIRPORT, MI US",42.77609,-84.59972,261.2,7/13/2022,,,,,59,",,W",29.96,",,W",29.02,",,W",63,",,W",4.47,",,W",,,,,,,,,,,,,0.04,",,W,2400",,,70,",,W",50,",,W",90,",,W",0,",,W,2400",0,",,W,2400",70,"H,,S",,,79,",,W",61,",,W",,,,,20,",,W",30,",,W",,,,,,,,,14.1,",,W",19,",,W",,,,,1,",,W",,,,,,,,,,,,,,,,,,,,,,,,,,,,,,,,,,,,,,,,
USW00014836,"LANSING CAPITAL CITY AIRPORT, MI US",42.77609,-84.59972,261.2,7/14/2022,,,,,53,",,W",30.13,",,W",29.18,",,W",60,",,W",2.68,",,W",,,,,,,,,,,,,0,",,W,2400",,,59,",,W",33,",,W",90,",,W",0,",,W,2400",0,",,W,2400",70,"H,,S",,,83,",,W",56,",,W",,,,,40,",,W",50,",,W",,,,,,,,,12.1,",,W",14.1,",,W",,,,,1,",,W",,,,,,,,,,,,,,,,,,,,,,,,,,,,,,,,,,,,,,,,
USW00014836,"LANSING CAPITAL CITY AIRPORT, MI US",42.77609,-84.59972,261.2,7/15/2022,,,,,58,",,W",30.12,",,W",29.21,",,W",62,",,W",7.16,",,W",,,,,,,,,,,,,0.48,",,W,2400",,,70,",,W",47,",,W",90,",,W",0,",,W,2400",0,",,W,2400",70,"H,,S",,,80,",,W",60,",,W",,,,,180,",,W",190,",,W",,,,,,,,,18.1,",,W",25.1,",,W",,,,,1,",,W",,,,,,,,,,,,,,,,,,,,,,,,,,,,,,,,,,,,,,,,
USW00014836,"LANSING CAPITAL CITY AIRPORT, MI US",42.77609,-84.59972,261.2,7/16/2022,,,,,64,",,W",30.01,",,W",29.09,",,W",67,",,W",3.13,",,W",,,,,,,,,,,,,0,",,W,2400",,,75,",,W",55,",,W",93,",,W",0,",,W,2400",0,",,W,2400",71,"H,,S",,,84,",,W",66,",,W",,,,,50,",,W",130,",,W",,,,,,,,,10.1,",,W",17,",,W",,,,,1,",,W",,,,,,,,,,,,,,,,,,,,,,,,,,,,,,,,,,,,,,,,
USW00014836,"LANSING CAPITAL CITY AIRPORT, MI US",42.77609,-84.59972,261.2,7/17/2022,,,,,66,",,W",29.89,",,W",28.97,",,W",69,",,W",6.26,",,W",,,,,,,,,,,,,0,",,W,2400",,,76,",,W",60,",,W",96,",,W",0,",,W,2400",0,",,W,2400",74,"H,,S",,,81,",,W",67,",,W",,,,,100,",,W",100,",,W",,,,,,,,,15,",,W",19.9,",,W",,,,,1,",,W",1,",,W",,,,,,,,,,,1,",,W",,,,,,,,,,,,,,,,,,,,,,,,,,
USW00014836,"LANSING CAPITAL CITY AIRPORT, MI US",42.77609,-84.59972,261.2,7/18/2022,,,,,62,",,W",29.84,",,W",28.92,",,W",67,",,W",7.38,",,W",,,,,,,,,,,,,0,",,W,2400",,,61,",,W",38,",,W",93,",,W",0,",,W,2400",0,",,W,2400",77,"H,,S",,,90,",,W",64,",,W",,,,,270,",,W",280,",,W",,,,,,,,,15,",,W",19.9,",,W",,,,,1,",,W",,,,,,,,,,,,,1,",,W",,,,,,,,,,,,,,,,,,,,,,,,,,
USW00014836,"LANSING CAPITAL CITY AIRPORT, MI US",42.77609,-84.59972,261.2,7/19/2022,,,,,65,",,W",29.83,",,W",28.92,",,W",70,",,W",10.07,",,W",,,,,,,,,,,,,0,",,W,2400",,,60,",,W",48,",,W",74,",,W",0,",,W,2400",0,",,W,2400",80,"H,,S",,,91,",,W",70,",,W",,,,,240,",,W",230,",,W",,,,,,,,,18.1,",,W",25.1,",,W",,,,,,,,,,,,,,,,,,,,,,,,,,,,,,,,,,,,,,,,,,,,,,
USW00014836,"LANSING CAPITAL CITY AIRPORT, MI US",42.77609,-84.59972,261.2,7/20/2022,,,,,66,",,W",29.6,",,W",28.71,",,W",71,",,W",16.33,",,W",,,,,,,,,,,,,0,"T,,W,2400",,,62,",,W",42,",,W",82,",,W",0,",,W,2400",0,",,W,2400",82,"H,,S",,,92,",,W",73,",,W",,,,,250,",,W",260,",,W",,,,,,,,,32,",,W",46.1,",,W",,,,,,,,,,,,,,,,,,,,,,,,,,,,,,,,,,,,,,,,,,,,,,
USW00014836,"LANSING CAPITAL CITY AIRPORT, MI US",42.77609,-84.59972,261.2,7/21/2022,,,,,62,",,W",29.71,",,W",28.78,",,W",68,",,W",11.41,",,W",,,,,,,,,,,,,0,",,W,2400",,,58,",,W",39,",,W",84,",,W",0,",,W,2400",0,",,W,2400",79,"H,,S",,,90,",,W",70,",,W",,,,,260,",,W",260,",,W",,,,,,,,,25.9,",,W",35.1,",,W",,,,,,,,,,,,,,,,,,,,,,,,,,,,,,,,,,,,,,,,,,,,,,
USW00014836,"LANSING CAPITAL CITY AIRPORT, MI US",42.77609,-84.59972,261.2,7/22/2022,,,,,60,",,W",29.89,",,W",28.96,",,W",68,",,W",9.4,",,W",,,,,,,,,,,,,0,",,W,2400",,,56,",,W",27,",,W",90,",,W",0,",,W,2400",0,",,W,2400",79,"H,,S",,,91,",,W",67,",,W",,,,,290,",,W",280,",,W",,,,,,,,,18.1,",,W",25.9,",,W",,,,,,,,,,,,,,,,,,,,,,,,,,,,,,,,,,,,,,,,,,,,,,
USW00014836,"LANSING CAPITAL CITY AIRPORT, MI US",42.77609,-84.59972,261.2,7/23/2022,,,,,64,",,W",29.93,",,W",29.02,",,W",69,",,W",8.28,",,W",,,,,,,,,,,,,0.28,",,W,2400",,,63,",,W",41,",,W",90,",,W",0,",,W,2400",0,",,W,2400",80,"H,,S",,,90,",,W",69,",,W",,,,,270,",,W",270,",,W",,,,,,,,,44.1,",,W",59.9,",,W",,,,,1,",,W",,,1,",,W",,,,,,,,,,,,,,,,,,,,,,,,,,,,,,,,,,,,
USW00014836,"LANSING CAPITAL CITY AIRPORT, MI US",42.77609,-84.59972,261.2,7/24/2022,,,,,68,",,W",29.85,",,W",28.93,",,W",70,",,W",10.96,",,W",,,,,,,,,,,,,0.68,",,W,2400",,,81,",,W",57,",,W",93,",,W",0,",,W,2400",0,",,W,2400",76,"H,,S",,,86,",,W",68,",,W",,,,,240,",,W",240,",,W",,,,,,,,,29.1,",,W",40.9,",,W",,,,,1,",,W",,,1,",,W",,,,,,,,,,,,,,,,,,,,,,,,,,,,,,,,,,,,
USW00014836,"LANSING CAPITAL CITY AIRPORT, MI US",42.77609,-84.59972,261.2,7/25/2022,,,,,54,",,W",30,",,W",29.08,",,W",60,",,W",7.38,",,W",,,,,,,,,,,,,0,",,W,2400",,,61,",,W",40,",,W",84,",,W",0,",,W,2400",0,",,W,2400",71,"H,,S",,,79,",,W",59,",,W",,,,,300,",,W",300,",,W",,,,,,,,,19.9,",,W",25.9,",,W",,,,,,,,,,,,,,,,,,,,,,,,,,,,,,,,,,,,,,,,,,,,,,
USW00014836,"LANSING CAPITAL CITY AIRPORT, MI US",42.77609,-84.59972,261.2,7/26/2022,,,,,55,",,W",30.01,",,W",29.09,",,W",61,",,W",1.12,",,W",,,,,,,,,,,,,0,",,W,2400",,,63,",,W",41,",,W",90,",,W",0,",,W,2400",0,",,W,2400",69,"H,,S",,,82,",,W",57,",,W",,,,,250,",,W",230,",,W",,,,,,,,,8.9,",,W",12.1,",,W",,,,,,,,,,,,,,,,,,,,,,,,,,,,,,,,,,,,,,,,,,,,,,
USW00014836,"LANSING CAPITAL CITY AIRPORT, MI US",42.77609,-84.59972,261.2,7/27/2022,,,,,64,",,W",29.86,",,W",28.95,",,W",67,",,W",6.04,",,W",,,,,,,,,,,,,0.01,",,W,2400",,,75,",,W",55,",,W",90,",,W",0,",,W,2400",0,",,W,2400",72,"H,,S",,,84,",,W",61,",,W",,,,,250,",,W",260,",,W",,,,,,,,,17,",,W",25.1,",,W",,,,,1,",,W",,,,,,,,,,,,,1,",,W",,,,,,,,,,,,,,,,,,,,,,,,,,
USW00014836,"LANSING CAPITAL CITY AIRPORT, MI US",42.77609,-84.59972,261.2,7/28/2022,,,,,59,",,W",29.85,",,W",28.92,",,W",64,",,W",11.41,",,W",,,,,,,,,,,,,0,"T,,W,2400",,,66,",,W",41,",,W",93,",,W",0,",,W,2400",0,",,W,2400",73,"H,,S",,,80,",,W",64,",,W",,,,,260,",,W",260,",,W",,,,,,,,,23.9,",,W",33.1,",,W",,,,,1,",,W",,,,,,,,,,,,,,,,,,,,,,,,,,,,,,,,,,,,,,,,
USW00014836,"LANSING CAPITAL CITY AIRPORT, MI US",42.77609,-84.59972,261.2,7/29/2022,,,,,55,",,W",29.99,",,W",29.07,",,W",61,",,W",9.62,",,W",,,,,,,,,,,,,0,",,W,2400",,,60,",,W",38,",,W",87,",,W",0,",,W,2400",0,",,W,2400",71,"H,,S",,,82,",,W",58,",,W",,,,,280,",,W",280,",,W",,,,,,,,,19.9,",,W",28,",,W",,,,,,,,,,,,,,,,,,,,,,,,,,,,,,,,,,,,,,,,,,,,,,
USW00014836,"LANSING CAPITAL CITY AIRPORT, MI US",42.77609,-84.59972,261.2,7/30/2022,,,,,57,",,W",30.17,",,W",29.23,",,W",62,",,W",4.03,",,W",,,,,,,,,,,,,0,",,W,2400",,,63,",,W",38,",,W",90,",,W",0,",,W,2400",0,",,W,2400",70,"H,,S",,,84,",,W",56,",,W",,,,,270,",,W",240,",,W",,,,,,,,,14.1,",,W",19,",,W",,,,,,,,,,,,,,,,,,,,,,,,,,,,,,,,,,,,,,,,,,,,,,
USW00014836,"LANSING CAPITAL CITY AIRPORT, MI US",42.77609,-84.59972,261.2,7/31/2022,,,,,59,",,W",30.07,",,W",29.16,",,W",65,",,W",5.37,",,W",,,,,,,,,,,,,0,",,W,2400",,,61,",,W",41,",,W",87,",,W",0,",,W,2400",0,",,W,2400",73,"H,,S",,,86,",,W",61,",,W",,,,,200,",,W",200,",,W",,,,,,,,,17,",,W",21.9,",,W",,,,,,,,,,,,,,,,,,,,,,,,,,,,,,,,,,,,,,,,,,,,,,
USW00014836,"LANSING CAPITAL CITY AIRPORT, MI US",42.77609,-84.59972,261.2,8/1/2022,,,,,65,",,W",29.83,",,W",28.92,",,W",68,",,W",11.41,",,W",,,,,,,,,,,,,0.01,",,W,2400",,,73,",,W",53,",,W",87,",,W",0,",,W,2400",0,",,W,2400",75,"H,,S",,,85,",,W",68,",,W",,,,,260,",,W",250,",,W",,,,,,,,,25.9,",,W",34,",,W",,,,,1,",,W",,,,,,,,,,,,,1,",,W",,,,,,,,,,,,,,,,,,,,,,,,,,
USW00014836,"LANSING CAPITAL CITY AIRPORT, MI US",42.77609,-84.59972,261.2,8/2/2022,,,,,59,",,W",29.95,",,W",29.03,",,W",65,",,W",5.59,",,W",,,,,,,,,,,,,0,",,W,2400",,,63,",,W",43,",,W",93,",,W",0,",,W,2400",0,",,W,2400",73,"H,,S",,,84,",,W",60,",,W",,,,,30,",,W",330,",,W",,,,,,,,,15,",,W",19.9,",,W",,,,,,,,,,,,,,,,,,,,,,,,,,,,,,,,,,,,,,,,,,,,,,
USW00014836,"LANSING CAPITAL CITY AIRPORT, MI US",42.77609,-84.59972,261.2,8/3/2022,,,,,68,",,W",29.84,",,W",28.93,",,W",71,",,W",11.41,",,W",,,,,,,,,,,,,1.22,",,W,2400",,,79,",,W",54,",,W",94,",,W",0,",,W,2400",0,",,W,2400",77,"H,,S",,,94,",,W",71,",,W",,,,,310,",,W",310,",,W",,,,,,,,,31.1,",,W",46.1,",,W",,,,,1,",,W",,,1,",,W",,,,,,,,,1,",,W",,,,,,,,,,,,,,,,,,,,,,,,,,
USW00014836,"LANSING CAPITAL CITY AIRPORT, MI US",42.77609,-84.59972,261.2,8/4/2022,,,,,71,",,W",29.98,",,W",29.03,",,W",72,",,W",5.14,",,W",,,,,,,,,,,,,0.77,",,W,2400",,,84,",,W",72,",,W",94,",,W",0,",,W,2400",0,",,W,2400",75,"H,,S",,,83,",,W",71,",,W",,,,,220,",,W",220,",,W",,,,,,,,,18.1,",,W",23,",,W",,,,,1,",,W",,,1,",,W",,,,,,,,,1,",,W",,,,,,,,,,,,,,,,,,,,,,,,,,
USW00014836,"LANSING CAPITAL CITY AIRPORT, MI US",42.77609,-84.59972,261.2,8/5/2022,,,,,71,",,W",30.09,",,W",29.16,",,W",73,",,W",5.14,",,W",,,,,,,,,,,,,0,",,W,2400",,,79,",,W",61,",,W",96,",,W",0,",,W,2400",0,",,W,2400",77,"H,,S",,,86,",,W",71,",,W",,,,,50,",,W",50,",,W",,,,,,,,,12.1,",,W",15,",,W",,,,,1,",,W",,,,,,,,,,,,,,,,,,,,,,,,,,,,,,,,,,,,,,,,
USW00014836,"LANSING CAPITAL CITY AIRPORT, MI US",42.77609,-84.59972,261.2,8/6/2022,,,,,72,",,W",30.07,",,W",29.15,",,W",75,",,W",6.93,",,W",,,,,,,,,,,,,0,",,W,2400",,,73,",,W",52,",,W",94,",,W",0,",,W,2400",0,",,W,2400",81,"H,,S",,,90,",,W",72,",,W",,,,,220,",,W",200,",,W",,,,,,,,,16.1,",,W",21.9,",,W",,,,,1,",,W",,,,,,,,,,,,,,,,,,,,,,,,,,,,,,,,,,,,,,,,
USW00014836,"LANSING CAPITAL CITY AIRPORT, MI US",42.77609,-84.59972,261.2,8/7/2022,,,,,73,",,W",30.03,",,W",29.11,",,W",74,",,W",7.61,",,W",,,,,,,,,,,,,1.78,",,W,2400",,,83,",,W",61,",,W",94,",,W",0,",,W,2400",0,",,W,2400",80,"H,,S",,,89,",,W",74,",,W",,,,,260,",,W",260,",,W",,,,,,,,,30,",,W",38,",,W",,,,,1,",,W",1,",,W",1,",,W",,,,,,,,,,,,,,,,,,,,,,,,,,,,,,,,,,,,
USW00014836,"LANSING CAPITAL CITY AIRPORT, MI US",42.77609,-84.59972,261.2,8/8/2022,,,,,69,",,W",29.91,",,W",29,",,W",72,",,W",11.18,",,W",,,,,,,,,,,,,0.13,",,W,2400",,,81,",,W",65,",,W",94,",,W",0,",,W,2400",0,",,W,2400",77,"H,,S",,,85,",,W",65,",,W",,,,,250,",,W",240,",,W",,,,,,,,,28,",,W",38.9,",,W",,,,,1,",,W",,,,,,,,,,,,,,,,,,,,,,,,,,,,,,,,,,,,,,,,
USW00014836,"LANSING CAPITAL CITY AIRPORT, MI US",42.77609,-84.59972,261.2,8/9/2022,,,,,58,",,W",30.08,",,W",29.16,",,W",62,",,W",3.8,",,W",,,,,,,,,,,,,0,",,W,2400",,,71,",,W",52,",,W",87,",,W",0,",,W,2400",0,",,W,2400",69,"H,,S",,,77,",,W",59,",,W",,,,,50,",,W",50,",,W",,,,,,,,,13,",,W",18.1,",,W",,,,,,,,,,,,,,,,,,,,,,,,,,,,,,,,,,,,,,,,,,,,,,
USW00014836,"LANSING CAPITAL CITY AIRPORT, MI US",42.77609,-84.59972,261.2,8/10/2022,,,,,59,",,W",30.11,",,W",29.19,",,W",64,",,W",4.7,",,W",,,,,,,,,,,,,0,",,W,2400",,,68,",,W",49,",,W",93,",,W",0,",,W,2400",0,",,W,2400",69,"H,,S",,,83,",,W",56,",,W",,,,,270,",,W",260,",,W",,,,,,,,,14.1,",,W",19.9,",,W",,,,,,,,,,,,,,,,,,,,,,,,,,,,,,,,,,,,,,,,,,,,,,
USW00014836,"LANSING CAPITAL CITY AIRPORT, MI US",42.77609,-84.59972,261.2,8/11/2022,,,,,54,",,W",30.14,",,W",29.21,",,W",61,",,W",6.93,",,W",,,,,,,,,,,,,0,",,W,2400",,,57,",,W",40,",,W",81,",,W",0,",,W,2400",0,",,W,2400",72,"H,,S",,,79,",,W",58,",,W",,,,,20,",,W",330,",,W",,,,,,,,,15,",,W",19.9,",,W",,,,,,,,,,,,,,,,,,,,,,,,,,,,,,,,,,,,,,,,,,,,,,
USW00014836,"LANSING CAPITAL CITY AIRPORT, MI US",42.77609,-84.59972,261.2,8/12/2022,,,,,51,",,W",30.22,",,W",29.28,",,W",58,",,W",2.46,",,W",,,,,,,,,,,,,0,",,W,2400",,,63,",,W",35,",,W",93,",,W",0,",,W,2400",0,",,W,2400",66,"H,,S",,,79,",,W",52,",,W",,,,,40,",,W",30,",,W",,,,,,,,,8.9,",,W",13,",,W",,,,,,,,,,,,,,,,,,,,,,,,,,,,,,,,,,,,,,,,,,,,,,
USW00014836,"LANSING CAPITAL CITY AIRPORT, MI US",42.77609,-84.59972,261.2,8/13/2022,,,,,54,",,W",30.15,",,W",29.21,",,W",56,",,W",4.7,",,W",,,,,,,,,,,,,0.63,",,W,2400",,,83,",,W",63,",,W",90,",,W",0,",,W,2400",0,",,W,2400",61,"H,,S",,,64,",,W",57,",,W",,,,,120,",,W",140,",,W",,,,,,,,,15,",,W",19.9,",,W",,,,,1,",,W",,,,,,,,,,,,,,,,,,,,,,,,,,,,,,,,,,,,,,,,
USW00014836,"LANSING CAPITAL CITY AIRPORT, MI US",42.77609,-84.59972,261.2,8/14/2022,,,,,59,",,W",30.01,",,W",29.08,",,W",61,",,W",7.16,",,W",,,,,,,,,,,,,0,",,W,2400",,,80,",,W",68,",,W",90,",,W",0,",,W,2400",0,",,W,2400",63,"H,,S",,,73,",,W",58,",,W",,,,,60,",,W",110,",,W",,,,,,,,,13,",,W",17,",,W",,,,,1,",,W",,,,,,,,,,,,,1,",,W",,,,,,,,,,,,,,,,,,,,,,,,,,
USW00014836,"LANSING CAPITAL CITY AIRPORT, MI US",42.77609,-84.59972,261.2,8/15/2022,,,,,58,",,W",30.04,",,W",29.12,",,W",63,",,W",5.82,",,W",,,,,,,,,,,,,0,",,W,2400",,,70,",,W",45,",,W",90,",,W",0,",,W,2400",0,",,W,2400",69,"H,,S",,,82,",,W",60,",,W",,,,,30,",,W",50,",,W",,,,,,,,,16.1,",,W",21.9,",,W",,,,,,,,,,,,,,,,,,,,,,,,,,,,,,,,,,,,,,,,,,,,,,
USW00014836,"LANSING CAPITAL CITY AIRPORT, MI US",42.77609,-84.59972,261.2,8/16/2022,,,,,58,",,W",30.1,",,W",29.17,",,W",62,",,W",6.71,",,W",,,,,,,,,,,,,0,",,W,2400",,,69,",,W",42,",,W",90,",,W",0,",,W,2400",0,",,W,2400",69,"H,,S",,,83,",,W",57,",,W",,,,,60,",,W",50,",,W",,,,,,,,,17,",,W",25.9,",,W",,,,,,,,,,,,,,,,,,,,,,,,,,,,,,,,,,,,,,,,,,,,,,
USW00014836,"LANSING CAPITAL CITY AIRPORT, MI US",42.77609,-84.59972,261.2,8/17/2022,,,,,59,",,W",30.1,",,W",29.18,",,W",63,",,W",3.8,",,W",,,,,,,,,,,,,0,",,W,2400",,,70,",,W",42,",,W",96,",,W",0,",,W,2400",0,",,W,2400",70,"H,,S",,,83,",,W",58,",,W",,,,,100,",,W",310,",,W",,,,,,,,,12.1,",,W",17,",,W",,,,,1,",,W",,,,,,,,,,,,,,,,,,,,,,,,,,,,,,,,,,,,,,,,
USW00014836,"LANSING CAPITAL CITY AIRPORT, MI US",42.77609,-84.59972,261.2,8/18/2022,,,,,59,",,W",30,",,W",29.08,",,W",63,",,W",3.36,",,W",,,,,,,,,,,,,0,",,W,2400",,,67,",,W",42,",,W",93,",,W",0,",,W,2400",0,",,W,2400",71,"H,,S",,,83,",,W",59,",,W",,,,,240,",,W",270,",,W",,,,,,,,,14.1,",,W",18.1,",,W",,,,,1,",,W",,,,,,,,,,,,,,,,,,,,,,,,,,,,,,,,,,,,,,,,
USW00014836,"LANSING CAPITAL CITY AIRPORT, MI US",42.77609,-84.59972,261.2,8/19/2022,,,,,59,",,W",30,",,W",29.08,",,W",64,",,W",5.59,",,W",,,,,,,,,,,,,0,",,W,2400",,,63,",,W",44,",,W",90,",,W",0,",,W,2400",0,",,W,2400",71,"H,,S",,,84,",,W",60,",,W",,,,,220,",,W",220,",,W",,,,,,,,,16.1,",,W",21,",,W",,,,,,,,,,,,,,,,,,,,,,,,,,,,,,,,,,,,,,,,,,,,,,
USW00014836,"LANSING CAPITAL CITY AIRPORT, MI US",42.77609,-84.59972,261.2,8/20/2022,,,,,63,",,W",30,",,W",29.08,",,W",67,",,W",6.71,",,W",,,,,,,,,,,,,0.79,",,W,2400",,,73,",,W",54,",,W",93,",,W",0,",,W,2400",0,",,W,2400",74,"H,,S",,,83,",,W",64,",,W",,,,,320,",,W",320,",,W",,,,,,,,,25.1,",,W",36,",,W",,,,,1,",,W",,,1,",,W",,,,,,,,,,,,,,,,,,,,,,,,,,,,,,,,,,,,
USW00014836,"LANSING CAPITAL CITY AIRPORT, MI US",42.77609,-84.59972,261.2,8/21/2022,,,,,64,",,W",29.96,",,W",29.04,",,W",66,",,W",4.03,",,W",,,,,,,,,,,,,0.27,",,W,2400",,,80,",,W",58,",,W",93,",,W",0,",,W,2400",0,",,W,2400",70,"H,,S",,,81,",,W",64,",,W",,,,,40,",,W",40,",,W",,,,,,,,,14.1,",,W",19,",,W",,,,,1,",,W",,,,,,,,,,,,,,,,,,,,,,,,,,,,,,,,,,,,,,,,
USW00014836,"LANSING CAPITAL CITY AIRPORT, MI US",42.77609,-84.59972,261.2,8/22/2022,,,,,61,",,W",29.98,",,W",29.06,",,W",65,",,W",5.59,",,W",,,,,,,,,,,,,0,",,W,2400",,,73,",,W",50,",,W",93,",,W",0,",,W,2400",0,",,W,2400",71,"H,,S",,,81,",,W",62,",,W",,,,,280,",,W",290,",,W",,,,,,,,,14.1,",,W",18.1,",,W",,,,,1,",,W",,,,,,,,,,,,,,,,,,,,,,,,,,,,,,,,,,,,,,,,
USW00014836,"LANSING CAPITAL CITY AIRPORT, MI US",42.77609,-84.59972,261.2,8/23/2022,,,,,58,",,W",29.98,",,W",29.06,",,W",63,",,W",3.36,",,W",,,,,,,,,,,,,0,",,W,2400",,,69,",,W",47,",,W",90,",,W",0,",,W,2400",0,",,W,2400",69,"H,,S",,,82,",,W",57,",,W",,,,,290,",,W",350,",,W",,,,,,,,,10.1,",,W",14.1,",,W",,,,,,,,,,,,,,,,,,,,,,,,,,,,,,,,,,,,,,,,,,,,,,
USW00014836,"LANSING CAPITAL CITY AIRPORT, MI US",42.77609,-84.59972,261.2,8/24/2022,,,,,62,",,W",30.05,",,W",29.13,",,W",66,",,W",2.91,",,W",,,,,,,,,,,,,0,",,W,2400",,,70,",,W",48,",,W",93,",,W",0,",,W,2400",0,",,W,2400",73,"H,,S",,,85,",,W",62,",,W",,,,,30,",,W",30,",,W",,,,,,,,,13,",,W",17,",,W",,,,,1,",,W",,,,,,,,,,,,,1,",,W",,,,,,,,,,,,,,,,,,,,,,,,,,
USW00014836,"LANSING CAPITAL CITY AIRPORT, MI US",42.77609,-84.59972,261.2,8/25/2022,,,,,63,",,W",30,",,W",29.09,",,W",66,",,W",5.59,",,W",,,,,,,,,,,,,0.03,",,W,2400",,,76,",,W",56,",,W",90,",,W",0,",,W,2400",0,",,W,2400",72,"H,,S",,,81,",,W",64,",,W",,,,,220,",,W",230,",,W",,,,,,,,,15,",,W",19.9,",,W",,,,,1,",,W",,,,,,,,,,,,,,,,,,,,,,,,,,,,,,,,,,,,,,,,
USW00014836,"LANSING CAPITAL CITY AIRPORT, MI US",42.77609,-84.59972,261.2,8/26/2022,,,,,61,",,W",30.03,",,W",29.08,",,W",64,",,W",5.37,",,W",,,,,,,,,,,,,0,",,W,2400",,,78,",,W",56,",,W",93,",,W",0,",,W,2400",0,",,W,2400",69,"H,,S",,,77,",,W",60,",,W",,,,,350,",,W",340,",,W",,,,,,,,,14.1,",,W",19,",,W",,,,,1,",,W",,,,,,,,,,,,,1,",,W",,,,,,,,,,,,,,,,,,,,,,,,,,
USW00014836,"LANSING CAPITAL CITY AIRPORT, MI US",42.77609,-84.59972,261.2,8/27/2022,,,,,57,",,W",30.08,",,W",29.16,",,W",62,",,W",4.47,",,W",,,,,,,,,,,,,0,",,W,2400",,,68,",,W",47,",,W",93,",,W",0,",,W,2400",0,",,W,2400",68,"H,,S",,,81,",,W",56,",,W",,,,,150,",,W",170,",,W",,,,,,,,,13,",,W",18.1,",,W",,,,,1,",,W",,,,,,,,,,,,,,,,,,,,,,,,,,,,,,,,,,,,,,,,
USW00014836,"LANSING CAPITAL CITY AIRPORT, MI US",42.77609,-84.59972,261.2,8/28/2022,,,,,65,",,W",29.95,",,W",29.04,",,W",68,",,W",10.51,",,W",,,,,,,,,,,,,0,",,W,2400",,,71,",,W",57,",,W",90,",,W",0,",,W,2400",0,",,W,2400",73,"H,,S",,,86,",,W",60,",,W",,,,,180,",,W",180,",,W",,,,,,,,,19.9,",,W",28,",,W",,,,,,,,,,,,,,,,,,,,,,,,,,,,,,,,,,,,,,,,,,,,,,
USW00014836,"LANSING CAPITAL CITY AIRPORT, MI US",42.77609,-84.59972,261.2,8/29/2022,,,,,68,",,W",29.85,",,W",28.93,",,W",70,",,W",10.74,",,W",,,,,,,,,,,,,0.34,",,W,2400",,,85,",,W",71,",,W",93,",,W",0,",,W,2400",0,",,W,2400",77,"H,,S",,,86,",,W",67,",,W",,,,,300,",,W",300,",,W",,,,,,,,,35.1,",,W",51,",,W",,,,,1,",,W",,,1,",,W",,,,,,,,,,,,,,,,,,,,,,,,,,,,,,,,,,,,
USW00014836,"LANSING CAPITAL CITY AIRPORT, MI US",42.77609,-84.59972,261.2,8/30/2022,,,,,61,",,W",29.86,",,W",28.94,",,W",65,",,W",12.97,",,W",,,,,,,,,,,,,0,"T,,W,2400",,,71,",,W",50,",,W",87,",,W",0,",,W,2400",0,",,W,2400",71,"H,,S",,,78,",,W",62,",,W",,,,,270,",,W",260,",,W",,,,,,,,,23,",,W",33.1,",,W",,,,,,,,,,,,,,,,,,,,,,,,,,,,,,,,,,,,,,,,,,,,,,
USW00014836,"LANSING CAPITAL CITY AIRPORT, MI US",42.77609,-84.59972,261.2,8/31/2022,,,,,58,",,W",29.94,",,W",29.02,",,W",63,",,W",10.29,",,W",,,,,,,,,,,,,0,",,W,2400",,,64,",,W",42,",,W",87,",,W",0,",,W,2400",0,",,W,2400",70,"H,,S",,,81,",,W",60,",,W",,,,,260,",,W",280,",,W",,,,,,,,,21.9,",,W",31.1,",,W",,,,,,,,,,,,,,,,,,,,,,,,,,,,,,,,,,,,,,,,,,,,,,
USW00014836,"LANSING CAPITAL CITY AIRPORT, MI US",42.77609,-84.59972,261.2,9/1/2022,,,,,59,",,W",30.03,",,W",29.1,",,W",64,",,W",2.68,",,W",,,,,,,,,,,,,0,",,W,2400",,,64,",,W",38,",,W",96,",,W",0,",,W,2400",0,",,W,2400",72,"H,,S",,,86,",,W",56,",,W",,,,,180,",,W",,,,,,,,,,,6.9,",,W",,,,,,,1,",,W",,,,,,,,,,,,,,,,,,,,,,,,,,,,,,,,,,,,,,,,
USW00014836,"LANSING CAPITAL CITY AIRPORT, MI US",42.77609,-84.59972,261.2,9/2/2022,,,,,65,",,W",30.07,",,W",29.15,",,W",68,",,W",7.83,",,W",,,,,,,,,,,,,0,",,W,2400",,,70,",,W",55,",,W",84,",,W",0,",,W,2400",0,",,W,2400",75,"H,,S",,,84,",,W",66,",,W",,,,,170,",,W",200,",,W",,,,,,,,,16.1,",,W",25.1,",,W",,,,,,,,,,,,,,,,,,,,,,,,,,,,,,,,,,,,,,,,,,,,,,
USW00014836,"LANSING CAPITAL CITY AIRPORT, MI US",42.77609,-84.59972,261.2,9/3/2022,,,,,65,",,W",30.1,",,W",29.17,",,W",69,",,W",6.04,",,W",,,,,,,,,,,,,0.57,",,W,2400",,,74,",,W",51,",,W",91,",,W",0,",,W,2400",0,",,W,2400",76,"H,,S",,,87,",,W",66,",,W",,,,,360,",,W",10,",,W",,,,,,,,,18.1,",,W",27.1,",,W",,,,,1,",,W",,,1,",,W",,,,,,,,,,,,,,,,,,,,,,,,,,,,,,,,,,,,
USW00014836,"LANSING CAPITAL CITY AIRPORT, MI US",42.77609,-84.59972,261.2,9/4/2022,,,,,59,",,W",30.14,",,W",29.21,",,W",61,",,W",9.62,",,W",,,,,,,,,,,,,0,",,W,2400",,,84,",,W",76,",,W",97,",,W",0,",,W,2400",0,",,W,2400",67,"H,,S",,,68,",,W",61,",,W",,,,,40,",,W",30,",,W",,,,,,,,,16.1,",,W",21.9,",,W",,,,,1,",,W",,,,,,,,,,,,,,,,,,,,,,,,,,,,,,,,,,,,,,,,
USW00014836,"LANSING CAPITAL CITY AIRPORT, MI US",42.77609,-84.59972,261.2,9/5/2022,,,,,61,",,W",30.11,",,W",29.17,",,W",63,",,W",6.71,",,W",,,,,,,,,,,,,0,",,W,2400",,,86,",,W",74,",,W",93,",,W",0,",,W,2400",0,",,W,2400",64,"H,,S",,,73,",,W",58,",,W",,,,,30,",,W",50,",,W",,,,,,,,,14.1,",,W",17,",,W",,,,,1,",,W",,,,,,,,,,,,,,,,,,,,,,,,,,,,,,,,,,,,,,,,
USW00014836,"LANSING CAPITAL CITY AIRPORT, MI US",42.77609,-84.59972,261.2,9/6/2022,,,,,61,",,W",30.13,",,W",29.2,",,W",63,",,W",2.68,",,W",,,,,,,,,,,,,0,",,W,2400",,,83,",,W",69,",,W",96,",,W",0,",,W,2400",0,",,W,2400",67,"H,,S",,,75,",,W",61,",,W",,,,,310,",,W",40,",,W",,,,,,,,,8.1,",,W",16.1,",,W",,,,,1,",,W",,,,,,,,,,,,,,,,,,,,,,,,,,,,,,,,,,,,,,,,
USW00014836,"LANSING CAPITAL CITY AIRPORT, MI US",42.77609,-84.59972,261.2,9/7/2022,,,,,55,",,W",30.11,",,W",29.18,",,W",59,",,W",2.91,",,W",,,,,,,,,,,,,0,",,W,2400",,,72,",,W",45,",,W",93,",,W",0,",,W,2400",0,",,W,2400",65,"H,,S",,,77,",,W",54,",,W",,,,,320,",,W",40,",,W",,,,,,,,,12.1,",,W",18.1,",,W",,,,,1,",,W",,,,,,,,,,,,,,,,,,,,,,,,,,,,,,,,,,,,,,,,
USW00014836,"LANSING CAPITAL CITY AIRPORT, MI US",42.77609,-84.59972,261.2,9/8/2022,,,,,57,",,W",29.99,",,W",29.08,",,W",61,",,W",1.34,",,W",,,,,,,,,,,,,0,",,W,2400",,,71,",,W",45,",,W",93,",,W",0,",,W,2400",0,",,W,2400",66,"H,,S",,,82,",,W",53,",,W",,,,,290,",,W",280,",,W",,,,,,,,,8.1,",,W",12.1,",,W",,,,,,,,,,,,,,,,,,,,,,,,,,,,,,,,,,,,,,,,,,,,,,
USW00014836,"LANSING CAPITAL CITY AIRPORT, MI US",42.77609,-84.59972,261.2,9/9/2022,,,,,58,",,W",29.99,",,W",29.05,",,W",63,",,W",5.37,",,W",,,,,,,,,,,,,0,",,W,2400",,,67,",,W",49,",,W",90,",,W",0,",,W,2400",0,",,W,2400",69,"H,,S",,,81,",,W",56,",,W",,,,,220,",,W",210,",,W",,,,,,,,,15,",,W",19.9,",,W",,,,,,,,,,,,,,,,,,,,,,,,,,,,,,,,,,,,,,,,,,,,,,
USW00014836,"LANSING CAPITAL CITY AIRPORT, MI US",42.77609,-84.59972,261.2,9/10/2022,,,,,64,",,W",30.04,",,W",29.11,",,W",68,",,W",6.93,",,W",,,,,,,,,,,,,0,",,W,2400",,,71,",,W",45,",,W",93,",,W",0,",,W,2400",0,",,W,2400",74,"H,,S",,,86,",,W",65,",,W",,,,,220,",,W",220,",,W",,,,,,,,,17,",,W",23.9,",,W",,,,,,,,,,,,,,,,,,,,,,,,,,,,,,,,,,,,,,,,,,,,,,
USW00014836,"LANSING CAPITAL CITY AIRPORT, MI US",42.77609,-84.59972,261.2,9/11/2022,,,,,66,",,W",29.92,",,W",29.02,",,W",67,",,W",5.37,",,W",,,,,,,,,,,,,0.22,",,W,2400",,,87,",,W",78,",,W",90,",,W",0,",,W,2400",0,",,W,2400",71,"H,,S",,,73,",,W",65,",,W",,,,,240,",,W",200,",,W",,,,,,,,,17,",,W",25.1,",,W",,,,,1,",,W",,,,,,,,,,,,,,,,,,,,,,,,,,,,,,,,,,,,,,,,
USW00014836,"LANSING CAPITAL CITY AIRPORT, MI US",42.77609,-84.59972,261.2,9/12/2022,,,,,53,",,W",29.8,",,W",28.87,",,W",57,",,W",7.16,",,W",,,,,,,,,,,,,0,",,W,2400",,,76,",,W",58,",,W",93,",,W",0,",,W,2400",0,",,W,2400",64,"H,,S",,,67,",,W",51,",,W",,,,,210,",,W",200,",,W",,,,,,,,,19.9,",,W",23.9,",,W",,,,,,,,,,,,,,,,,,,,,,,,,,,,,,,,,,,,,,,,,,,,,,
USW00014836,"LANSING CAPITAL CITY AIRPORT, MI US",42.77609,-84.59972,261.2,9/13/2022,,,,,54,",,W",29.86,",,W",28.91,",,W",57,",,W",4.47,",,W",,,,,,,,,,,,,0,"T,,W,2400",,,78,",,W",57,",,W",97,",,W",0,",,W,2400",0,",,W,2400",59,"H,,S",,,72,",,W",47,",,W",,,,,270,",,W",270,",,W",,,,,,,,,14.1,",,W",18.1,",,W",,,,,1,",,W",,,,,,,,,,,,,,,,,,,,,,,,,,,,,,,,,,,,,,,,
USW00014836,"LANSING CAPITAL CITY AIRPORT, MI US",42.77609,-84.59972,261.2,9/14/2022,,,,,60,",,W",30.11,",,W",29.15,",,W",62,",,W",4.25,",,W",,,,,,,,,,,,,0,",,W,2400",,,80,",,W",60,",,W",93,",,W",0,",,W,2400",0,",,W,2400",67,"H,,S",,,77,",,W",55,",,W",,,,,340,",,W",340,",,W",,,,,,,,,12.1,",,W",16.1,",,W",,,,,1,",,W",,,,,,,,,,,,,,,,,,,,,,,,,,,,,,,,,,,,,,,,
USW00014836,"LANSING CAPITAL CITY AIRPORT, MI US",42.77609,-84.59972,261.2,9/15/2022,,,,,57,",,W",30.23,",,W",29.29,",,W",60,",,W",5.82,",,W",,,,,,,,,,,,,0,",,W,2400",,,76,",,W",56,",,W",90,",,W",0,",,W,2400",0,",,W,2400",65,"H,,S",,,77,",,W",54,",,W",,,,,140,",,W",180,",,W",,,,,,,,,13,",,W",16.1,",,W",,,,,,,,,,,,,,,,,,,,,,,,,,,,,,,,,,,,,,,,,,,,,,
USW00014836,"LANSING CAPITAL CITY AIRPORT, MI US",42.77609,-84.59972,261.2,9/16/2022,,,,,61,",,W",30.15,",,W",29.23,",,W",64,",,W",5.37,",,W",,,,,,,,,,,,,0,",,W,2400",,,75,",,W",54,",,W",93,",,W",0,",,W,2400",0,",,W,2400",69,"H,,S",,,81,",,W",59,",,W",,,,,200,",,W",200,",,W",,,,,,,,,13,",,W",17,",,W",,,,,1,",,W",,,,,,,,,,,,,,,,,,,,,,,,,,,,,,,,,,,,,,,,
USW00014836,"LANSING CAPITAL CITY AIRPORT, MI US",42.77609,-84.59972,261.2,9/17/2022,,,,,61,",,W",30.06,",,W",29.15,",,W",65,",,W",7.61,",,W",,,,,,,,,,,,,0,",,W,2400",,,68,",,W",49,",,W",90,",,W",0,",,W,2400",0,",,W,2400",72,"H,,S",,,85,",,W",62,",,W",,,,,230,",,W",240,",,W",,,,,,,,,18.1,",,W",25.9,",,W",,,,,1,",,W",,,,,,,,,,,,,1,",,W",,,,,,,,,,,,,,,,,,,,,,,,,,
USW00014836,"LANSING CAPITAL CITY AIRPORT, MI US",42.77609,-84.59972,261.2,9/18/2022,,,,,63,",,W",29.94,",,W",29.03,",,W",67,",,W",8.95,",,W",,,,,,,,,,,,,0.11,",,W,2400",,,70,",,W",55,",,W",91,",,W",0,",,W,2400",0,",,W,2400",74,"H,,S",,,82,",,W",67,",,W",,,,,230,",,W",220,",,W",,,,,,,,,17,",,W",28,",,W",,,,,1,",,W",,,,,,,,,,,,,,,,,,,,,,,,,,,,,,,,,,,,,,,,
USW00014836,"LANSING CAPITAL CITY AIRPORT, MI US",42.77609,-84.59972,261.2,9/19/2022,,,,,59,",,W",29.93,",,W",29,",,W",64,",,W",6.49,",,W",,,,,,,,,,,,,0,",,W,2400",,,69,",,W",42,",,W",87,",,W",0,",,W,2400",0,",,W,2400",72,"H,,S",,,80,",,W",59,",,W",,,,,320,",,W",310,",,W",,,,,,,,,17,",,W",23.9,",,W",,,,,,,,,1,",,W",,,,,,,,,,,,,,,,,,,,,,,,,,,,,,,,,,,,
USW00014836,"LANSING CAPITAL CITY AIRPORT, MI US",42.77609,-84.59972,261.2,9/20/2022,,,,,59,",,W",29.99,",,W",29.08,",,W",61,",,W",6.71,",,W",,,,,,,,,,,,,0.93,",,W,2400",,,82,",,W",61,",,W",93,",,W",0,",,W,2400",0,",,W,2400",64,"H,,S",,,73,",,W",55,",,W",,,,,330,",,W",320,",,W",,,,,,,,,25.9,",,W",38.9,",,W",,,,,1,",,W",,,1,",,W",,,,,,,,,,,,,,,,,,,,,,,,,,,,,,,,,,,,
USW00014836,"LANSING CAPITAL CITY AIRPORT, MI US",42.77609,-84.59972,261.2,9/21/2022,,,,,61,",,W",29.81,",,W",28.9,",,W",65,",,W",11.63,",,W",,,,,,,,,,,,,0.12,",,W,2400",,,71,",,W",54,",,W",85,",,W",0,",,W,2400",0,",,W,2400",72,"H,,S",,,83,",,W",59,",,W",,,,,280,",,W",240,",,W",,,,,,,,,21,",,W",28,",,W",,,,,1,",,W",,,1,",,W",,,,,,,,,,,,,,,,,,,,,,,,,,,,,,,,,,,,
USW00014836,"LANSING CAPITAL CITY AIRPORT, MI US",42.77609,-84.59972,261.2,9/22/2022,,,,,42,",,W",30.07,",,W",29.09,",,W",49,",,W",10.29,",,W",,,,,,,,,,,,,0,"T,,W,2400",,,64,",,W",48,",,W",78,",,W",0,",,W,2400",0,",,W,2400",59,"H,,S",,,63,",,W",45,",,W",,,,,320,",,W",320,",,W",,,,,,,,,23.9,",,W",35.1,",,W",,,,,,,,,,,,,,,,,,,,,,,,,,,,,,,,,,,,,,,,,,,,,,
USW00014836,"LANSING CAPITAL CITY AIRPORT, MI US",42.77609,-84.59972,261.2,9/23/2022,,,,,41,",,W",30.22,",,W",29.27,",,W",47,",,W",2.46,",,W",,,,,,,,,,,,,0,",,W,2400",,,69,",,W",40,",,W",93,",,W",0,",,W,2400",0,",,W,2400",51,"H,,S",,,65,",,W",39,",,W",,,,,70,",,W",110,",,W",,,,,,,,,8.1,",,W",12.1,",,W",,,,,,,,,,,,,,,,,,,,,,,,,,,,,,,,,,,,,,,,,,,,,,
USW00014836,"LANSING CAPITAL CITY AIRPORT, MI US",42.77609,-84.59972,261.2,9/24/2022,,,,,50,",,W",29.93,",,W",29.03,",,W",53,",,W",4.25,",,W",,,,,,,,,,,,,0.03,",,W,2400",,,78,",,W",67,",,W",90,",,W",0,",,W,2400",0,",,W,2400",56,"H,,S",,,63,",,W",52,",,W",,,,,200,",,W",220,",,W",,,,,,,,,12.1,",,W",17,",,W",,,,,,,,,,,,,,,,,,,,,,,,,,,,,,,,,,,,,,,,,,,,,,
USW00014836,"LANSING CAPITAL CITY AIRPORT, MI US",42.77609,-84.59972,261.2,9/25/2022,,,,,53,",,W",29.67,",,W",28.75,",,W",55,",,W",6.04,",,W",,,,,,,,,,,,,0.1,",,W,2400",,,86,",,W",75,",,W",93,",,W",0,",,W,2400",0,",,W,2400",58,"H,,S",,,64,",,W",54,",,W",,,,,330,",,W",340,",,W",,,,,,,,,16.1,",,W",25.9,",,W",,,,,1,",,W",,,,,,,,,,,,,1,",,W",,,,,,,,,,,,,,,,,,,,,,,,,,
USW00014836,"LANSING CAPITAL CITY AIRPORT, MI US",42.77609,-84.59972,261.2,9/26/2022,,,,,48,",,W",29.73,",,W",28.77,",,W",51,",,W",14.09,",,W",,,,,,,,,,,,,0.07,",,W,2400",,,83,",,W",67,",,W",89,",,W",0,",,W,2400",0,",,W,2400",54,"H,,S",,,60,",,W",50,",,W",,,,,270,",,W",280,",,W",,,,,,,,,25.1,",,W",35.1,",,W",,,,,1,",,W",,,,,,,,,,,,,1,",,W",,,,,,,,,,,,,,,,,,,,,,,,,,
USW00014836,"LANSING CAPITAL CITY AIRPORT, MI US",42.77609,-84.59972,261.2,9/27/2022,,,,,45,",,W",29.99,",,W",29.02,",,W",48,",,W",10.29,",,W",,,,,,,,,,,,,0.02,",,W,2400",,,81,",,W",53,",,W",93,",,W",0,",,W,2400",0,",,W,2400",52,"H,,S",,,60,",,W",47,",,W",,,,,290,",,W",310,",,W",,,,,,,,,21,",,W",27.1,",,W",,,,,,,,,,,,,,,,,,,,,,,,,,,,,,,,,,,,,,,,,,,,,,
USW00014836,"LANSING CAPITAL CITY AIRPORT, MI US",42.77609,-84.59972,261.2,9/28/2022,,,,,43,",,W",30.4,",,W",29.41,",,W",47,",,W",6.71,",,W",,,,,,,,,,,,,0,",,W,2400",,,75,",,W",62,",,W",86,",,W",0,",,W,2400",0,",,W,2400",50,"H,,S",,,56,",,W",46,",,W",,,,,330,",,W",330,",,W",,,,,,,,,14.1,",,W",19.9,",,W",,,,,,,,,,,,,,,,,,,,,,,,,,,,,,,,,,,,,,,,,,,,,,
USW00014836,"LANSING CAPITAL CITY AIRPORT, MI US",42.77609,-84.59972,261.2,9/29/2022,,,,,42,",,W",30.49,",,W",29.54,",,W",47,",,W",2.01,",,W",,,,,,,,,,,,,0,",,W,2400",,,69,",,W",46,",,W",89,",,W",0,",,W,2400",0,",,W,2400",53,"H,,S",,,62,",,W",43,",,W",,,,,20,",,W",20,",,W",,,,,,,,,10.1,",,W",13,",,W",,,,,,,,,,,,,,,,,,,,,,,,,,,,,,,,,,,,,,,,,,,,,,
USW00014836,"LANSING CAPITAL CITY AIRPORT, MI US",42.77609,-84.59972,261.2,9/30/2022,,,,,42,",,W",30.31,",,W",29.36,",,W",47,",,W",3.13,",,W",,,,,,,,,,,,,0,",,W,2400",,,70,",,W",43,",,W",93,",,W",0,",,W,2400",0,",,W,2400",51,"H,,S",,,67,",,W",38,",,W",,,,,50,",,W",30,",,W",,,,,,,,,10.1,",,W",15,",,W",,,,,1,",,W",,,,,,,,,,,,,,,,,,,,,,,,,,,,,,,,,,,,,,,,
USW00014836,"LANSING CAPITAL CITY AIRPORT, MI US",42.77609,-84.59972,261.2,10/1/2022,,,,,48,",,W",30.17,",,W",29.26,",,W",53,",,W",7.61,",,W",,,,,,,,,,,,,0,",,W,2400",,,70,",,W",42,",,W",93,",,W",0,",,W,2400",0,",,W,2400",55,"H,,S",,,70,",,W",42,",,W",,,,,30,",,W",30,",,W",,,,,,,,,21,",,W",30,",,W",,,,,1,",,W",1,",,W",,,,,,,,,,,,,,,,,,,,,,,,,,,,,,,,,,,,,,
USW00014836,"LANSING CAPITAL CITY AIRPORT, MI US",42.77609,-84.59972,261.2,10/2/2022,,,,,49,",,W",30.28,",,W",29.39,",,W",55,",,W",10.07,",,W",,,,,,,,,,,,,0,",,W,2400",,,66,",,W",43,",,W",84,",,W",0,",,W,2400",0,",,W,2400",58,"H,,S",,,65,",,W",41,",,W",,,,,50,",,W",40,",,W",,,,,,,,,21,",,W",28,",,W",,,,,,,,,,,,,,,,,,,,,,,,,,,,,,,,,,,,,,,,,,,,,,
USW00014836,"LANSING CAPITAL CITY AIRPORT, MI US",42.77609,-84.59972,261.2,10/3/2022,,,,,44,",,W",30.33,",,W",29.42,",,W",49,",,W",1.12,",,W",,,,,,,,,,,,,0,",,W,2400",,,72,",,W",31,",,W",97,",,W",0,",,W,2400",0,",,W,2400",49,"H,,S",,,68,",,W",36,",,W",,,,,120,",,W",120,",,W",,,,,,,,,8.1,",,W",11,",,W",,,,,1,",,W",1,",,W",,,,,,,,,,,,,,,,,,,,,,,,,,,,,,,,,,,,,,
USW00014836,"LANSING CAPITAL CITY AIRPORT, MI US",42.77609,-84.59972,261.2,10/4/2022,,,,,59,",,W",30.14,",,W",29.29,",,W",61,",,W",2.01,",,W",,,,,,,,,,,,,0,",,W,2400",,,84,",,W",76,",,W",97,",,W",0,",,W,2400",0,",,W,2400",53,"H,,S",,,73,",,W",38,",,W",,,,,270,",,W",260,",,W",,,,,,,,,8.9,",,W",13,",,W",,,,,,,,,,,,,,,,,,,,,,,,,,,,,,,,,,,,,,,,,,,,,,
USW00014836,"LANSING CAPITAL CITY AIRPORT, MI US",42.77609,-84.59972,261.2,10/5/2022,,,,,45,",,W",30.1,",,W",29.17,",,W",51,",,W",2.68,",,W",,,,,,,,,,,,,0,",,W,2400",,,63,",,W",31,",,W",93,",,W",0,",,W,2400",0,",,W,2400",58,"H,,S",,,76,",,W",44,",,W",,,,,250,",,W",270,",,W",,,,,,,,,12.1,",,W",16.1,",,W",,,,,1,",,W",,,,,,,,,,,,,1,",,W",,,,,,,,,,,,,,,,,,,,,,,,,,
USW00014836,"LANSING CAPITAL CITY AIRPORT, MI US",42.77609,-84.59972,261.2,10/6/2022,,,,,47,",,W",30.01,",,W",29.07,",,W",52,",,W",7.61,",,W",,,,,,,,,,,,,0.05,",,W,2400",,,66,",,W",44,",,W",89,",,W",0,",,W,2400",0,",,W,2400",60,"H,,S",,,72,",,W",46,",,W",,,,,340,",,W",350,",,W",,,,,,,,,21,",,W",32,",,W",,,,,1,",,W",,,,,,,,,,,,,,,,,,,,,,,,,,,,,,,,,,,,,,,,
USW00014836,"LANSING CAPITAL CITY AIRPORT, MI US",42.77609,-84.59972,261.2,10/7/2022,,,,,35,",,W",30.3,",,W",29.31,",,W",41,",,W",8.95,",,W",,,,,,,,,,,,,0,",,W,2400",,,66,",,W",48,",,W",93,",,W",0,",,W,2400",0,",,W,2400",47,"H,,S",,,52,",,W",35,",,W",,,,,360,",,W",340,",,W",,,,,,,,,17,",,W",29.1,",,W",,,,,,,,,,,,,,,,,,,,,,,,,,,,,,,,,,,,,,,,,,,,,,
USW00014836,"LANSING CAPITAL CITY AIRPORT, MI US",42.77609,-84.59972,261.2,10/8/2022,,,,,33,",,W",30.27,",,W",29.31,",,W",39,",,W",11.41,",,W",,,,,,,,,,,,,0,",,W,2400",,,67,",,W",45,",,W",92,",,W",0,",,W,2400",0,",,W,2400",43,"H,,S",,,54,",,W",33,",,W",,,,,250,",,W",260,",,W",,,,,,,,,25.1,",,W",33.1,",,W",,,,,,,,,,,,,,,,,,,,,,,,,,,,,,,,,,,,,,,,,,,,,,
USW00014836,"LANSING CAPITAL CITY AIRPORT, MI US",42.77609,-84.59972,261.2,10/9/2022,,,,,39,",,W",30.11,",,W",29.16,",,W",46,",,W",8.5,",,W",,,,,,,,,,,,,0,"T,,W,2400",,,60,",,W",38,",,W",77,",,W",0,",,W,2400",0,",,W,2400",51,"H,,S",,,67,",,W",40,",,W",,,,,260,",,W",260,",,W",,,,,,,,,21,",,W",25.9,",,W",,,,,,,,,,,,,,,,,,,,,,,,,,,,,,,,,,,,,,,,,,,,,,
USW00014836,"LANSING CAPITAL CITY AIRPORT, MI US",42.77609,-84.59972,261.2,10/10/2022,,,,,41,",,W",30.19,",,W",29.23,",,W",47,",,W",3.13,",,W",,,,,,,,,,,,,0,",,W,2400",,,66,",,W",37,",,W",93,",,W",0,",,W,2400",0,",,W,2400",54,"H,,S",,,69,",,W",39,",,W",,,,,170,",,W",170,",,W",,,,,,,,,8.1,",,W",12.1,",,W",,,,,,,,,,,,,,,,,,,,,,,,,,,,,,,,,,,,,,,,,,,,,,
USW00014836,"LANSING CAPITAL CITY AIRPORT, MI US",42.77609,-84.59972,261.2,10/11/2022,,,,,46,",,W",30.11,",,W",29.18,",,W",53,",,W",9.62,",,W",,,,,,,,,,,,,0.34,",,W,2400",,,63,",,W",36,",,W",90,",,W",0,",,W,2400",0,",,W,2400",58,"H,,S",,,76,",,W",45,",,W",,,,,220,",,W",210,",,W",,,,,,,,,23.9,",,W",34,",,W",,,,,1,",,W",,,,,,,,,,,,,,,,,,,,,,,,,,,,,,,,,,,,,,,,
USW00014836,"LANSING CAPITAL CITY AIRPORT, MI US",42.77609,-84.59972,261.2,10/12/2022,,,,,50,",,W",29.75,",,W",28.86,",,W",54,",,W",12.75,",,W",,,,,,,,,,,,,0.18,",,W,2400",,,74,",,W",49,",,W",93,",,W",0,",,W,2400",0,",,W,2400",61,"H,,S",,,71,",,W",45,",,W",,,,,210,",,W",230,",,W",,,,,,,,,31.1,",,W",42.9,",,W",,,,,1,",,W",,,,,,,,,,,,,,,,,,,,,,,,,,,,,,,,,,,,,,,,
USW00014836,"LANSING CAPITAL CITY AIRPORT, MI US",42.77609,-84.59972,261.2,10/13/2022,,,,,39,",,W",29.66,",,W",28.72,",,W",43,",,W",12.08,",,W",,,,,,,,,,,,,0.07,",,W,2400",,,76,",,W",43,",,W",93,",,W",0,",,W,2400",0,",,W,2400",49,"H,,S",,,55,",,W",39,",,W",,,,,240,",,W",270,",,W",,,,,,,,,33.1,",,W",42.9,",,W",,,,,1,",,W",,,,,,,,,,,,,,,,,,,,,,,,,,,,,,,,,,,,,,,,
USW00014836,"LANSING CAPITAL CITY AIRPORT, MI US",42.77609,-84.59972,261.2,10/14/2022,,,,,28,",,W",29.7,",,W",28.77,",,W",39,",,W",10.74,",,W",,,,,,,,,,,,,0,",,W,2400",,,49,",,W",30,",,W",89,",,W",0,",,W,2400",0,",,W,2400",45,"H,,S",,,56,",,W",39,",,W",,,,,220,",,W",210,",,W",,,,,,,,,23.9,",,W",31.1,",,W",,,,,,,,,,,,,,,,,,,,,,,,,,,,,,,,,,,,,,,,,,,,,,
USW00014836,"LANSING CAPITAL CITY AIRPORT, MI US",42.77609,-84.59972,261.2,10/15/2022,,,,,34,",,W",29.84,",,W",28.87,",,W",40,",,W",10.51,",,W",,,,,,,,,,,,,0.09,",,W,2400",,,66,",,W",43,",,W",86,",,W",0,",,W,2400",0,",,W,2400",47,"H,,S",,,53,",,W",39,",,W",,,,,250,",,W",230,",,W",,,,,,,,,25.1,",,W",33.1,",,W",,,,,1,",,W",,,,,,,,,,,,,,,,,,,,,,,,,,,,,,,,,,,,,,,,
USW00014836,"LANSING CAPITAL CITY AIRPORT, MI US",42.77609,-84.59972,261.2,10/16/2022,,,,,38,",,W",29.88,",,W",28.95,",,W",43,",,W",8.72,",,W",,,,,,,,,,,,,0.04,",,W,2400",,,70,",,W",55,",,W",89,",,W",0,",,W,2400",0,",,W,2400",47,"H,,S",,,56,",,W",42,",,W",,,,,250,",,W",240,",,W",,,,,,,,,19.9,",,W",25.1,",,W",,,,,,,,,,,,,,,,,,,,,,,,,,,,,,,,,,,,,,,,,,,,,,
USW00014836,"LANSING CAPITAL CITY AIRPORT, MI US",42.77609,-84.59972,261.2,10/17/2022,,,,,36,",,W",29.68,",,W",28.74,",,W",39,",,W",13.42,",,W",,,,,,,,,,,,,0.21,",,W,2400",,,83,",,W",68,",,W",93,",,W",0,",,W,2400",0,",,W,2400",42,"H,,S",,,49,",,W",37,",,W",,,,,300,",,W",330,",,W",,,,,,,,,21,",,W",32,",,W",,,,,1,",,W",,,,,,,,,,,,,,,,,,,,,,,,,,,,,,,,,,,,,,,,
USW00014836,"LANSING CAPITAL CITY AIRPORT, MI US",42.77609,-84.59972,261.2,10/18/2022,,,,,33,",,W",29.76,",,W",28.8,",,W",37,",,W",16.55,",,W",,,,,,,,,,,,,0.06,",,W,2400",,,79,",,W",67,",,W",86,",,W",0,",,W,2400",0,",,W,2400",40,"H,,S",,,42,",,W",38,",,W",,,,,300,",,W",290,",,W",,,,,,,,,25.1,",,W",38,",,W",,,,,1,",,W",,,,,,,,,,,,,,,,,,,,,,,,,,,,,,,,,,,,,,,,
USW00014836,"LANSING CAPITAL CITY AIRPORT, MI US",42.77609,-84.59972,261.2,10/19/2022,,,,,31,",,W",29.84,",,W",28.89,",,W",37,",,W",13.65,",,W",,,,,,,,,,,,,0.05,",,W,2400",,,71,",,W",55,",,W",86,",,W",0,",,W,2400",0,",,W,2400",41,"H,,S",,,47,",,W",35,",,W",,,,,260,",,W",270,",,W",,,,,,,,,25.1,",,W",33.1,",,W",,,,,,,,,,,,,,,,,,,,,,,,,,,,,,,,,,,,,,,,,,,,,,
USW00014836,"LANSING CAPITAL CITY AIRPORT, MI US",42.77609,-84.59972,261.2,10/20/2022,,,,,29,",,W",29.79,",,W",28.84,",,W",36,",,W",8.5,",,W",,,,,,,,,,,,,0.01,",,W,2400",,,63,",,W",44,",,W",79,",,W",0,"T,,W,2400",0,",,W,2400",40,"H,,S",,,51,",,W",35,",,W",,,,,240,",,W",220,",,W",,,,,,,,,17,",,W",21,",,W",,,,,,,,,,,,,,,,,,,,,,,,,,,,,,,,,,,,,,,,,,,,,,
USW00014836,"LANSING CAPITAL CITY AIRPORT, MI US",42.77609,-84.59972,261.2,10/21/2022,,,,,34,",,W",29.79,",,W",28.86,",,W",45,",,W",10.96,",,W",,,,,,,,,,,,,0,",,W,2400",,,47,",,W",32,",,W",65,",,W",0,",,W,2400",0,",,W,2400",49,"H,,S",,,69,",,W",35,",,W",,,,,200,",,W",200,",,W",,,,,,,,,21,",,W",30,",,W",,,,,,,,,,,,,,,,,,,,,,,,,,,,,,,,,,,,,,,,,,,,,,
USW00014836,"LANSING CAPITAL CITY AIRPORT, MI US",42.77609,-84.59972,261.2,10/22/2022,,,,,43,",,W",29.91,",,W",28.96,",,W",53,",,W",11.86,",,W",,,,,,,,,,,,,0,",,W,2400",,,49,",,W",35,",,W",65,",,W",0,",,W,2400",0,",,W,2400",63,"H,,S",,,76,",,W",51,",,W",,,,,180,",,W",210,",,W",,,,,,,,,21,",,W",31.1,",,W",,,,,,,,,,,,,,,,,,,,,,,,,,,,,,,,,,,,,,,,,,,,,,
USW00014836,"LANSING CAPITAL CITY AIRPORT, MI US",42.77609,-84.59972,261.2,10/23/2022,,,,,49,",,W",30.05,",,W",29.12,",,W",56,",,W",10.29,",,W",,,,,,,,,,,,,0,",,W,2400",,,60,",,W",43,",,W",80,",,W",0,",,W,2400",0,",,W,2400",64,"H,,S",,,76,",,W",53,",,W",,,,,140,",,W",140,",,W",,,,,,,,,23,",,W",34,",,W",,,,,,,,,,,,,,,,,,,,,,,,,,,,,,,,,,,,,,,,,,,,,,
USW00014836,"LANSING CAPITAL CITY AIRPORT, MI US",42.77609,-84.59972,261.2,10/24/2022,,,,,47,",,W",29.99,",,W",29.08,",,W",56,",,W",11.41,",,W",,,,,,,,,,,,,0,",,W,2400",,,48,",,W",38,",,W",63,",,W",0,",,W,2400",0,",,W,2400",67,"H,,S",,,78,",,W",58,",,W",,,,,180,",,W",160,",,W",,,,,,,,,21,",,W",27.1,",,W",,,,,,,,,,,,,,,,,,,,,,,,,,,,,,,,,,,,,,,,,,,,,,
USW00014836,"LANSING CAPITAL CITY AIRPORT, MI US",42.77609,-84.59972,261.2,10/25/2022,,,,,49,",,W",29.76,",,W",28.85,",,W",56,",,W",10.51,",,W",,,,,,,,,,,,,0.09,",,W,2400",,,61,",,W",47,",,W",90,",,W",0,",,W,2400",0,",,W,2400",65,"H,,S",,,72,",,W",54,",,W",,,,,170,",,W",150,",,W",,,,,,,,,23.9,",,W",34,",,W",,,,,1,",,W",,,,,,,,,,,,,,,,,,,,,,,,,,,,,,,,,,,,,,,,
USW00014836,"LANSING CAPITAL CITY AIRPORT, MI US",42.77609,-84.59972,261.2,10/26/2022,,,,,44,",,W",29.84,",,W",28.84,",,W",47,",,W",10.96,",,W",,,,,,,,,,,,,0.36,",,W,2400",,,80,",,W",65,",,W",93,",,W",0,",,W,2400",0,",,W,2400",55,"H,,S",,,61,",,W",41,",,W",,,,,320,",,W",310,",,W",,,,,,,,,21,",,W",31.1,",,W",,,,,1,",,W",,,,,,,,,,,,,,,,,,,,,,,,,,,,,,,,,,,,,,,,
USW00014836,"LANSING CAPITAL CITY AIRPORT, MI US",42.77609,-84.59972,261.2,10/27/2022,,,,,32,",,W",30.38,",,W",29.39,",,W",37,",,W",3.13,",,W",,,,,,,,,,,,,0,",,W,2400",,,70,",,W",47,",,W",89,",,W",0,",,W,2400",0,",,W,2400",42,"H,,S",,,54,",,W",31,",,W",,,,,50,",,W",350,",,W",,,,,,,,,8.9,",,W",14.1,",,W",,,,,,,,,,,,,,,,,,,,,,,,,,,,,,,,,,,,,,,,,,,,,,
USW00014836,"LANSING CAPITAL CITY AIRPORT, MI US",42.77609,-84.59972,261.2,10/28/2022,,,,,36,",,W",30.45,",,W",29.49,",,W",41,",,W",3.58,",,W",,,,,,,,,,,,,0,",,W,2400",,,70,",,W",47,",,W",89,",,W",0,",,W,2400",0,",,W,2400",45,"H,,S",,,60,",,W",35,",,W",,,,,100,",,W",140,",,W",,,,,,,,,8.9,",,W",14.1,",,W",,,,,,,,,,,,,,,,,,,,,,,,,,,,,,,,,,,,,,,,,,,,,,
USW00014836,"LANSING CAPITAL CITY AIRPORT, MI US",42.77609,-84.59972,261.2,10/29/2022,,,,,34,",,W",30.35,",,W",29.41,",,W",41,",,W",2.24,",,W",,,,,,,,,,,,,0,",,W,2400",,,66,",,W",34,",,W",97,",,W",0,",,W,2400",0,",,W,2400",46,"H,,S",,,64,",,W",29,",,W",,,,,130,",,W",120,",,W",,,,,,,,,8.9,",,W",12.1,",,W",,,,,1,",,W",1,",,W",,,,,,,,,,,,,,,,,,,,,,,,,,,,,,,,,,,,,,
USW00014836,"LANSING CAPITAL CITY AIRPORT, MI US",42.77609,-84.59972,261.2,10/30/2022,,,,,41,",,W",30.07,",,W",29.15,",,W",46,",,W",2.68,",,W",,,,,,,,,,,,,0,",,W,2400",,,71,",,W",54,",,W",89,",,W",0,",,W,2400",0,",,W,2400",49,"H,,S",,,61,",,W",35,",,W",,,,,170,",,W",170,",,W",,,,,,,,,8.9,",,W",11,",,W",,,,,1,",,W",,,,,,,,,,,,,1,",,W",,,,,,,,,,,,,,,,,,,,,,,,,,
USW00014836,"LANSING CAPITAL CITY AIRPORT, MI US",42.77609,-84.59972,261.2,10/31/2022,,,,,52,",,W",29.86,",,W",28.92,",,W",53,",,W",2.01,",,W",,,,,,,,,,,,,0.29,",,W,2400",,,91,",,W",77,",,W",97,",,W",0,",,W,2400",0,",,W,2400",54,"H,,S",,,59,",,W",50,",,W",,,,,130,",,W",130,",,W",,,,,,,,,8.1,",,W",8.9,",,W",,,,,1,",,W",1,",,W",,,,,,,,,,,,,,,,,,,,,,,,,,,,,,,,,,,,,,
USW00014836,"LANSING CAPITAL CITY AIRPORT, MI US",42.77609,-84.59972,261.2,11/1/2022,,,,,47,",,W",30.12,",,W",29.13,",,W",51,",,W",5.59,",,W",,,,,,,,,,,,,0,",,W,2400",,,77,",,W",44,",,W",96,",,W",0,",,W,2400",0,",,W,2400",57,"H,,S",,,67,",,W",43,",,W",,,,,250,",,W",280,",,W",,,,,,,,,14.1,",,W",19,",,W",,,,,1,",,W",1,",,W",,,,,,,,,,,1,",,W",,,,,,,,,,,,,,,,,,,,,,,,,,
USW00014836,"LANSING CAPITAL CITY AIRPORT, MI US",42.77609,-84.59972,261.2,11/2/2022,,,,,42,",,W",30.3,",,W",29.34,",,W",48,",,W",4.03,",,W",,,,,,,,,,,,,0,",,W,2400",,,69,",,W",39,",,W",93,",,W",0,",,W,2400",0,",,W,2400",52,"H,,S",,,69,",,W",38,",,W",,,,,190,",,W",170,",,W",,,,,,,,,13,",,W",16.1,",,W",,,,,1,",,W",,,,,,,,,,,,,1,",,W",,,,,,,,,,,,,,,,,,,,,,,,,,
USW00014836,"LANSING CAPITAL CITY AIRPORT, MI US",42.77609,-84.59972,261.2,11/3/2022,,,,,48,",,W",30.18,",,W",29.25,",,W",53,",,W",9.4,",,W",,,,,,,,,,,,,0,",,W,2400",,,69,",,W",46,",,W",90,",,W",0,",,W,2400",0,",,W,2400",58,"H,,S",,,71,",,W",49,",,W",,,,,210,",,W",200,",,W",,,,,,,,,18.1,",,W",23.9,",,W",,,,,1,",,W",,,,,,,,,,,,,1,",,W",,,,,,,,,,,,,,,,,,,,,,,,,,
USW00014836,"LANSING CAPITAL CITY AIRPORT, MI US",42.77609,-84.59972,261.2,11/4/2022,,,,,51,",,W",29.95,",,W",29.04,",,W",56,",,W",13.87,",,W",,,,,,,,,,,,,0.03,",,W,2400",,,62,",,W",55,",,W",75,",,W",0,",,W,2400",0,",,W,2400",62,"H,,S",,,71,",,W",53,",,W",,,,,180,",,W",170,",,W",,,,,,,,,23,",,W",35.1,",,W",,,,,,,,,,,,,,,,,,,,,,,,,,,,,,,,,,,,,,,,,,,,,,
USW00014836,"LANSING CAPITAL CITY AIRPORT, MI US",42.77609,-84.59972,261.2,11/5/2022,,,,,49,",,W",29.66,",,W",28.74,",,W",56,",,W",20.58,",,W",,,,,,,,,,,,,0.08,",,W,2400",,,60,",,W",50,",,W",76,",,W",0,",,W,2400",0,",,W,2400",66,"H,,S",,,71,",,W",50,",,W",,,,,220,",,W",210,",,W",,,,,,,,,42.9,",,W",59.9,",,W",,,,,,,,,,,,,,,,,,,1,",,W",,,,,,,,,,,,,,,,,,,,,,,,,,
USW00014836,"LANSING CAPITAL CITY AIRPORT, MI US",42.77609,-84.59972,261.2,11/6/2022,,,,,38,",,W",29.96,",,W",28.98,",,W",46,",,W",12.3,",,W",,,,,,,,,,,,,0,",,W,2400",,,57,",,W",32,",,W",76,",,W",0,",,W,2400",0,",,W,2400",54,"H,,S",,,65,",,W",43,",,W",,,,,210,",,W",210,",,W",,,,,,,,,23,",,W",28,",,W",,,,,,,,,,,,,,,,,,,,,,,,,,,,,,,,,,,,,,,,,,,,,,
USW00014836,"LANSING CAPITAL CITY AIRPORT, MI US",42.77609,-84.59972,261.2,11/7/2022,,,,,28,",,W",30.44,",,W",29.42,",,W",39,",,W",10.51,",,W",,,,,,,,,,,,,0,",,W,2400",,,47,",,W",35,",,W",65,",,W",0,",,W,2400",0,",,W,2400",51,"H,,S",,,54,",,W",37,",,W",,,,,300,",,W",290,",,W",,,,,,,,,16.1,",,W",21,",,W",,,,,,,,,,,,,,,,,,,,,,,,,,,,,,,,,,,,,,,,,,,,,,
USW00014836,"LANSING CAPITAL CITY AIRPORT, MI US",42.77609,-84.59972,261.2,11/8/2022,,,,,31,",,W",30.66,",,W",29.7,",,W",38,",,W",6.71,",,W",,,,,,,,,,,,,0,",,W,2400",,,64,",,W",52,",,W",79,",,W",0,",,W,2400",0,",,W,2400",42,"H,,S",,,53,",,W",33,",,W",,,,,100,",,W",100,",,W",,,,,,,,,16.1,",,W",21,",,W",,,,,,,,,,,,,,,,,,,,,,,,,,,,,,,,,,,,,,,,,,,,,,
USW00014836,"LANSING CAPITAL CITY AIRPORT, MI US",42.77609,-84.59972,261.2,11/9/2022,,,,,36,",,W",30.31,",,W",29.39,",,W",45,",,W",8.72,",,W",,,,,,,,,,,,,0,",,W,2400",,,53,",,W",34,",,W",89,",,W",0,",,W,2400",0,",,W,2400",50,"H,,S",,,66,",,W",39,",,W",,,,,180,",,W",190,",,W",,,,,,,,,14.1,",,W",19,",,W",,,,,,,,,,,,,,,,,,,,,,,,,,,,,,,,,,,,,,,,,,,,,,
USW00014836,"LANSING CAPITAL CITY AIRPORT, MI US",42.77609,-84.59972,261.2,11/10/2022,,,,,43,",,W",30.02,",,W",29.11,",,W",53,",,W",10.96,",,W",,,,,,,,,,,,,0,",,W,2400",,,46,",,W",34,",,W",58,",,W",0,",,W,2400",0,",,W,2400",64,"H,,S",,,76,",,W",54,",,W",,,,,190,",,W",200,",,W",,,,,,,,,21,",,W",28,",,W",,,,,,,,,,,,,,,,,,,,,,,,,,,,,,,,,,,,,,,,,,,,,,
USW00014836,"LANSING CAPITAL CITY AIRPORT, MI US",42.77609,-84.59972,261.2,11/11/2022,,,,,38,",,W",29.78,",,W",28.85,",,W",45,",,W",9.62,",,W",,,,,,,,,,,,,0,",,W,2400",,,65,",,W",51,",,W",71,",,W",0,",,W,2400",0,",,W,2400",56,"H,,S",,,61,",,W",35,",,W",,,,,310,",,W",300,",,W",,,,,,,,,19.9,",,W",27.1,",,W",,,,,,,,,,,,,,,,,,,,,,,,,,,,,,,,,,,,,,,,,,,,,,
USW00014836,"LANSING CAPITAL CITY AIRPORT, MI US",42.77609,-84.59972,261.2,11/12/2022,,,,,26,",,W",29.92,",,W",28.94,",,W",33,",,W",9.4,",,W",,,,,,,,,,,,,0,"T,,W,2400",,,67,",,W",60,",,W",79,",,W",0,"T,,W,2400",0,",,W,2400",38,"H,,S",,,40,",,W",33,",,W",,,,,290,",,W",300,",,W",,,,,,,,,18.1,",,W",25.9,",,W",,,,,,,,,,,,,,,,,,,,,,,,,,,,,,,,,,,,,,,,,,,,,,
USW00014836,"LANSING CAPITAL CITY AIRPORT, MI US",42.77609,-84.59972,261.2,11/13/2022,,,,,23,",,W",30.21,",,W",29.21,",,W",30,",,W",9.17,",,W",,,,,,,,,,,,,0,"T,,W,2400",,,65,",,W",46,",,W",78,",,W",0,"T,,W,2400",0,",,W,2400",34,"H,,S",,,41,",,W",31,",,W",,,,,280,",,W",320,",,W",,,,,,,,,15,",,W",21.9,",,W",,,,,,,,,,,,,,,,,,,,,,,,,,,,,,,,,,,,,,,,,,,,,,
USW00014836,"LANSING CAPITAL CITY AIRPORT, MI US",42.77609,-84.59972,261.2,11/14/2022,,,,,21,",,W",30.39,",,W",29.41,",,W",29,",,W",3.8,",,W",,,,,,,,,,,,,0,",,W,2400",,,62,",,W",44,",,W",81,",,W",0,",,W,2400",0,",,W,2400",33,"H,,S",,,39,",,W",27,",,W",,,,,70,",,W",60,",,W",,,,,,,,,8.9,",,W",12.1,",,W",,,,,,,,,,,,,,,,,,,,,,,,,,,,,,,,,,,,,,,,,,,,,,
USW00014836,"LANSING CAPITAL CITY AIRPORT, MI US",42.77609,-84.59972,261.2,11/15/2022,,,,,27,",,W",30.23,",,W",29.28,",,W",31,",,W",7.61,",,W",,,,,,,,,,,,,0.21,",,W,2400",,,79,",,W",54,",,W",92,",,W",1.9,",,W,2400",0,"T,,W,2400",33,"H,,S",,,35,",,W",30,",,W",,,,,60,",,W",100,",,W",,,,,,,,,15,",,W",19.9,",,W",,,,,1,",,W",1,",,W",,,,,,,,,,,,,,,,,,,,,,,,,,,,,,,,,,,,,,
USW00014836,"LANSING CAPITAL CITY AIRPORT, MI US",42.77609,-84.59972,261.2,11/16/2022,,,,,29,",,W",30.04,",,W",29.08,",,W",31,",,W",7.16,",,W",,,,,,,,,,,,,0.01,",,W,2400",,,85,",,W",78,",,W",92,",,W",0,"T,,W,2400",0,"T,,W,2400",33,"H,,S",,,35,",,W",30,",,W",,,,,310,",,W",300,",,W",,,,,,,,,13,",,W",19.9,",,W",,,,,1,",,W",,,,,,,,,,,,,1,",,W",,,,,,,,,,,,,,,,,,,,,,,,,,
USW00014836,"LANSING CAPITAL CITY AIRPORT, MI US",42.77609,-84.59972,261.2,11/17/2022,,,,,25,",,W",30.05,",,W",29.08,",,W",28,",,W",10.96,",,W",,,,,,,,,,,,,0.21,",,W,2400",,,84,",,W",70,",,W",89,",,W",3.3,",,W,2400",0,"T,,W,2400",30,"H,,S",,,35,",,W",25,",,W",,,,,250,",,W",240,",,W",,,,,,,,,25.1,",,W",34,",,W",,,,,1,",,W",1,",,W",,,,,,,,,,,1,",,W",,,,,,,,,,,,,,,,,,,,,,,,,,
USW00014836,"LANSING CAPITAL CITY AIRPORT, MI US",42.77609,-84.59972,261.2,11/18/2022,,,,,22,",,W",30.04,",,W",29.05,",,W",25,",,W",14.32,",,W",,,,,,,,,,,,,0.12,",,W,2400",,,79,",,W",67,",,W",89,",,W",2.6,",,W,2400",5.1,",,W,2400",28,"H,,S",,,31,",,W",22,",,W",,,,,260,",,W",250,",,W",,,,,,,,,25.9,",,W",34,",,W",,,,,1,",,W",1,",,W",,,,,,,,,,,1,",,W",,,,,,,,,,,,,,,,,,,,,,,,,,
USW00014836,"LANSING CAPITAL CITY AIRPORT, MI US",42.77609,-84.59972,261.2,11/19/2022,,,,,14,",,W",30.01,",,W",29.03,",,W",20,",,W",17.22,",,W",,,,,,,,,,,,,0.04,",,W,2400",,,72,",,W",55,",,W",84,",,W",2.3,",,W,2400",5.1,",,W,2400",23,"H,,S",,,25,",,W",18,",,W",,,,,220,",,W",200,",,W",,,,,,,,,29.1,",,W",38,",,W",,,,,1,",,W",,,,,,,,,,,,,1,",,W",,,,,,,,,,,,,,,,,,,,,,,,,,
USW00014836,"LANSING CAPITAL CITY AIRPORT, MI US",42.77609,-84.59972,261.2,11/20/2022,,,,,11,",,W",30.27,",,W",29.26,",,W",18,",,W",12.08,",,W",,,,,,,,,,,,,0,"T,,W,2400",,,67,",,W",55,",,W",81,",,W",0,"T,,W,2400",5.1,",,W,2400",21,"H,,S",,,27,",,W",15,",,W",,,,,240,",,W",270,",,W",,,,,,,,,23.9,",,W",34,",,W",,,,,,,,,,,,,,,,,,,,,,,,,,,,,,,,,,,,,,,,,,,,,,
USW00014836,"LANSING CAPITAL CITY AIRPORT, MI US",42.77609,-84.59972,261.2,11/21/2022,,,,,18,",,W",30.15,",,W",29.17,",,W",27,",,W",13.42,",,W",,,,,,,,,,,,,0,",,W,2400",,,60,",,W",49,",,W",84,",,W",0,",,W,2400",0,",,W,2400",29,"H,,S",,,41,",,W",21,",,W",,,,,240,",,W",240,",,W",,,,,,,,,28,",,W",36,",,W",,,,,,,,,,,,,,,,,,,,,,,,,,,,,,,,,,,,,,,,,,,,,,
USW00014836,"LANSING CAPITAL CITY AIRPORT, MI US",42.77609,-84.59972,261.2,11/22/2022,,,,,23,",,W",30.22,",,W",29.26,",,W",29,",,W",4.7,",,W",,,,,,,,,,,,,0,",,W,2400",,,69,",,W",51,",,W",89,",,W",0,",,W,2400",0,",I,W,2400",31,"H,,S",,,45,",,W",20,",,W",,,,,270,",,W",270,",,W",,,,,,,,,14.1,",,W",18.1,",,W",,,,,1,",,W",,,,,,,,,,,,,1,",,W",,,,,,,,,,,,,,,,,,,,,,,,,,
USW00014836,"LANSING CAPITAL CITY AIRPORT, MI US",42.77609,-84.59972,261.2,11/23/2022,,,,,28,",,W",30.2,",,W",29.23,",,W",34,",,W",1.57,",,W",,,,,,,,,,,,,0,",,W,2400",,,69,",,W",45,",,W",85,",,W",0,",I,W,2400",2,",I,W,2400",37,"H,,S",,,54,",,W",25,",,W",,,,,220,",,W",220,",,W",,,,,,,,,8.9,",,W",12.1,",,W",,,,,1,",,W",,,,,,,,,,,,,1,",,W",,,,,,,,,,,,,,,,,,,,,,,,,,
USW00014836,"LANSING CAPITAL CITY AIRPORT, MI US",42.77609,-84.59972,261.2,11/24/2022,,,,,33,",,W",30.13,",,W",29.2,",,W",40,",,W",6.93,",,W",,,,,,,,,,,,,0,"T,,W,2400",,,67,",,W",45,",,W",90,",,W",0,",,W,2400",0,",,W,2400",42,"H,,S",,,54,",,W",31,",,W",,,,,230,",,W",240,",,W",,,,,,,,,19.9,",,W",28,",,W",,,,,1,",,W",,,,,,,,,,,,,1,",,W",,,,,,,,,,,,,,,,,,,,,,,,,,
USW00014836,"LANSING CAPITAL CITY AIRPORT, MI US",42.77609,-84.59972,261.2,11/25/2022,,,,,33,",,W",30.1,",,W",29.13,",,W",39,",,W",11.41,",,W",,,,,,,,,,,,,0,",,W,2400",,,69,",,W",50,",,W",85,",,W",0,",,W,2400",0,",,W,2400",45,"H,,S",,,49,",,W",33,",,W",,,,,270,",,W",280,",,W",,,,,,,,,19.9,",,W",25.1,",,W",,,,,1,",,W",,,,,,,,,,,,,1,",,W",,,,,,,,,,,,,,,,,,,,,,,,,,
USW00014836,"LANSING CAPITAL CITY AIRPORT, MI US",42.77609,-84.59972,261.2,11/26/2022,,,,,29,",,W",30,",,W",29.08,",,W",37,",,W",10.07,",,W",,,,,,,,,,,,,0,",,W,2400",,,59,",,W",35,",,W",85,",,W",0,",,W,2400",0,",,W,2400",42,"H,,S",,,55,",,W",33,",,W",,,,,230,",,W",240,",,W",,,,,,,,,21,",,W",28,",,W",,,,,,,,,,,,,,,,,,,,,,,,,,,,,,,,,,,,,,,,,,,,,,
USW00014836,"LANSING CAPITAL CITY AIRPORT, MI US",42.77609,-84.59972,261.2,11/27/2022,,,,,33,",,W",29.6,",,W",28.66,",,W",37,",,W",6.93,",,W",,,,,,,,,,,,,0.29,",,W,2400",,,82,",,W",62,",,W",89,",,W",0,",,W,2400",0,",,W,2400",40,"H,,S",,,42,",,W",35,",,W",,,,,330,",,W",350,",,W",,,,,,,,,16.1,",,W",23,",,W",,,,,1,",,W",,,,,,,,,,,,,,,,,,,,,,,,,,,,,,,,,,,,,,,,
USW00014836,"LANSING CAPITAL CITY AIRPORT, MI US",42.77609,-84.59972,261.2,11/28/2022,,,,,27,",,W",29.95,",,W",28.96,",,W",34,",,W",5.37,",,W",,,,,,,,,,,,,0,",,W,2400",,,67,",,W",57,",,W",76,",,W",0,",,W,2400",0,",,W,2400",38,"H,,S",,,40,",,W",33,",,W",,,,,210,",,W",320,",,W",,,,,,,,,12.1,",,W",16.1,",,W",,,,,,,,,,,,,,,,,,,,,,,,,,,,,,,,,,,,,,,,,,,,,,
USW00014836,"LANSING CAPITAL CITY AIRPORT, MI US",42.77609,-84.59972,261.2,11/29/2022,,,,,38,",,W",29.83,",,W",28.94,",,W",42,",,W",13.2,",,W",,,,,,,,,,,,,0.04,",,W,2400",,,75,",,W",69,",,W",86,",,W",0,",,W,2400",0,",,W,2400",42,"H,,S",,,54,",,W",37,",,W",,,,,150,",,W",150,",,W",,,,,,,,,25.9,",,W",36.9,",,W",,,,,1,",,W",,,,,,,,,,,,,1,",,W",,,,,,,,,,,,,,,,,,,,,,,,,,
USW00014836,"LANSING CAPITAL CITY AIRPORT, MI US",42.77609,-84.59972,261.2,11/30/2022,,,,,25,",,W",29.81,",,W",28.8,",,W",31,",,W",23.94,",,W",,,,,,,,,,,,,0.04,",,W,2400",,,68,",,W",61,",,W",86,",,W",0,"T,,W,2400",0,"T,,W,2400",40,"H,,S",,,55,",,W",28,",,W",,,,,260,",,W",260,",,W",,,,,,,,,36.9,",,W",50.1,",,W",,,,,1,",,W",,,,,,,,,,,,,,,,,,,,,,,,,,,,,,,,,,,,,,,,
USW00014836,"LANSING CAPITAL CITY AIRPORT, MI US",42.77609,-84.59972,261.2,12/1/2022,,,,,19,",,W",30.37,",,W",29.38,",,W",27,",,W",11.18,",,W",,,,,,,,,,,,,0,",,W,2400",,,62,",,W",52,",,W",71,",,W",0,",,W,2400",0,",,W,2400",30,"H,,S",,,36,",,W",26,",,W",,,,,270,",,W",270,",,W",,,,,,,,,29.1,",,W",40,",,W",,,,,,,,,,,,,,,,,,,,,,,,,,,,,,,,,,,,,,,,,,,,,,
USW00014836,"LANSING CAPITAL CITY AIRPORT, MI US",42.77609,-84.59972,261.2,12/2/2022,,,,,23,",,W",29.99,",,W",29.08,",,W",35,",,W",15.66,",,W",,,,,,,,,,,,,0,",,W,2400",,,46,",,W",37,",,W",77,",,W",0,",,W,2400",0,",,W,2400",38,"H,,S",,,53,",,W",32,",,W",,,,,220,",,W",220,",,W",,,,,,,,,31.1,",,W",42.9,",,W",,,,,,,,,,,,,,,,,,,,,,,,,,,,,,,,,,,,,,,,,,,,,,
USW00014836,"LANSING CAPITAL CITY AIRPORT, MI US",42.77609,-84.59972,261.2,12/3/2022,,,,,28,",,W",30.1,",,W",29.08,",,W",33,",,W",16.11,",,W",,,,,,,,,,,,,0.11,",,W,2400",,,74,",,W",61,",,W",90,",,W",0,"T,,W,2400",0,",,W,2400",42,"H,,S",,,50,",,W",22,",,W",,,,,280,",,W",280,",,W",,,,,,,,,36.9,",,W",55,",,W",,,,,1,",,W",,,,,,,,,,,,,,,,,,,,,,,,,,,,,,,,,,,,,,,,
USW00014836,"LANSING CAPITAL CITY AIRPORT, MI US",42.77609,-84.59972,261.2,12/4/2022,,,,,17,",,W",30.16,",,W",29.22,",,W",25,",,W",11.18,",,W",,,,,,,,,,,,,0,",,W,2400",,,62,",,W",48,",,W",82,",,W",0,",,W,2400",0,",,W,2400",27,"H,,S",,,38,",,W",20,",,W",,,,,250,",,W",230,",,W",,,,,,,,,21.9,",,W",30,",,W",,,,,,,,,,,,,,,,,,,,,,,,,,,,,,,,,,,,,,,,,,,,,,
USW00014836,"LANSING CAPITAL CITY AIRPORT, MI US",42.77609,-84.59972,261.2,12/5/2022,,,,,21,",,W",29.94,",,W",28.97,",,W",30,",,W",10.07,",,W",,,,,,,,,,,,,0,",,W,2400",,,55,",,W",45,",,W",68,",,W",0,",,W,2400",0,",,W,2400",33,"H,,S",,,41,",,W",28,",,W",,,,,210,",,W",210,",,W",,,,,,,,,16.1,",,W",23,",,W",,,,,,,,,,,,,,,,,,,,,,,,,,,,,,,,,,,,,,,,,,,,,,
USW00014836,"LANSING CAPITAL CITY AIRPORT, MI US",42.77609,-84.59972,261.2,12/6/2022,,,,,34,",,W",30.04,",,W",29.08,",,W",37,",,W",4.92,",,W",,,,,,,,,,,,,0,"T,,W,2400",,,80,",,W",76,",,W",86,",,W",0,",,W,2400",0,",,W,2400",39,"H,,S",,,42,",,W",37,",,W",,,,,110,",,W",100,",,W",,,,,,,,,15,",,W",19,",,W",,,,,1,",,W",,,,,,,,,,,,,1,",,W",,,,,,,,,,,,,,,,,,,,,,,,,,
USW00014836,"LANSING CAPITAL CITY AIRPORT, MI US",42.77609,-84.59972,261.2,12/7/2022,,,,,35,",,W",30.23,",,W",29.23,",,W",39,",,W",4.03,",,W",,,,,,,,,,,,,0,",,W,2400",,,78,",,W",63,",,W",89,",,W",0,",,W,2400",0,",,W,2400",42,"H,,S",,,49,",,W",37,",,W",,,,,330,",,W",340,",,W",,,,,,,,,13,",,W",17,",,W",,,,,1,",,W",,,,,,,,,,,,,1,",,W",,,,,,,,,,,,,,,,,,,,,,,,,,
USW00014836,"LANSING CAPITAL CITY AIRPORT, MI US",42.77609,-84.59972,261.2,12/8/2022,,,,,28,",,W",30.4,",,W",29.42,",,W",32,",,W",6.93,",,W",,,,,,,,,,,,,0,",,W,2400",,,78,",,W",67,",,W",85,",,W",0,",,W,2400",0,",,W,2400",37,"H,,S",,,38,",,W",31,",,W",,,,,40,",,W",50,",,W",,,,,,,,,12.1,",,W",14.1,",,W",,,,,,,,,,,,,,,,,,,,,,,,,,,,,,,,,,,,,,,,,,,,,,
USW00014836,"LANSING CAPITAL CITY AIRPORT, MI US",42.77609,-84.59972,261.2,12/9/2022,,,,,26,",,W",30.34,",,W",29.36,",,W",30,",,W",10.96,",,W",,,,,,,,,,,,,0.09,",,W,2400",,,77,",,W",67,",,W",89,",,W",0.9,",,W,2400",0,",,W,2400",32,"H,,S",,,35,",,W",28,",,W",,,,,60,",,W",70,",,W",,,,,,,,,17,",,W",21.9,",,W",,,,,1,",,W",,,,,,,,,,,,,,,,,,,,,,,,,,,,,,,,,,,,,,,,
USW00014836,"LANSING CAPITAL CITY AIRPORT, MI US",42.77609,-84.59972,261.2,12/10/2022,,,,,28,",,W",30.26,",,W",29.29,",,W",31,",,W",4.92,",,W",,,,,,,,,,,,,0.07,",,W,2400",,,83,",,W",75,",,W",92,",,W",0.6,",,W,2400",1.2,",,W,2400",33,"H,,S",,,35,",,W",32,",,W",,,,,70,",,W",70,",,W",,,,,,,,,13,",,W",16.1,",,W",,,,,1,",,W",,,,,,,,,,,,,1,",,W",,,,,,,,,,,,,,,,,,,,,,,,,,
USW00014836,"LANSING CAPITAL CITY AIRPORT, MI US",42.77609,-84.59972,261.2,12/11/2022,,,,,31,",,W",30.2,",,W",29.22,",,W",33,",,W",1.57,",,W",,,,,,,,,,,,,0,"T,,W,2400",,,88,",,W",82,",,W",92,",,W",0,"T,,W,2400",1.2,",,W,2400",34,"H,,S",,,37,",,W",32,",,W",,,,,320,",,W",310,",,W",,,,,,,,,6,",,W",8.9,",,W",,,,,1,",,W",,,,,,,,,,,,,1,",,W",,,,,,,,,,,,,,,,,,,,,,,,,,
USW00014836,"LANSING CAPITAL CITY AIRPORT, MI US",42.77609,-84.59972,261.2,12/12/2022,,,,,28,",,W",30.36,",,W",29.37,",,W",32,",,W",4.92,",,W",,,,,,,,,,,,,0,"T,,W,2400",,,80,",,W",72,",,W",89,",,W",0,"T,,W,2400",0,",,W,2400",34,"H,,S",,,35,",,W",32,",,W",,,,,80,",,W",90,",,W",,,,,,,,,12.1,",,W",16.1,",,W",,,,,,,,,,,,,,,,,,,1,",,W",,,,,,,,,,,,,,,,,,,,,,,,,,
USW00014836,"LANSING CAPITAL CITY AIRPORT, MI US",42.77609,-84.59972,261.2,12/13/2022,,,,,23,",,W",30.33,",,W",29.37,",,W",29,",,W",9.84,",,W",,,,,,,,,,,,,0,",,W,2400",,,72,",,W",61,",,W",79,",,W",0,",,W,2400",0,",,W,2400",33,"H,,S",,,36,",,W",29,",,W",,,,,100,",,W",90,",,W",,,,,,,,,14.1,",,W",19.9,",,W",,,,,,,,,,,,,,,,,,,,,,,,,,,,,,,,,,,,,,,,,,,,,,
USW00014836,"LANSING CAPITAL CITY AIRPORT, MI US",42.77609,-84.59972,261.2,12/14/2022,,,,,25,",,W",30.05,",,W",29.14,",,W",31,",,W",14.76,",,W",,,,,,,,,,,,,0,",,W,2400",,,67,",,W",59,",,W",76,",,W",0,",,W,2400",0,",,W,2400",33,"H,,S",,,40,",,W",30,",,W",,,,,90,",,W",100,",,W",,,,,,,,,23,",,W",30,",,W",,,,,,,,,,,,,,,,,,,,,,,,,,,,,,,,,,,,,,,,,,,,,,
USW00014836,"LANSING CAPITAL CITY AIRPORT, MI US",42.77609,-84.59972,261.2,12/15/2022,,,,,31,",,W",29.64,",,W",28.71,",,W",35,",,W",13.87,",,W",,,,,,,,,,,,,0.15,",,W,2400",,,77,",,W",62,",,W",89,",,W",0,"T,,W,2400",0,",,W,2400",38,"H,,S",,,42,",,W",34,",,W",,,,,110,",,W",120,",,W",,,,,,,,,28,",,W",40,",,W",,,,,1,",,W",,,,,,,,,,,,,1,",,W",,,,,,,,,,,,,,,,,,,,,,,,,,
USW00014836,"LANSING CAPITAL CITY AIRPORT, MI US",42.77609,-84.59972,261.2,12/16/2022,,,,,25,",,W",29.7,",,W",28.74,",,W",29,",,W",10.96,",,W",,,,,,,,,,,,,0.02,",,W,2400",,,76,",,W",69,",,W",85,",,W",0.9,",,W,2400",0,",,W,2400",33,"H,,S",,,34,",,W",28,",,W",,,,,230,",,W",240,",,W",,,,,,,,,18.1,",,W",25.1,",,W",,,,,1,",,W",,,,,,,,,,,,,1,",,W",,,,,,,,,,,,,,,,,,,,,,,,,,
USW00014836,"LANSING CAPITAL CITY AIRPORT, MI US",42.77609,-84.59972,261.2,12/17/2022,,,,,20,",,W",29.74,",,W",28.77,",,W",25,",,W",14.09,",,W",,,,,,,,,,,,,0.01,",,W,2400",,,77,",,W",72,",,W",81,",,W",0.3,",,W,2400",1.2,",,W,2400",28,"H,,S",,,29,",,W",26,",,W",,,,,220,",,W",210,",,W",,,,,,,,,21,",,W",28,",,W",,,,,,,,,,,,,,,,,,,1,",,W",,,,,,,,,,,,,,,,,,,,,,,,,,
USW00014836,"LANSING CAPITAL CITY AIRPORT, MI US",42.77609,-84.59972,261.2,12/18/2022,,,,,21,",,W",30.04,",,W",29.02,",,W",24,",,W",14.32,",,W",,,,,,,,,,,,,0.01,",,W,2400",,,81,",,W",78,",,W",85,",,W",0.3,",,W,2400",2,",,W,2400",26,"H,,S",,,28,",,W",24,",,W",,,,,260,",,W",240,",,W",,,,,,,,,21.9,",,W",30,",,W",,,,,,,,,,,,,,,,,,,1,",,W",,,,,,,,,,,,,,,,,,,,,,,,,,
USW00014836,"LANSING CAPITAL CITY AIRPORT, MI US",42.77609,-84.59972,261.2,12/19/2022,,,,,19,",,W",30.42,",,W",29.4,",,W",22,",,W",7.16,",,W",,,,,,,,,,,,,0,",,W,2400",,,79,",,W",75,",,W",85,",,W",0,",,W,2400",0,"T,,W,2400",24,"H,,S",,,26,",,W",22,",,W",,,,,260,",,W",290,",,W",,,,,,,,,16.1,",,W",21.9,",,W",,,,,,,,,,,,,,,,,,,,,,,,,,,,,,,,,,,,,,,,,,,,,,
USW00014836,"LANSING CAPITAL CITY AIRPORT, MI US",42.77609,-84.59972,261.2,12/20/2022,,,,,21,",,W",30.45,",,W",29.47,",,W",26,",,W",8.95,",,W",,,,,,,,,,,,,0,",,W,2400",,,74,",,W",64,",,W",81,",,W",0,",,W,2400",0,"T,,W,2400",27,"H,,S",,,34,",,W",24,",,W",,,,,280,",,W",270,",,W",,,,,,,,,14.1,",,W",19.9,",,W",,,,,,,,,,,,,,,,,,,,,,,,,,,,,,,,,,,,,,,,,,,,,,
USW00014836,"LANSING CAPITAL CITY AIRPORT, MI US",42.77609,-84.59972,261.2,12/21/2022,,,,,15,",,W",30.41,",,W",29.43,",,W",20,",,W",4.7,",,W",,,,,,,,,,,,,0,",,W,2400",,,73,",,W",63,",,W",84,",,W",0,",,W,2400",0,"T,,W,2400",24,"H,,S",,,29,",,W",14,",,W",,,,,300,",,W",300,",,W",,,,,,,,,14.1,",,W",18.1,",,W",,,,,,,,,,,,,,,,,,,1,",,W",,,,,,,,,,,,,,,,,,,,,,,,,,
USW00014836,"LANSING CAPITAL CITY AIRPORT, MI US",42.77609,-84.59972,261.2,12/22/2022,,,,,25,",,W",29.84,",,W",28.95,",,W",29,",,W",8.5,",,W",,,,,,,,,,,,,0.26,",,W,2400",,,79,",,W",67,",,W",92,",,W",3.2,",,W,2400",0,"T,,W,2400",31,"H,,S",,,38,",,W",19,",,W",,,,,270,",,W",280,",,W",,,,,,,,,25.1,",,W",34,",,W",,,,,1,",,W",,,,,,,,,,,,,1,",,W",,,,,,,,,,,,,,,,,,,,,,,,,,
USW00014836,"LANSING CAPITAL CITY AIRPORT, MI US",42.77609,-84.59972,261.2,12/23/2022,,,,,2,",,W",29.54,",,W",28.56,",,W",7,",,W",25.72,",,W",,,,,,,,,,,,,0.27,",,W,2400",,,74,",,W",66,",,W",81,",,W",5.9,",,W,2400",3.9,",,W,2400",14,"H,,S",,,19,",,W",6,",,W",,,,,260,",,W",270,",,W",,,,,,,,,40,",,W",51,",,W",,,,,1,",,W",,,,,,,,,,,,,1,",,W",,,,,,,,,,,,,,,,,,,,,,,,,,
USW00014836,"LANSING CAPITAL CITY AIRPORT, MI US",42.77609,-84.59972,261.2,12/24/2022,,,,,6,",,W",29.69,",,W",28.68,",,W",11,",,W",19.24,",,W",,,,,,,,,,,,,0.16,",,W,2400",,,77,",,W",70,",,W",83,",,W",4,",,W,2400",7.1,",,W,2400",10,"H,,S",,,17,",,W",3,",,W",,,,,260,",,W",250,",,W",,,,,,,,,31.1,",,W",42.9,",,W",,,,,1,",,W",,,,,,,,,,,,,1,",,W",,,,,,,,,,,,,,,,,,,,,,,,,,
USW00014836,"LANSING CAPITAL CITY AIRPORT, MI US",42.77609,-84.59972,261.2,12/25/2022,,,,,9,",,W",29.93,",,W",28.92,",,W",14,",,W",14.76,",,W",,,,,,,,,,,,,0.01,",,W,2400",,,74,",,W",68,",,W",80,",,W",0.4,",,W,2400",9.1,",,W,2400",17,"H,,S",,,18,",,W",13,",,W",,,,,260,",,W",280,",,W",,,,,,,,,23.9,",,W",32,",,W",,,,,,,,,,,,,,,,,,,1,",,W",,,,,,,,,,,,,,,,,,,,,,,,,,
USW00014836,"LANSING CAPITAL CITY AIRPORT, MI US",42.77609,-84.59972,261.2,12/26/2022,,,,,11,",,W",30.16,",,W",29.15,",,W",16,",,W",6.71,",,W",,,,,,,,,,,,,0,"T,,W,2400",,,76,",,W",71,",,W",81,",,W",0.1,",,W,2400",7.1,",,W,2400",17,"H,,S",,,22,",,W",14,",,W",,,,,220,",,W",230,",,W",,,,,,,,,13,",,W",16.1,",,W",,,,,,,,,,,,,,,,,,,1,",,W",,,,,,,,,,,,,,,,,,,,,,,,,,
USW00014836,"LANSING CAPITAL CITY AIRPORT, MI US",42.77609,-84.59972,261.2,12/27/2022,,,,,15,",,W",30.15,",,W",29.18,",,W",21,",,W",12.97,",,W",,,,,,,,,,,,,0,"T,,W,2400",,,73,",,W",57,",,W",82,",,W",0,"T,,W,2400",5.9,",,W,2400",21,"H,,S",,,28,",,W",18,",,W",,,,,180,",,W",180,",,W",,,,,,,,,23.9,",,W",31.1,",,W",,,,,,,,,,,,,,,,,,,1,",,W",,,,,,,,,,,,,,,,,,,,,,,,,,
USW00014836,"LANSING CAPITAL CITY AIRPORT, MI US",42.77609,-84.59972,261.2,12/28/2022,,,,,25,",,W",29.93,",,W",28.97,",,W",32,",,W",15.43,",,W",,,,,,,,,,,,,0,",,W,2400",,,64,",,W",53,",,W",78,",,W",0,",,W,2400",5.9,",,W,2400",32,"H,,S",,,43,",,W",28,",,W",,,,,190,",,W",170,",,W",,,,,,,,,23.9,",,W",35.1,",,W",,,,,,,,,,,,,,,,,,,,,,,,,,,,,,,,,,,,,,,,,,,,,,
USW00014836,"LANSING CAPITAL CITY AIRPORT, MI US",42.77609,-84.59972,261.2,12/29/2022,,,,,41,",,W",29.93,",,W",28.97,",,W",44,",,W",12.3,",,W",,,,,,,,,,,,,0,",,W,2400",,,79,",,W",60,",,W",89,",,W",0,",,W,2400",3.9,",,W,2400",45,"H,,S",,,53,",,W",39,",,W",,,,,210,",,W",190,",,W",,,,,,,,,18.1,",,W",27.1,",,W",,,,,1,",,W",,,,,,,,,,,,,1,",,W",,,,,,,,,,,,,,,,,,,,,,,,,,
USW00014836,"LANSING CAPITAL CITY AIRPORT, MI US",42.77609,-84.59972,261.2,12/30/2022,,,,,45,",,W",29.95,",,W",29,",,W",48,",,W",10.29,",,W",,,,,,,,,,,,,0.06,",,W,2400",,,83,",,W",68,",,W",93,",,W",0,",,W,2400",0,"T,,W,2400",53,"H,,S",,,56,",,W",41,",,W",,,,,210,",,W",200,",,W",,,,,,,,,21.9,",,W",31.1,",,W",,,,,1,",,W",,,,,,,,,,,,,,,,,,,,,,,,,,,,,,,,,,,,,,,,
USW00014836,"LANSING CAPITAL CITY AIRPORT, MI US",42.77609,-84.59972,261.2,12/31/2022,,,,,33,",,W",29.92,",,W",28.97,",,W",35,",,W",5.14,",,W",,,,,,,,,,,,,0.03,",,W,2400",,,84,",,W",73,",,W",93,",,W",0,",,W,2400",0,",,W,2400",40,"H,,S",,,41,",,W",31,",,W",,,,,250,",,W",280,",,W",,,,,,,,,13,",,W",15,",,W",,,,,1,",,W",,,,,,,,,,,,,1,",,W",,,,,,,,,,,,,,,,,,,,,,,,,,
USW00014836,"LANSING CAPITAL CITY AIRPORT, MI US",42.77609,-84.59972,261.2,1/1/2023,,,,,35,",,W",29.96,",,W",28.98,",,W",37,",,W",6.93,",,W",,,,,,,,,,,,,0.07,",,W,2400",,,87,",,W",79,",,W",93,",,W",0,",,W,2400",0,",,W,2400",37,"H,,S",,,45,",,W",33,",,W",,,,,250,",,W",240,",,W",,,,,,,,,16.1,",,W",21,",,W",,,,,1,",,W",,,,,,,,,1,",,W",,,1,",,W",,,,,,,,,,,,,,,,,,,,,,,,,,
USW00014836,"LANSING CAPITAL CITY AIRPORT, MI US",42.77609,-84.59972,261.2,1/2/2023,,,,,36,",,W",30.08,",,W",29.11,",,W",37,",,W",2.68,",,W",,,,,,,,,,,,,0,",,W,2400",,,91,",,W",82,",,W",97,",,W",0,",,W,2400",0,",,W,2400",38,"H,,S",,,42,",,W",34,",,W",,,,,90,",,W",80,",,W",,,,,,,,,10.1,",,W",14.1,",,W",,,,,1,",,W",1,",,W",,,,,,,,,,,1,",,W",,,,,,,,,,,,,,,,,,,,,,,,,,
USW00014836,"LANSING CAPITAL CITY AIRPORT, MI US",42.77609,-84.59972,261.2,1/3/2023,,,,,38,",,W",29.76,",,W",28.84,",,W",39,",,W",7.16,",,W",,,,,,,,,,,,,0.32,",,W,2400",,,93,",,W",89,",,W",96,",,W",0,",,W,2400",0,",,W,2400",39,"H,,S",,,44,",,W",36,",,W",,,,,50,",,W",60,",,W",,,,,,,,,13,",,W",16.1,",,W",,,,,1,",,W",1,",,W",,,,,,,,,,,,,,,,,,,,,,,,,,,,,,,,,,,,,,
USW00014836,"LANSING CAPITAL CITY AIRPORT, MI US",42.77609,-84.59972,261.2,1/4/2023,,,,,39,",,W",29.71,",,W",28.74,",,W",41,",,W",6.04,",,W",,,,,,,,,,,,,0.06,",,W,2400",,,88,",,W",71,",,W",97,",,W",0,",,W,2400",0,",,W,2400",43,"H,,S",,,46,",,W",36,",,W",,,,,260,",,W",260,",,W",,,,,,,,,19.9,",,W",25.9,",,W",,,,,1,",,W",1,",,W",,,,,,,,,,,1,",,W",,,,,,,,,,,,,,,,,,,,,,,,,,
USW00014836,"LANSING CAPITAL CITY AIRPORT, MI US",42.77609,-84.59972,261.2,1/5/2023,,,,,31,",,W",29.88,",,W",28.91,",,W",33,",,W",7.38,",,W",,,,,,,,,,,,,0.09,",,W,2400",,,87,",,W",79,",,W",92,",,W",0,"T,,W,2400",0,",,W,2400",36,"H,,S",,,38,",,W",33,",,W",,,,,230,",,W",250,",,W",,,,,,,,,14.1,",,W",18.1,",,W",,,,,1,",,W",,,,,,,,,,,,,1,",,W",,,,,,,,,,,,,,,,,,,,,,,,,,
USW00014836,"LANSING CAPITAL CITY AIRPORT, MI US",42.77609,-84.59972,261.2,1/6/2023,,,,,31,",,W",30.09,",,W",29.1,",,W",33,",,W",6.93,",,W",,,,,,,,,,,,,0.02,",,W,2400",,,87,",,W",79,",,W",92,",,W",0.2,",,W,2400",0,",,W,2400",34,"H,,S",,,37,",,W",32,",,W",,,,,260,",,W",250,",,W",,,,,,,,,12.1,",,W",14.1,",,W",,,,,1,",,W",,,,,,,,,,,,,1,",,W",,,,,,,,,,,,,,,,,,,,,,,,,,
USW00014836,"LANSING CAPITAL CITY AIRPORT, MI US",42.77609,-84.59972,261.2,1/7/2023,,,,,23,",,W",30.35,",,W",29.35,",,W",28,",,W",5.59,",,W",,,,,,,,,,,,,0,",,W,2400",,,73,",,W",66,",,W",88,",,W",0,",,W,2400",0,"T,,W,2400",32,"H,,S",,,32,",,W",29,",,W",,,,,310,",,W",300,",,W",,,,,,,,,13,",,W",17,",,W",,,,,1,",,W",,,,,,,,,,,,,,,,,,,,,,,,,,,,,,,,,,,,,,,,
USW00014836,"LANSING CAPITAL CITY AIRPORT, MI US",42.77609,-84.59972,261.2,1/8/2023,,,,,21,",,W",30.26,",,W",29.31,",,W",26,",,W",6.26,",,W",,,,,,,,,,,,,0,",,W,2400",,,71,",,W",69,",,W",72,",,W",0,",,W,2400",0,",,W,2400",29,"H,,S",,,31,",,W",28,",,W",,,,,250,",,W",260,",,W",,,,,,,,,13,",,W",15,",,W",,,,,,,,,,,,,,,,,,,,,,,,,,,,,,,,,,,,,,,,,,,,,,
USW00014836,"LANSING CAPITAL CITY AIRPORT, MI US",42.77609,-84.59972,261.2,1/9/2023,,,,,24,",,W",30.09,",,W",29.13,",,W",30,",,W",10.29,",,W",,,,,,,,,,,,,0,",,W,2400",,,70,",,W",55,",,W",82,",,W",0,",,W,2400",0,",,W,2400",33,"H,,S",,,42,",,W",28,",,W",,,,,260,",,W",260,",,W",,,,,,,,,21.9,",,W",27.1,",,W",,,,,,,,,,,,,,,,,,,,,,,,,,,,,,,,,,,,,,,,,,,,,,
USW00014836,"LANSING CAPITAL CITY AIRPORT, MI US",42.77609,-84.59972,261.2,1/10/2023,,,,,28,",,W",29.99,",,W",29.03,",,W",32,",,W",5.37,",,W",,,,,,,,,,,,,0,"T,,W,2400",,,77,",,W",70,",,W",85,",,W",0,"T,,W,2400",0,",,W,2400",34,"H,,S",,,39,",,W",28,",,W",,,,,130,",,W",140,",,W",,,,,,,,,10.1,",,W",14.1,",,W",,,,,1,",,W",,,,,,,,,,,,,1,",,W",,,,,,,,,,,,,,,,,,,,,,,,,,
USW00014836,"LANSING CAPITAL CITY AIRPORT, MI US",42.77609,-84.59972,261.2,1/11/2023,,,,,33,",,W",29.9,",,W",28.95,",,W",36,",,W",8.05,",,W",,,,,,,,,,,,,0,"T,,W,2400",,,80,",,W",71,",,W",85,",,W",0,",,W,2400",0,",,W,2400",37,"H,,S",,,45,",,W",31,",,W",,,,,150,",,W",150,",,W",,,,,,,,,16.1,",,W",21,",,W",,,,,1,",,W",,,,,,,,,,,,,1,",,W",,,,,,,,,,,,,,,,,,,,,,,,,,
USW00014836,"LANSING CAPITAL CITY AIRPORT, MI US",42.77609,-84.59972,261.2,1/12/2023,,,,,33,",,W",29.88,",,W",28.92,",,W",36,",,W",8.72,",,W",,,,,,,,,,,,,0,",,W,2400",,,82,",,W",67,",,W",93,",,W",0,",,W,2400",0,",,W,2400",40,"H,,S",,,43,",,W",34,",,W",,,,,350,",,W",360,",,W",,,,,,,,,18.1,",,W",25.1,",,W",,,,,1,",,W",1,",,W",,,,,,,,,,,1,",,W",,,,,,,,,,,,,,,,,,,,,,,,,,
USW00014836,"LANSING CAPITAL CITY AIRPORT, MI US",42.77609,-84.59972,261.2,1/13/2023,,,,,19,",,W",30.13,",,W",29.13,",,W",26,",,W",11.63,",,W",,,,,,,,,,,,,0,"T,,W,2400",,,67,",,W",56,",,W",75,",,W",0,"T,,W,2400",0,",,W,2400",31,"H,,S",,,34,",,W",23,",,W",,,,,10,",,W",330,",,W",,,,,,,,,17,",,W",25.1,",,W",,,,,1,",,W",,,,,,,,,,,,,1,",,W",,,,,,,,,,,,,,,,,,,,,,,,,,
USW00014836,"LANSING CAPITAL CITY AIRPORT, MI US",42.77609,-84.59972,261.2,1/14/2023,,,,,12,",,W",30.28,",,W",29.3,",,W",20,",,W",3.58,",,W",,,,,,,,,,,,,0,",,W,2400",,,65,",,W",41,",,W",80,",,W",0,",,W,2400",0,",,W,2400",24,"H,,S",,,33,",,W",15,",,W",,,,,350,",,W",330,",,W",,,,,,,,,10.1,",,W",15,",,W",,,,,,,,,,,,,,,,,,,,,,,,,,,,,,,,,,,,,,,,,,,,,,
USW00014836,"LANSING CAPITAL CITY AIRPORT, MI US",42.77609,-84.59972,261.2,1/15/2023,,,,,16,",,W",30.22,",,W",29.25,",,W",26,",,W",9.62,",,W",,,,,,,,,,,,,0,",,W,2400",,,55,",,W",39,",,W",68,",,W",0,",,W,2400",0,",,W,2400",28,"H,,S",,,40,",,W",22,",,W",,,,,140,",,W",140,",,W",,,,,,,,,19.9,",,W",23.9,",,W",,,,,,,,,,,,,,,,,,,,,,,,,,,,,,,,,,,,,,,,,,,,,,
USW00014836,"LANSING CAPITAL CITY AIRPORT, MI US",42.77609,-84.59972,261.2,1/16/2023,,,,,24,",,W",29.86,",,W",28.86,",,W",31,",,W",14.09,",,W",,,,,,,,,,,,,0.1,",,W,2400",,,67,",,W",47,",,W",93,",,W",0,",,W,2400",0,",,W,2400",34,"H,,S",,,41,",,W",30,",,W",,,,,140,",,W",140,",,W",,,,,,,,,21,",,W",29.1,",,W",,,,,1,",,W",,,,,,,,,,,,,1,",,W",,,,,,,,,,,,,,,,,,,,,,,,,,
USW00014836,"LANSING CAPITAL CITY AIRPORT, MI US",42.77609,-84.59972,261.2,1/17/2023,,,,,37,",,W",29.56,",,W",28.61,",,W",39,",,W",13.65,",,W",,,,,,,,,,,,,0.05,",,W,2400",,,85,",,W",79,",,W",93,",,W",0,",,W,2400",0,",,W,2400",41,"H,,S",,,46,",,W",38,",,W",,,,,260,",,W",250,",,W",,,,,,,,,23.9,",,W",32,",,W",,,,,1,",,W",,,,,,,,,,,,,1,",,W",,,,,,,,,,,,,,,,,,,,,,,,,,
USW00014836,"LANSING CAPITAL CITY AIRPORT, MI US",42.77609,-84.59972,261.2,1/18/2023,,,,,31,",,W",29.95,",,W",29,",,W",35,",,W",8.28,",,W",,,,,,,,,,,,,0.02,",,W,2400",,,79,",,W",70,",,W",89,",,W",0,"T,,W,2400",0,",,W,2400",38,"H,,S",,,39,",,W",35,",,W",,,,,270,",,W",240,",,W",,,,,,,,,19.9,",,W",27.1,",,W",,,,,1,",,W",,,,,,,,,,,,,,,,,,,,,,,,,,,,,,,,,,,,,,,,
USW00014836,"LANSING CAPITAL CITY AIRPORT, MI US",42.77609,-84.59972,261.2,1/19/2023,,,,,36,",,W",29.58,",,W",28.63,",,W",38,",,W",11.86,",,W",,,,,,,,,,,,,0.44,",,W,2400",,,87,",,W",79,",,W",93,",,W",0,",,W,2400",0,",,W,2400",38,"H,,S",,,45,",,W",35,",,W",,,,,110,",,W",100,",,W",,,,,,,,,23.9,",,W",35.1,",,W",,,,,1,",,W",,,,,,,,,,,,,1,",,W",,,,,,,,,,,,,,,,,,,,,,,,,,
USW00014836,"LANSING CAPITAL CITY AIRPORT, MI US",42.77609,-84.59972,261.2,1/20/2023,,,,,28,",,W",29.94,",,W",28.96,",,W",31,",,W",10.51,",,W",,,,,,,,,,,,,0.05,",,W,2400",,,78,",,W",67,",,W",89,",,W",0.1,",,W,2400",0,"T,,W,2400",36,"H,,S",,,38,",,W",31,",,W",,,,,270,",,W",280,",,W",,,,,,,,,21.9,",,W",30,",,W",,,,,1,",,W",,,,,,,,,,,,,,,,,,,,,,,,,,,,,,,,,,,,,,,,
USW00014836,"LANSING CAPITAL CITY AIRPORT, MI US",42.77609,-84.59972,261.2,1/21/2023,,,,,25,",,W",30.17,",,W",29.21,",,W",29,",,W",7.83,",,W",,,,,,,,,,,,,0,",,W,2400",,,77,",,W",66,",,W",89,",,W",0,",,W,2400",0,",,W,2400",32,"H,,S",,,33,",,W",30,",,W",,,,,240,",,W",240,",,W",,,,,,,,,15,",,W",19,",,W",,,,,1,",,W",,,,,,,,,,,,,1,",,W",,,,,,,,,,,,,,,,,,,,,,,,,,
USW00014836,"LANSING CAPITAL CITY AIRPORT, MI US",42.77609,-84.59972,261.2,1/22/2023,,,,,26,",,W",29.92,",,W",28.95,",,W",29,",,W",3.58,",,W",,,,,,,,,,,,,0.08,",,W,2400",,,83,",,W",75,",,W",89,",,W",0.4,",,W,2400",0,",,W,2400",31,"H,,S",,,34,",,W",29,",,W",,,,,200,",,W",190,",,W",,,,,,,,,12.1,",,W",14.1,",,W",,,,,1,",,W",,,,,,,,,,,,,1,",,W",,,,,,,,,,,,,,,,,,,,,,,,,,
USW00014836,"LANSING CAPITAL CITY AIRPORT, MI US",42.77609,-84.59972,261.2,1/23/2023,,,,,25,",,W",29.99,",,W",29.01,",,W",28,",,W",10.96,",,W",,,,,,,,,,,,,0,"T,,W,2400",,,81,",,W",72,",,W",92,",,W",0,"T,,W,2400",0,",,W,2400",31,"H,,S",,,32,",,W",28,",,W",,,,,240,",,W",240,",,W",,,,,,,,,23,",,W",31.1,",,W",,,,,1,",,W",,,,,,,,,,,,,,,,,,,,,,,,,,,,,,,,,,,,,,,,
USW00014836,"LANSING CAPITAL CITY AIRPORT, MI US",42.77609,-84.59972,261.2,1/24/2023,,,,,25,",,W",30.16,",,W",29.19,",,W",29,",,W",8.72,",,W",,,,,,,,,,,,,0,"T,,W,2400",,,75,",,W",60,",,W",85,",,W",0.1,",,W,2400",0,",,W,2400",32,"H,,S",,,40,",,W",28,",,W",,,,,270,",,W",230,",,W",,,,,,,,,21,",,W",30,",,W",,,,,1,",,W",,,,,,,,,,,,,1,",,W",,,,,,,,,,,,,,,,,,,,,,,,,,
USW00014836,"LANSING CAPITAL CITY AIRPORT, MI US",42.77609,-84.59972,261.2,1/25/2023,,,,,28,",,W",29.79,",,W",28.82,",,W",30,",,W",9.4,",,W",,,,,,,,,,,,,0.29,",,W,2400",,,87,",,W",79,",,W",89,",,W",5.6,",,W,2400",2,",,W,2400",31,"H,,S",,,33,",,W",30,",,W",,,,,20,",,W",350,",,W",,,,,,,,,15,",,W",25.9,",,W",,,,,1,",,W",1,",,W",,,,,,,,,,,1,",,W",,,,,,,,,,,,,,,,,,,,,,,,,,
USW00014836,"LANSING CAPITAL CITY AIRPORT, MI US",42.77609,-84.59972,261.2,1/26/2023,,,,,26,",,W",29.83,",,W",28.89,",,W",28,",,W",8.5,",,W",,,,,,,,,,,,,0.1,",,W,2400",,,85,",,W",78,",,W",89,",,W",1.6,",,W,2400",5.1,",,W,2400",31,"H,,S",,,33,",,W",26,",,W",,,,,260,",,W",270,",,W",,,,,,,,,21.9,",,W",29.1,",,W",,,,,1,",,W",,,,,,,,,,,,,1,",,W",,,,,,,,,,,,,,,,,,,,,,,,,,
USW00014836,"LANSING CAPITAL CITY AIRPORT, MI US",42.77609,-84.59972,261.2,1/27/2023,,,,,20,",,W",29.87,",,W",28.88,",,W",24,",,W",16.55,",,W",,,,,,,,,,,,,0.03,",,W,2400",,,75,",,W",52,",,W",89,",,W",1.1,",,W,2400",5.9,",,W,2400",26,"H,,S",,,36,",,W",19,",,W",,,,,250,",,W",260,",,W",,,,,,,,,32,",,W",46.1,",,W",,,,,1,",,W",,,,,,,,,,,,,1,",,W",,,,,,,,,,,,,,,,,,,,,,,,,,
USW00014836,"LANSING CAPITAL CITY AIRPORT, MI US",42.77609,-84.59972,261.2,1/28/2023,,,,,20,",,W",30.15,",,W",29.19,",,W",25,",,W",9.62,",,W",,,,,,,,,,,,,0.12,",,W,2400",,,74,",,W",63,",,W",89,",,W",1.7,",,W,2400",3.9,",,W,2400",29,"H,,S",,,33,",,W",24,",,W",,,,,250,",,W",240,",,W",,,,,,,,,25.1,",,W",35.1,",,W",,,,,1,",,W",,,,,,,,,,,,,1,",,W",,,,,,,,,,,,,,,,,,,,,,,,,,
USW00014836,"LANSING CAPITAL CITY AIRPORT, MI US",42.77609,-84.59972,261.2,1/29/2023,,,,,20,",,W",30.17,",,W",29.16,",,W",23,",,W",6.93,",,W",,,,,,,,,,,,,0.09,",,W,2400",,,81,",,W",77,",,W",89,",,W",0.9,",,W,2400",5.9,",,W,2400",26,"H,,S",,,28,",,W",23,",,W",,,,,360,",,W",340,",,W",,,,,,,,,14.1,",,W",19,",,W",,,,,1,",,W",,,,,,,,,,,,,1,",,W",,,,,,,,,,,,,,,,,,,,,,,,,,
USW00014836,"LANSING CAPITAL CITY AIRPORT, MI US",42.77609,-84.59972,261.2,1/30/2023,,,,,10,",,W",30.31,",,W",29.31,",,W",16,",,W",9.62,",,W",,,,,,,,,,,,,0.01,",,W,2400",,,73,",,W",61,",,W",89,",,W",0.2,",,W,2400",5.1,",,W,2400",21,"H,,S",,,24,",,W",4,",,W",,,,,290,",,W",290,",,W",,,,,,,,,21,",,W",27.1,",,W",,,,,1,",,W",,,,,,,,,,,,,1,",,W",,,,,,,,,,,,,,,,,,,,,,,,,,
USW00014836,"LANSING CAPITAL CITY AIRPORT, MI US",42.77609,-84.59972,261.2,1/31/2023,,,,,2,",,W",30.39,",,W",29.39,",,W",9,",,W",6.04,",,W",,,,,,,,,,,,,0,"T,,W,2400",,,69,",,W",59,",,W",80,",,W",0,"T,,W,2400",5.1,",,W,2400",9,"H,,S",,,18,",,W",0,",,W",,,,,260,",,W",260,",,W",,,,,,,,,16.1,",,W",19.9,",,W",,,,,1,",,W",,,,,,,,,,,,,1,",,W",,,,,,,,,,,,,,,,,,,,,,,,,,
USW00014836,"LANSING CAPITAL CITY AIRPORT, MI US",42.77609,-84.59972,261.2,2/1/2023,,,,,6,",,W",30.31,",,W",29.33,",,W",15,",,W",11.63,",,W",,,,,,,,,,,,,0,",,W,2400",,,63,",,W",46,",,W",77,",,W",0,",,W,2400",5.1,",,W,2400",15,"H,,S",,,26,",,W",10,",,W",,,,,220,",,W",210,",,W",,,,,,,,,21.9,",,W",25.9,",,W",,,,,,,,,,,,,,,,,,,1,",,W",,,,,,,,,,,,,,,,,,,,,,,,,,
USW00014836,"LANSING CAPITAL CITY AIRPORT, MI US",42.77609,-84.59972,261.2,2/2/2023,,,,,12,",,W",30.09,",,W",29.11,",,W",20,",,W",15.21,",,W",,,,,,,,,,,,,0,"T,,W,2400",,,61,",,W",51,",,W",69,",,W",0,"T,,W,2400",5.1,",,W,2400",24,"H,,S",,,34,",,W",14,",,W",,,,,260,",,W",260,",,W",,,,,,,,,29.1,",,W",38,",,W",,,,,,,,,,,,,,,,,,,1,",,W",,,,,,,,,,,,,,,,,,,,,,,,,,
USW00014836,"LANSING CAPITAL CITY AIRPORT, MI US",42.77609,-84.59972,261.2,2/3/2023,,,,,-2,",,W",30.49,",,W",29.45,",,W",7,",,W",7.61,",,W",,,,,,,,,,,,,0,"T,,W,2400",,,57,",,W",47,",,W",69,",,W",0,"T,,W,2400",3.9,",,W,2400",13,"H,,S",,,14,",,W",2,",,W",,,,,290,",,W",300,",,W",,,,,,,,,17,",,W",23.9,",,W",,,,,,,,,,,,,,,,,,,1,",,W",,,,,,,,,,,,,,,,,,,,,,,,,,
USW00014836,"LANSING CAPITAL CITY AIRPORT, MI US",42.77609,-84.59972,261.2,2/4/2023,,,,,10,",,W",30.21,",,W",29.27,",,W",19,",,W",13.2,",,W",,,,,,,,,,,,,0,",,W,2400",,,58,",,W",48,",,W",67,",,W",0,",,W,2400",3.9,",,W,2400",16,"H,,S",,,35,",,W",9,",,W",,,,,190,",,W",190,",,W",,,,,,,,,25.1,",,W",34,",,W",,,,,,,,,,,,,,,,,,,,,,,,,,,,,,,,,,,,,,,,,,,,,,
USW00014836,"LANSING CAPITAL CITY AIRPORT, MI US",42.77609,-84.59972,261.2,2/5/2023,,,,,26,",,W",29.9,",,W",28.93,",,W",32,",,W",14.54,",,W",,,,,,,,,,,,,0,"T,,W,2400",,,66,",,W",57,",,W",82,",,W",0,"T,,W,2400",3.9,",,W,2400",37,"H,,S",,,42,",,W",30,",,W",,,,,240,",,W",240,",,W",,,,,,,,,23,",,W",32,",,W",,,,,1,",,W",,,,,,,,,,,,,1,",,W",,,,,,,,,,,,,,,,,,,,,,,,,,
USW00014836,"LANSING CAPITAL CITY AIRPORT, MI US",42.77609,-84.59972,261.2,2/6/2023,,,,,22,",,W",30.21,",,W",29.24,",,W",27,",,W",10.29,",,W",,,,,,,,,,,,,0,",,W,2400",,,71,",,W",64,",,W",79,",,W",0,",,W,2400",1.2,",,W,2400",30,"H,,S",,,36,",,W",26,",,W",,,,,140,",,W",160,",,W",,,,,,,,,21.9,",,W",31.1,",,W",,,,,,,,,,,,,,,,,,,,,,,,,,,,,,,,,,,,,,,,,,,,,,
USW00014836,"LANSING CAPITAL CITY AIRPORT, MI US",42.77609,-84.59972,261.2,2/7/2023,,,,,30,",,W",29.97,",,W",29,",,W",35,",,W",17.45,",,W",,,,,,,,,,,,,0.01,",,W,2400",,,72,",,W",62,",,W",79,",,W",0,",,W,2400",1.2,",,W,2400",37,"H,,S",,,47,",,W",31,",,W",,,,,260,",,W",270,",,W",,,,,,,,,32,",,W",44.1,",,W",,,,,,,,,,,,,,,,,,,,,,,,,,,,,,,,,,,,,,,,,,,,,,
USW00014836,"LANSING CAPITAL CITY AIRPORT, MI US",42.77609,-84.59972,261.2,2/8/2023,,,,,29,",,W",30.23,",,W",29.28,",,W",34,",,W",5.82,",,W",,,,,,,,,,,,,0,",,W,2400",,,73,",,W",54,",,W",92,",,W",0,",,W,2400",0,",,W,2400",37,"H,,S",,,46,",,W",27,",,W",,,,,170,",,W",180,",,W",,,,,,,,,12.1,",,W",17,",,W",,,,,1,",,W",,,,,,,,,,,,,1,",,W",,,,,,,,,,,,,,,,,,,,,,,,,,
USW00014836,"LANSING CAPITAL CITY AIRPORT, MI US",42.77609,-84.59972,261.2,2/9/2023,,,,,36,",,W",29.73,",,W",28.82,",,W",38,",,W",11.41,",,W",,,,,,,,,,,,,1.09,",,W,2400",,,87,",,W",76,",,W",93,",,W",0,",,W,2400",0,",,W,2400",39,"H,,S",,,49,",,W",36,",,W",,,,,230,",,W",210,",,W",,,,,,,,,31.1,",,W",40,",,W",,,,,1,",,W",,,,,,,,,,,,,1,",,W",,,,,,,,,,,,,,,,,,,,,,,,,,
USW00014836,"LANSING CAPITAL CITY AIRPORT, MI US",42.77609,-84.59972,261.2,2/10/2023,,,,,24,",,W",30.15,",,W",29.13,",,W",30,",,W",14.99,",,W",,,,,,,,,,,,,0,"T,,W,2400",,,70,",,W",55,",,W",86,",,W",0,"T,,W,2400",0,",,W,2400",36,"H,,S",,,39,",,W",25,",,W",,,,,260,",,W",250,",,W",,,,,,,,,23.9,",,W",33.1,",,W",,,,,1,",,W",,,,,,,,,,,,,1,",,W",,,,,,,,,,,,,,,,,,,,,,,,,,
USW00014836,"LANSING CAPITAL CITY AIRPORT, MI US",42.77609,-84.59972,261.2,2/11/2023,,,,,17,",,W",30.31,",,W",29.34,",,W",27,",,W",9.62,",,W",,,,,,,,,,,,,0,",,W,2400",,,56,",,W",26,",,W",81,",,W",0,",,W,2400",0,",,W,2400",30,"H,,S",,,47,",,W",19,",,W",,,,,240,",,W",240,",,W",,,,,,,,,19.9,",,W",25.1,",,W",,,,,,,,,,,,,,,,,,,,,,,,,,,,,,,,,,,,,,,,,,,,,,
USW00014836,"LANSING CAPITAL CITY AIRPORT, MI US",42.77609,-84.59972,261.2,2/12/2023,,,,,20,",,W",29.98,",,W",29.05,",,W",32,",,W",6.71,",,W",,,,,,,,,,,,,0,",,W,2400",,,49,",,W",27,",,W",72,",,W",0,",,W,2400",0,",,W,2400",38,"H,,S",,,52,",,W",28,",,W",,,,,260,",,W",270,",,W",,,,,,,,,17,",,W",21.9,",,W",,,,,,,,,,,,,,,,,,,,,,,,,,,,,,,,,,,,,,,,,,,,,,
USW00014836,"LANSING CAPITAL CITY AIRPORT, MI US",42.77609,-84.59972,261.2,2/13/2023,,,,,26,",,W",29.78,",,W",28.82,",,W",33,",,W",10.96,",,W",,,,,,,,,,,,,0,",,W,2400",,,64,",,W",50,",,W",85,",,W",0,",,W,2400",0,",,W,2400",39,"H,,S",,,47,",,W",29,",,W",,,,,260,",,W",260,",,W",,,,,,,,,23.9,",,W",32,",,W",,,,,1,",,W",,,,,,,,,,,,,1,",,W",,,,,,,,,,,,,,,,,,,,,,,,,,
USW00014836,"LANSING CAPITAL CITY AIRPORT, MI US",42.77609,-84.59972,261.2,2/14/2023,,,,,28,",,W",29.85,",,W",28.9,",,W",36,",,W",11.41,",,W",,,,,,,,,,,,,0.01,",,W,2400",,,59,",,W",28,",,W",85,",,W",0,",,W,2400",0,",,W,2400",38,"H,,S",,,58,",,W",28,",,W",,,,,150,",,W",140,",,W",,,,,,,,,21.9,",,W",32,",,W",,,,,1,",,W",,,,,,,,,,,,,1,",,W",,,,,,,,,,,,,,,,,,,,,,,,,,
USW00014836,"LANSING CAPITAL CITY AIRPORT, MI US",42.77609,-84.59972,261.2,2/15/2023,,,,,37,",,W",29.69,",,W",28.71,",,W",43,",,W",22.37,",,W",,,,,,,,,,,,,0.06,",,W,2400",,,67,",,W",57,",,W",80,",,W",0,",,W,2400",0,",,W,2400",50,"H,,S",,,54,",,W",38,",,W",,,,,240,",,W",220,",,W",,,,,,,,,36.9,",,W",52.1,",,W",,,,,,,,,,,,,,,,,,,,,,,,,,,,,,,,,,,,,,,,,,,,,,
USW00014836,"LANSING CAPITAL CITY AIRPORT, MI US",42.77609,-84.59972,261.2,2/16/2023,,,,,25,",,W",29.95,",,W",29.01,",,W",29,",,W",12.08,",,W",,,,,,,,,,,,,0.25,",,W,2400",,,81,",,W",70,",,W",89,",,W",0.9,",,W,2400",0,",,W,2400",35,"H,,S",,,38,",,W",22,",,W",,,,,50,",,W",40,",,W",,,,,,,,,23,",,W",31.1,",,W",,,,,1,",,W",,,,,,,,,1,",,W",,,1,",,W",,,,,,,,,,,,,,,,,,,,,,,,,,
USW00014836,"LANSING CAPITAL CITY AIRPORT, MI US",42.77609,-84.59972,261.2,2/17/2023,,,,,12,",,W",30.17,",,W",29.14,",,W",19,",,W",10.51,",,W",,,,,,,,,,,,,0.02,",,W,2400",,,67,",,W",53,",,W",85,",,W",0.7,",,W,2400",1.2,",,W,2400",22,"H,,S",,,26,",,W",17,",,W",,,,,340,",,W",340,",,W",,,,,,,,,19.9,",,W",31.1,",,W",,,,,1,",,W",,,,,,,,,1,",,W",,,1,",,W",,,,,,,,,,,,,,,,,,,,,,,,,,
USW00014836,"LANSING CAPITAL CITY AIRPORT, MI US",42.77609,-84.59972,261.2,2/18/2023,,,,,20,",,W",30.2,",,W",29.23,",,W",28,",,W",12.08,",,W",,,,,,,,,,,,,0,",,W,2400",,,62,",,W",49,",,W",75,",,W",0,",,W,2400",1.2,",,W,2400",29,"H,,S",,,43,",,W",20,",,W",,,,,240,",,W",230,",,W",,,,,,,,,23,",,W",31.1,",,W",,,,,,,,,,,,,,,,,,,,,,,,,,,,,,,,,,,,,,,,,,,,,,
USW00014836,"LANSING CAPITAL CITY AIRPORT, MI US",42.77609,-84.59972,261.2,2/19/2023,,,,,27,",,W",29.86,",,W",28.94,",,W",36,",,W",13.42,",,W",,,,,,,,,,,,,0,",,W,2400",,,54,",,W",43,",,W",68,",,W",0,",,W,2400",0,"T,,W,2400",40,"H,,S",,,51,",,W",36,",,W",,,,,250,",,W",240,",,W",,,,,,,,,28,",,W",36,",,W",,,,,,,,,,,,,,,,,,,,,,,,,,,,,,,,,,,,,,,,,,,,,,
USW00014836,"LANSING CAPITAL CITY AIRPORT, MI US",42.77609,-84.59972,261.2,2/20/2023,,,,,24,",,W",29.75,",,W",28.82,",,W",32,",,W",4.25,",,W",,,,,,,,,,,,,0,",,W,2400",,,60,",,W",38,",,W",81,",,W",0,",,W,2400",0,",,W,2400",38,"H,,S",,,44,",,W",27,",,W",,,,,170,",,W",170,",,W",,,,,,,,,14.1,",,W",18.1,",,W",,,,,,,,,,,,,,,,,,,,,,,,,,,,,,,,,,,,,,,,,,,,,,
USW00014836,"LANSING CAPITAL CITY AIRPORT, MI US",42.77609,-84.59972,261.2,2/21/2023,,,,,19,",,W",29.7,",,W",28.71,",,W",28,",,W",13.87,",,W",,,,,,,,,,,,,0,",,W,2400",,,59,",,W",50,",,W",68,",,W",0,",,W,2400",0,",,W,2400",34,"H,,S",,,39,",,W",28,",,W",,,,,260,",,W",270,",,W",,,,,,,,,29.1,",,W",40,",,W",,,,,,,,,,,,,,,,,,,,,,,,,,,,,,,,,,,,,,,,,,,,,,
USW00014836,"LANSING CAPITAL CITY AIRPORT, MI US",42.77609,-84.59972,261.2,2/22/2023,,,,,24,",,W",29.85,",,W",28.9,",,W",28,",,W",13.42,",,W",,,,,,,,,,,,,0.82,",,W,2400",,,81,",,W",64,",,W",89,",,W",0.8,",,W,2400",0,",,W,2400",29,"H,,S",,,33,",,W",27,",,W",,,,,60,",,W",60,",,W",,,,,,,,,21.9,",,W",31.1,",,W",,,,,1,",,W",,,,,,,,,1,",,W",,,,,,,,,,,,,,,,,,,,,,,,,,,,,,
USW00014836,"LANSING CAPITAL CITY AIRPORT, MI US",42.77609,-84.59972,261.2,2/23/2023,,,,,27,",,W",29.91,",,W",28.89,",,W",30,",,W",13.65,",,W",,,,,,,,,,,,,0.01,",,W,2400",,,83,",,W",66,",,W",96,",,W",0,"T,,W,2400",1.2,",,W,2400",31,"H,,S",,,37,",,W",27,",,W",,,,,260,",,W",250,",,W",,,,,,,,,33.1,",,W",45,",,W",,,,,1,",,W",,,,,,,,,1,",,W",,,,,,,,,,,,,,,,,,,,,,,,,,,,,,
USW00014836,"LANSING CAPITAL CITY AIRPORT, MI US",42.77609,-84.59972,261.2,2/24/2023,,,,,13,",,W",30.55,",,W",29.53,",,W",21,",,W",8.5,",,W",,,,,,,,,,,,,0,"T,,W,2400",,,60,",,W",49,",,W",72,",,W",0,"T,,W,2400",1.2,",,W,2400",27,"H,,S",,,29,",,W",22,",,W",,,,,280,",,W",280,",,W",,,,,,,,,23.9,",,W",38,",,W",,,,,,,,,,,,,,,,,,,,,,,,,,,,,,,,,,,,,,,,,,,,,,
USW00014836,"LANSING CAPITAL CITY AIRPORT, MI US",42.77609,-84.59972,261.2,2/25/2023,,,,,21,",,W",30.22,",,W",29.3,",,W",26,",,W",9.4,",,W",,,,,,,,,,,,,0.03,",,W,2400",,,75,",,W",66,",,W",81,",,W",0.9,",,W,2400",2,",,W,2400",27,"H,,S",,,33,",,W",23,",,W",,,,,210,",,W",210,",,W",,,,,,,,,17,",,W",23,",,W",,,,,1,",,W",,,,,,,,,,,,,,,,,,,,,,,,,,,,,,,,,,,,,,,,
USW00014836,"LANSING CAPITAL CITY AIRPORT, MI US",42.77609,-84.59972,261.2,2/26/2023,,,,,22,",,W",29.97,",,W",29.01,",,W",30,",,W",10.51,",,W",,,,,,,,,,,,,0,",,W,2400",,,62,",,W",38,",,W",82,",,W",0,",,W,2400",0,"T,,W,2400",34,"H,,S",,,43,",,W",24,",,W",,,,,260,",,W",230,",,W",,,,,,,,,21,",,W",27.1,",,W",,,,,1,",,W",,,,,,,,,,,,,1,",,W",,,,,,,,,,,,,,,,,,,,,,,,,,
USW00014836,"LANSING CAPITAL CITY AIRPORT, MI US",42.77609,-84.59972,261.2,2/27/2023,,,,,26,",,W",29.53,",,W",28.65,",,W",30,",,W",11.63,",,W",,,,,,,,,,,,,0.82,",,W,2400",,,79,",,W",56,",,W",92,",,W",0,"T,,W,2400",0,"T,,W,2400",31,"H,,S",,,36,",,W",22,",,W",,,,,100,",,W",100,",,W",,,,,,,,,29.1,",,W",38,",,W",,,,,1,",,W",,,,,,,,,1,",,W",,,,,,,,,,,,,,,,,,,,,,,,,,,,,,
USW00014836,"LANSING CAPITAL CITY AIRPORT, MI US",42.77609,-84.59972,261.2,2/28/2023,,,,,29,",,W",29.8,",,W",28.79,",,W",34,",,W",9.4,",,W",,,,,,,,,,,,,0.01,",,W,2400",,,73,",,W",51,",,W",92,",,W",0,"T,,W,2400",0,"T,,W,2400",36,"H,,S",,,46,",,W",32,",,W",,,,,290,",,W",310,",,W",,,,,,,,,19.9,",,W",29.1,",,W",,,,,1,",,W",,,,,,,,,,,,,,,,,,,,,,,,,,,,,,,,,,,,,,,,
USW00014836,"LANSING CAPITAL CITY AIRPORT, MI US",42.77609,-84.59972,261.2,3/1/2023,,,,,32,",,W",29.8,",,W",28.87,",,W",36,",,W",5.37,",,W",,,,,,,,,,,,,0.01,",,W,2400",,,76,",,W",64,",,W",88,",,W",0,"T,,W,2400",0,",,W,2400",40,"H,,S",,,52,",,W",30,",,W",,,,,120,",,W",130,",,W",,,,,,,,,17,",,W",21.9,",,W",,,,,1,",,W",,,,,,,,,,,,,,,,,,,,,,,,,,,,,,,,,,,,,,,,
USW00014836,"LANSING CAPITAL CITY AIRPORT, MI US",42.77609,-84.59972,261.2,3/2/2023,,,,,31,",,W",29.9,",,W",28.92,",,W",34,",,W",6.49,",,W",,,,,,,,,,,,,0,",,W,2400",,,83,",,W",70,",,W",93,",,W",0,",,W,2400",0,",,W,2400",36,"H,,S",,,39,",,W",29,",,W",,,,,270,",,W",270,",,W",,,,,,,,,17,",,W",23,",,W",,,,,1,",,W",,,,,,,,,,,,,1,",,W",,,,,,,,,,,,,,,,,,,,,,,,,,
USW00014836,"LANSING CAPITAL CITY AIRPORT, MI US",42.77609,-84.59972,261.2,3/3/2023,,,,,28,",,W",29.7,",,W",28.8,",,W",30,",,W",11.63,",,W",,,,,,,,,,,,,0.44,",,W,2400",,,85,",,W",76,",,W",92,",,W",6.5,",,W,2400",0,",,W,2400",32,"H,,S",,,35,",,W",27,",,W",,,,,50,",,W",50,",,W",,,,,,,,,28,",,W",38,",,W",,,,,1,",,W",1,",,W",,,,,,,,,,,1,",,W",,,,,,,,,,,,,,,,,,,,,,,,,,
USW00014836,"LANSING CAPITAL CITY AIRPORT, MI US",42.77609,-84.59972,261.2,3/4/2023,,,,,28,",,W",29.89,",,W",28.91,",,W",33,",,W",9.62,",,W",,,,,,,,,,,,,0,"T,,W,2400",,,72,",,W",56,",,W",86,",,W",0,"T,,W,2400",7.1,",,W,2400",35,"H,,S",,,45,",,W",26,",,W",,,,,330,",,W",320,",,W",,,,,,,,,19.9,",,W",32,",,W",,,,,1,",,W",,,,,,,,,,,,,1,",,W",,,,,,,,,,,,,,,,,,,,,,,,,,
USW00014836,"LANSING CAPITAL CITY AIRPORT, MI US",42.77609,-84.59972,261.2,3/5/2023,,,,,30,",,W",30.22,",,W",29.23,",,W",36,",,W",6.93,",,W",,,,,,,,,,,,,0,",,W,2400",,,65,",,W",43,",,W",86,",,W",0,",,W,2400",2,",,W,2400",41,"H,,S",,,51,",,W",34,",,W",,,,,280,",,W",290,",,W",,,,,,,,,15,",,W",21,",,W",,,,,1,",,W",,,,,,,,,,,,,1,",,W",,,,,,,,,,,,,,,,,,,,,,,,,,
USW00014836,"LANSING CAPITAL CITY AIRPORT, MI US",42.77609,-84.59972,261.2,3/6/2023,,,,,31,",,W",30.07,",,W",29.15,",,W",34,",,W",10.51,",,W",,,,,,,,,,,,,0.27,",,W,2400",,,79,",,W",67,",,W",92,",,W",0.7,",,W,2400",1.2,",,W,2400",38,"H,,S",,,40,",,W",33,",,W",,,,,110,",,W",110,",,W",,,,,,,,,21.9,",,W",29.1,",,W",,,,,1,",,W",,,,,,,,,,,,,,,,,,,,,,,,,,,,,,,,,,,,,,,,
USW00014836,"LANSING CAPITAL CITY AIRPORT, MI US",42.77609,-84.59972,261.2,3/7/2023,,,,,22,",,W",30.41,",,W",29.38,",,W",29,",,W",8.72,",,W",,,,,,,,,,,,,0.06,",,W,2400",,,63,",,W",36,",,W",92,",,W",0.3,",,W,2400",1.2,",,W,2400",35,"H,,S",,,42,",,W",25,",,W",,,,,30,",,W",50,",,W",,,,,,,,,19.9,",,W",28,",,W",,,,,1,",,W",,,,,,,,,,,,,,,,,,,,,,,,,,,,,,,,,,,,,,,,
USW00014836,"LANSING CAPITAL CITY AIRPORT, MI US",42.77609,-84.59972,261.2,3/8/2023,,,,,18,",,W",30.56,",,W",29.59,",,W",28,",,W",7.61,",,W",,,,,,,,,,,,,0,",,W,2400",,,53,",,W",38,",,W",75,",,W",0,",,W,2400",0,",,W,2400",33,"H,,S",,,44,",,W",24,",,W",,,,,30,",,W",40,",,W",,,,,,,,,18.1,",,W",23.9,",,W",,,,,,,,,,,,,,,,,,,,,,,,,,,,,,,,,,,,,,,,,,,,,,
USW00014836,"LANSING CAPITAL CITY AIRPORT, MI US",42.77609,-84.59972,261.2,3/9/2023,,,,,23,",,W",30.37,",,W",29.42,",,W",31,",,W",8.5,",,W",,,,,,,,,,,,,0,",,W,2400",,,60,",,W",45,",,W",79,",,W",0,",,W,2400",0,",,W,2400",35,"H,,S",,,44,",,W",28,",,W",,,,,60,",,W",40,",,W",,,,,,,,,17,",,W",25.1,",,W",,,,,,,,,,,,,,,,,,,,,,,,,,,,,,,,,,,,,,,,,,,,,,
USW00014836,"LANSING CAPITAL CITY AIRPORT, MI US",42.77609,-84.59972,261.2,3/10/2023,,,,,27,",,W",30.02,",,W",29.07,",,W",31,",,W",11.41,",,W",,,,,,,,,,,,,0.26,",,W,2400",,,80,",,W",69,",,W",89,",,W",4.1,",,W,2400",3.9,",,W,2400",33,"H,,S",,,35,",,W",30,",,W",,,,,20,",,W",360,",,W",,,,,,,,,23.9,",,W",33.1,",,W",,,,,1,",,W",1,",,W",,,,,,,,,,,1,",,W",,,,,,,,,,,,,,,,,,,,,,,,,,
USW00014836,"LANSING CAPITAL CITY AIRPORT, MI US",42.77609,-84.59972,261.2,3/11/2023,,,,,22,",,W",30.11,",,W",29.13,",,W",28,",,W",5.14,",,W",,,,,,,,,,,,,0,",,W,2400",,,68,",,W",50,",,W",85,",,W",0,",,W,2400",3.9,",,W,2400",32,"H,,S",,,41,",,W",24,",,W",,,,,60,",,W",70,",,W",,,,,,,,,14.1,",,W",17,",,W",,,,,,,,,,,,,,,,,,,,,,,,,,,,,,,,,,,,,,,,,,,,,,
USW00014836,"LANSING CAPITAL CITY AIRPORT, MI US",42.77609,-84.59972,261.2,3/12/2023,,,,,23,",,W",29.98,",,W",29.03,",,W",27,",,W",6.04,",,W",,,,,,,,,,,,,0.12,",,W,2400",,,79,",,W",70,",,W",89,",,W",1.3,",,W,2400",2,",,W,2400",29,"H,,S",,,33,",,W",25,",,W",,,,,70,",,W",70,",,W",,,,,,,,,14.1,",,W",19,",,W",,,,,1,",,W",,,,,,,,,,,,,1,",,W",,,,,,,,,,,,,,,,,,,,,,,,,,
USW00014836,"LANSING CAPITAL CITY AIRPORT, MI US",42.77609,-84.59972,261.2,3/13/2023,,,,,21,",,W",30,",,W",29.01,",,W",26,",,W",7.83,",,W",,,,,,,,,,,,,0.19,",,W,2400",,,77,",,W",61,",,W",89,",,W",2.7,",,W,2400",3.1,",,W,2400",29,"H,,S",,,30,",,W",22,",,W",,,,,340,",,W",330,",,W",,,,,,,,,16.1,",,W",23,",,W",,,,,1,",,W",,,,,,,,,,,,,1,",,W",,,,,,,,,,,,,,,,,,,,,,,,,,
USW00014836,"LANSING CAPITAL CITY AIRPORT, MI US",42.77609,-84.59972,261.2,3/14/2023,,,,,15,",,W",30.26,",,W",29.26,",,W",23,",,W",9.17,",,W",,,,,,,,,,,,,0,",,W,2400",,,62,",,W",39,",,W",78,",,W",0,",,W,2400",2,",,W,2400",25,"H,,S",,,36,",,W",18,",,W",,,,,330,",,W",330,",,W",,,,,,,,,19.9,",,W",30,",,W",,,,,,,,,,,,,,,,,,,,,,,,,,,,,,,,,,,,,,,,,,,,,,
USW00014836,"LANSING CAPITAL CITY AIRPORT, MI US",42.77609,-84.59972,261.2,3/15/2023,,,,,20,",,W",30.24,",,W",29.28,",,W",29,",,W",7.61,",,W",,,,,,,,,,,,,0,",,W,2400",,,58,",,W",37,",,W",85,",,W",0,",,W,2400",0,"T,,W,2400",31,"H,,S",,,45,",,W",19,",,W",,,,,200,",,W",210,",,W",,,,,,,,,17,",,W",21.9,",,W",,,,,,,,,,,,,,,,,,,,,,,,,,,,,,,,,,,,,,,,,,,,,,
USW00014836,"LANSING CAPITAL CITY AIRPORT, MI US",42.77609,-84.59972,261.2,3/16/2023,,,,,29,",,W",29.83,",,W",28.94,",,W",39,",,W",11.41,",,W",,,,,,,,,,,,,0.04,",,W,2400",,,56,",,W",35,",,W",90,",,W",0,",,W,2400",0,",,W,2400",43,"H,,S",,,55,",,W",35,",,W",,,,,190,",,W",190,",,W",,,,,,,,,23.9,",,W",34,",,W",,,,,1,",,W",,,,,,,,,,,,,,,,,,,,,,,,,,,,,,,,,,,,,,,,
USW00014836,"LANSING CAPITAL CITY AIRPORT, MI US",42.77609,-84.59972,261.2,3/17/2023,,,,,31,",,W",29.57,",,W",28.61,",,W",35,",,W",18.79,",,W",,,,,,,,,,,,,0.23,",,W,2400",,,76,",,W",64,",,W",90,",,W",0.1,",,W,2400",0,",,W,2400",42,"H,,S",,,50,",,W",29,",,W",,,,,260,",,W",260,",,W",,,,,,,,,32,",,W",40.9,",,W",,,,,1,",,W",,,,,,,,,,,,,1,",,W",,,,,,,,,,,,,,,,,,,,,,,,,,
USW00014836,"LANSING CAPITAL CITY AIRPORT, MI US",42.77609,-84.59972,261.2,3/18/2023,,,,,12,",,W",29.9,",,W",28.9,",,W",19,",,W",19.01,",,W",,,,,,,,,,,,,0.02,",,W,2400",,,68,",,W",52,",,W",85,",,W",0,"T,,W,2400",0,"T,,W,2400",24,"H,,S",,,29,",,W",18,",,W",,,,,260,",,W",270,",,W",,,,,,,,,30,",,W",40.9,",,W",,,,,1,",,W",1,",,W",,,,,,,,,,,1,",,W",,,,,,,,,,,,,,,,,,,,,,,,,,
USW00014836,"LANSING CAPITAL CITY AIRPORT, MI US",42.77609,-84.59972,261.2,3/19/2023,,,,,14,",,W",30.17,",,W",29.18,",,W",24,",,W",14.32,",,W",,,,,,,,,,,,,0,",,W,2400",,,56,",,W",40,",,W",78,",,W",0,",,W,2400",0,"T,,W,2400",26,"H,,S",,,37,",,W",20,",,W",,,,,250,",,W",270,",,W",,,,,,,,,25.1,",,W",34,",,W",,,,,,,,,,,,,,,,,,,,,,,,,,,,,,,,,,,,,,,,,,,,,,
USW00014836,"LANSING CAPITAL CITY AIRPORT, MI US",42.77609,-84.59972,261.2,3/20/2023,,,,,17,",,W",30.12,",,W",29.15,",,W",31,",,W",15.43,",,W",,,,,,,,,,,,,0,",,W,2400",,,42,",,W",22,",,W",61,",,W",0,",,W,2400",0,",,W,2400",36,"H,,S",,,50,",,W",28,",,W",,,,,210,",,W",240,",,W",,,,,,,,,28,",,W",36.9,",,W",,,,,,,,,,,,,,,,,,,,,,,,,,,,,,,,,,,,,,,,,,,,,,
USW00014836,"LANSING CAPITAL CITY AIRPORT, MI US",42.77609,-84.59972,261.2,3/21/2023,,,,,22,",,W",30.21,",,W",29.24,",,W",37,",,W",8.72,",,W",,,,,,,,,,,,,0,",,W,2400",,,40,",,W",24,",,W",57,",,W",0,",,W,2400",0,",,W,2400",44,"H,,S",,,55,",,W",35,",,W",,,,,200,",,W",220,",,W",,,,,,,,,18.1,",,W",27.1,",,W",,,,,,,,,,,,,,,,,,,,,,,,,,,,,,,,,,,,,,,,,,,,,,
USW00014836,"LANSING CAPITAL CITY AIRPORT, MI US",42.77609,-84.59972,261.2,3/22/2023,,,,,39,",,W",30.04,",,W",29.12,",,W",42,",,W",10.29,",,W",,,,,,,,,,,,,0.06,",,W,2400",,,79,",,W",55,",,W",93,",,W",0,",,W,2400",0,",,W,2400",46,"H,,S",,,50,",,W",40,",,W",,,,,220,",,W",200,",,W",,,,,,,,,19.9,",,W",27.1,",,W",,,,,1,",,W",,,,,,,,,,,,,1,",,W",,,,,,,,,,,,,,,,,,,,,,,,,,
USW00014836,"LANSING CAPITAL CITY AIRPORT, MI US",42.77609,-84.59972,261.2,3/23/2023,,,,,36,",,W",29.94,",,W",28.98,",,W",41,",,W",6.93,",,W",,,,,,,,,,,,,0.24,",,W,2400",,,74,",,W",52,",,W",93,",,W",0,",,W,2400",0,",,W,2400",46,"H,,S",,,48,",,W",36,",,W",,,,,320,",,W",310,",,W",,,,,,,,,16.1,",,W",21,",,W",,,,,1,",,W",,,,,,,,,,,,,1,",,W",,,,,,,,,,,,,,,,,,,,,,,,,,
USW00014836,"LANSING CAPITAL CITY AIRPORT, MI US",42.77609,-84.59972,261.2,3/24/2023,,,,,24,",,W",30.04,",,W",29.1,",,W",32,",,W",8.95,",,W",,,,,,,,,,,,,0,",,W,2400",,,58,",,W",43,",,W",70,",,W",0,",,W,2400",0,",,W,2400",38,"H,,S",,,45,",,W",31,",,W",,,,,80,",,W",90,",,W",,,,,,,,,15,",,W",21,",,W",,,,,,,,,,,,,,,,,,,,,,,,,,,,,,,,,,,,,,,,,,,,,,
USW00014836,"LANSING CAPITAL CITY AIRPORT, MI US",42.77609,-84.59972,261.2,3/25/2023,,,,,31,",,W",29.52,",,W",28.59,",,W",34,",,W",14.32,",,W",,,,,,,,,,,,,0.37,",,W,2400",,,83,",,W",72,",,W",93,",,W",0,"T,,W,2400",0,",,W,2400",36,"H,,S",,,43,",,W",33,",,W",,,,,260,",,W",280,",,W",,,,,,,,,33.1,",,W",45,",,W",,,,,1,",,W",,,,,,,,,1,",,W",,,,,,,,,,,,,,,,,,,,,,,,,,,,,,
USW00014836,"LANSING CAPITAL CITY AIRPORT, MI US",42.77609,-84.59972,261.2,3/26/2023,,,,,30,",,W",29.97,",,W",29,",,W",36,",,W",7.38,",,W",,,,,,,,,,,,,0.36,",,W,2400",,,68,",,W",36,",,W",93,",,W",0,",,W,2400",0,",,W,2400",39,"H,,S",,,52,",,W",29,",,W",,,,,200,",,W",210,",,W",,,,,,,,,18.1,",,W",23,",,W",,,,,1,",,W",,,,,,,,,,,,,,,,,,,,,,,,,,,,,,,,,,,,,,,,
USW00014836,"LANSING CAPITAL CITY AIRPORT, MI US",42.77609,-84.59972,261.2,3/27/2023,,,,,29,",,W",30.08,",,W",29.1,",,W",36,",,W",9.17,",,W",,,,,,,,,,,,,0.06,",,W,2400",,,64,",,W",33,",,W",89,",,W",0,",,W,2400",0,",,W,2400",42,"H,,S",,,50,",,W",34,",,W",,,,,340,",,W",340,",,W",,,,,,,,,18.1,",,W",25.1,",,W",,,,,1,",,W",,,,,,,,,,,,,,,,,,,,,,,,,,,,,,,,,,,,,,,,
USW00014836,"LANSING CAPITAL CITY AIRPORT, MI US",42.77609,-84.59972,261.2,3/28/2023,,,,,25,",,W",30.23,",,W",29.27,",,W",34,",,W",4.7,",,W",,,,,,,,,,,,,0,",,W,2400",,,60,",,W",35,",,W",89,",,W",0,",,W,2400",0,",,W,2400",39,"H,,S",,,50,",,W",26,",,W",,,,,260,",,W",280,",,W",,,,,,,,,18.1,",,W",23.9,",,W",,,,,1,",,W",,,,,,,,,,,,,,,,,,,,,,,,,,,,,,,,,,,,,,,,
USW00014836,"LANSING CAPITAL CITY AIRPORT, MI US",42.77609,-84.59972,261.2,3/29/2023,,,,,19,",,W",30.19,",,W",29.21,",,W",29,",,W",11.86,",,W",,,,,,,,,,,,,0.01,",,W,2400",,,56,",,W",36,",,W",85,",,W",0,"T,,W,2400",0,",,W,2400",37,"H,,S",,,43,",,W",24,",,W",,,,,290,",,W",290,",,W",,,,,,,,,30,",,W",38.9,",,W",,,,,1,",,W",,,,,,,,,,,,,,,,,,,,,,,,,,,,,,,,,,,,,,,,
USW00014836,"LANSING CAPITAL CITY AIRPORT, MI US",42.77609,-84.59972,261.2,3/30/2023,,,,,18,",,W",30.28,",,W",29.31,",,W",29,",,W",5.59,",,W",,,,,,,,,,,,,0.05,",,W,2400",,,54,",,W",26,",,W",81,",,W",0,",,W,2400",0,",,W,2400",31,"H,,S",,,48,",,W",18,",,W",,,,,210,",,W",200,",,W",,,,,,,,,18.1,",,W",25.1,",,W",,,,,,,,,,,,,,,,,,,,,,,,,,,,,,,,,,,,,,,,,,,,,,
USW00014836,"LANSING CAPITAL CITY AIRPORT, MI US",42.77609,-84.59972,261.2,3/31/2023,,,,,44,",,W",29.69,",,W",28.66,",,W",47,",,W",11.86,",,W",,,,,,,,,,,,,1.73,",,W,2400",,,84,",,W",65,",,W",93,",,W",0,",,W,2400",0,",,W,2400",45,"H,,S",,,58,",,W",39,",,W",,,,,240,",,W",210,",,W",,,,,,,,,25.1,",,W",40,",,W",,,,,1,",,W",,,1,",,W",,,,,,,,,,,,,,,,,,,,,,,,,,,,,,,,,,,,
USW00014836,"LANSING CAPITAL CITY AIRPORT, MI US",42.77609,-84.59972,261.2,4/1/2023,,,,,32,",,W",29.59,",,W",28.56,",,W",38,",,W",14.32,",,W",,,,,,,,,,,,,0.15,",,W,2400",,,71,",,W",45,",,W",87,",,W",0,",,W,2400",0,",,W,2400",47,"H,,S",,,58,",,W",31,",,W",,,,,240,",,W",250,",,W",,,,,,,,,32,",,W",44.1,",,W",,,,,1,",,W",,,,,,,,,,,,,1,",,W",,,,,,,,,,,,,,,,,,,,,,,,,,
USW00014836,"LANSING CAPITAL CITY AIRPORT, MI US",42.77609,-84.59972,261.2,4/2/2023,,,,,27,",,W",30.03,",,W",29.1,",,W",34,",,W",9.4,",,W",,,,,,,,,,,,,0,",,W,2400",,,65,",,W",50,",,W",88,",,W",0,",,W,2400",0,",,W,2400",36,"H,,S",,,48,",,W",24,",,W",,,,,170,",,W",170,",,W",,,,,,,,,21,",,W",30,",,W",,,,,,,,,,,,,,,,,,,,,,,,,,,,,,,,,,,,,,,,,,,,,,
USW00014836,"LANSING CAPITAL CITY AIRPORT, MI US",42.77609,-84.59972,261.2,4/3/2023,,,,,38,",,W",29.84,",,W",28.89,",,W",44,",,W",8.28,",,W",,,,,,,,,,,,,0.53,",,W,2400",,,69,",,W",35,",,W",90,",,W",0,",,W,2400",0,",,W,2400",47,"H,,S",,,59,",,W",42,",,W",,,,,220,",,W",200,",,W",,,,,,,,,21,",,W",27.1,",,W",,,,,1,",,W",,,,,,,,,,,,,,,,,,,,,,,,,,,,,,,,,,,,,,,,
USW00014836,"LANSING CAPITAL CITY AIRPORT, MI US",42.77609,-84.59972,261.2,4/4/2023,,,,,44,",,W",29.92,",,W",28.96,",,W",46,",,W",10.96,",,W",,,,,,,,,,,,,0.63,",,W,2400",,,84,",,W",77,",,W",90,",,W",0,",,W,2400",0,",,W,2400",47,"H,,S",,,53,",,W",44,",,W",,,,,120,",,W",130,",,W",,,,,,,,,31.1,",,W",42.1,",,W",,,,,1,",,W",,,1,",,W",,,,,,,,,,,,,,,,,,,,,,,,,,,,,,,,,,,,
USW00014836,"LANSING CAPITAL CITY AIRPORT, MI US",42.77609,-84.59972,261.2,4/5/2023,,,,,51,",,W",29.74,",,W",28.79,",,W",54,",,W",16.78,",,W",,,,,,,,,,,,,1.22,",,W,2400",,,75,",,W",59,",,W",87,",,W",0,",,W,2400",0,",,W,2400",60,"H,,S",,,72,",,W",43,",,W",,,,,260,",,W",260,",,W",,,,,,,,,32,",,W",47,",,W",,,,,1,",,W",,,1,",,W",,,,,,,,,1,",,W",,,,,,,,,,,,,,,,,,,,,,,,,,
USW00014836,"LANSING CAPITAL CITY AIRPORT, MI US",42.77609,-84.59972,261.2,4/6/2023,,,,,25,",,W",30.27,",,W",29.28,",,W",35,",,W",16.11,",,W",,,,,,,,,,,,,0,",,W,2400",,,52,",,W",35,",,W",68,",,W",0,",,W,2400",0,",,W,2400",44,"H,,S",,,48,",,W",36,",,W",,,,,260,",,W",250,",,W",,,,,,,,,25.9,",,W",36.9,",,W",,,,,,,,,,,,,,,,,,,,,,,,,,,,,,,,,,,,,,,,,,,,,,
USW00014836,"LANSING CAPITAL CITY AIRPORT, MI US",42.77609,-84.59972,261.2,4/7/2023,,,,,21,",,W",30.54,",,W",29.55,",,W",33,",,W",5.59,",,W",,,,,,,,,,,,,0,",,W,2400",,,48,",,W",33,",,W",67,",,W",0,",,W,2400",0,",,W,2400",40,"H,,S",,,49,",,W",30,",,W",,,,,30,",,W",20,",,W",,,,,,,,,12.1,",,W",19,",,W",,,,,,,,,,,,,,,,,,,,,,,,,,,,,,,,,,,,,,,,,,,,,,
USW00014836,"LANSING CAPITAL CITY AIRPORT, MI US",42.77609,-84.59972,261.2,4/8/2023,,,,,28,",,W",30.46,",,W",29.5,",,W",38,",,W",7.16,",,W",,,,,,,,,,,,,0,",,W,2400",,,51,",,W",29,",,W",72,",,W",0,",,W,2400",0,",,W,2400",44,"H,,S",,,59,",,W",34,",,W",,,,,160,",,W",160,",,W",,,,,,,,,17,",,W",25.1,",,W",,,,,,,,,,,,,,,,,,,,,,,,,,,,,,,,,,,,,,,,,,,,,,
USW00014836,"LANSING CAPITAL CITY AIRPORT, MI US",42.77609,-84.59972,261.2,4/9/2023,,,,,27,",,W",30.46,",,W",29.49,",,W",41,",,W",4.25,",,W",,,,,,,,,,,,,0,",,W,2400",,,41,",,W",24,",,W",70,",,W",0,",,W,2400",0,",,W,2400",50,"H,,S",,,67,",,W",33,",,W",,,,,170,",,W",170,",,W",,,,,,,,,12.1,",,W",15,",,W",,,,,,,,,,,,,,,,,,,,,,,,,,,,,,,,,,,,,,,,,,,,,,
USW00014836,"LANSING CAPITAL CITY AIRPORT, MI US",42.77609,-84.59972,261.2,4/10/2023,,,,,31,",,W",30.36,",,W",29.41,",,W",44,",,W",7.16,",,W",,,,,,,,,,,,,0,",,W,2400",,,41,",,W",21,",,W",68,",,W",0,",,W,2400",0,",,W,2400",56,"H,,S",,,68,",,W",41,",,W",,,,,230,",,W",210,",,W",,,,,,,,,16.1,",,W",21.9,",,W",,,,,,,,,,,,,,,,,,,,,,,,,,,,,,,,,,,,,,,,,,,,,,
USW00014836,"LANSING CAPITAL CITY AIRPORT, MI US",42.77609,-84.59972,261.2,4/11/2023,,,,,37,",,W",30.15,",,W",29.23,",,W",50,",,W",11.86,",,W",,,,,,,,,,,,,0,",,W,2400",,,39,",,W",28,",,W",58,",,W",0,",,W,2400",0,",,W,2400",60,"H,,S",,,74,",,W",49,",,W",,,,,260,",,W",270,",,W",,,,,,,,,25.9,",,W",38.9,",,W",,,,,,,,,,,,,,,,,,,,,,,,,,,,,,,,,,,,,,,,,,,,,,
USW00014836,"LANSING CAPITAL CITY AIRPORT, MI US",42.77609,-84.59972,261.2,4/12/2023,,,,,44,",,W",29.92,",,W",29.02,",,W",56,",,W",14.09,",,W",,,,,,,,,,,,,0,",,W,2400",,,42,",,W",28,",,W",58,",,W",0,",,W,2400",0,",,W,2400",67,"H,,S",,,80,",,W",58,",,W",,,,,260,",,W",270,",,W",,,,,,,,,30,",,W",38,",,W",,,,,,,,,,,,,,,,,,,,,,,,,,,,,,,,,,,,,,,,,,,,,,
USW00014836,"LANSING CAPITAL CITY AIRPORT, MI US",42.77609,-84.59972,261.2,4/13/2023,,,,,43,",,W",29.86,",,W",28.95,",,W",55,",,W",9.84,",,W",,,,,,,,,,,,,0,",,W,2400",,,39,",,W",24,",,W",56,",,W",0,",,W,2400",0,",,W,2400",70,"H,,S",,,83,",,W",57,",,W",,,,,220,",,W",220,",,W",,,,,,,,,19.9,",,W",30,",,W",,,,,,,,,,,,,,,,,,,,,,,,,,,,,,,,,,,,,,,,,,,,,,
USW00014836,"LANSING CAPITAL CITY AIRPORT, MI US",42.77609,-84.59972,261.2,4/14/2023,,,,,40,",,W",29.83,",,W",28.91,",,W",54,",,W",2.01,",,W",,,,,,,,,,,,,0,",,W,2400",,,38,",,W",17,",,W",71,",,W",0,",,W,2400",0,",,W,2400",69,"H,,S",,,85,",,W",49,",,W",,,,,210,",,W",210,",,W",,,,,,,,,10.1,",,W",13,",,W",,,,,,,,,,,,,,,,,,,,,,,,,,,,,,,,,,,,,,,,,,,,,,
USW00014836,"LANSING CAPITAL CITY AIRPORT, MI US",42.77609,-84.59972,261.2,4/15/2023,,,,,50,",,W",29.78,",,W",28.87,",,W",59,",,W",3.58,",,W",,,,,,,,,,,,,0.12,",,W,2400",,,51,",,W",28,",,W",78,",,W",0,",,W,2400",0,",,W,2400",71,"H,,S",,,84,",,W",62,",,W",,,,,280,",,W",280,",,W",,,,,,,,,21.9,",,W",28,",,W",,,,,,,,,,,,,,,,,,,,,,,,,,,,,,,,,,,,,,,,,,,,,,
USW00014836,"LANSING CAPITAL CITY AIRPORT, MI US",42.77609,-84.59972,261.2,4/16/2023,,,,,47,",,W",29.6,",,W",28.67,",,W",52,",,W",13.42,",,W",,,,,,,,,,,,,0.15,",,W,2400",,,69,",,W",57,",,W",84,",,W",0,",,W,2400",0,",,W,2400",63,"H,,S",,,71,",,W",41,",,W",,,,,230,",,W",220,",,W",,,,,,,,,28,",,W",40,",,W",,,,,,,,,,,,,,,,,,,,,,,,,,,,,,,,,,,,,,,,,,,,,,
USW00014836,"LANSING CAPITAL CITY AIRPORT, MI US",42.77609,-84.59972,261.2,4/17/2023,,,,,29,",,W",29.56,",,W",28.61,",,W",34,",,W",16.78,",,W",,,,,,,,,,,,,0.05,",,W,2400",,,74,",,W",57,",,W",89,",,W",0.2,",,W,2400",0,"T,,W,2400",39,"H,,S",,,41,",,W",34,",,W",,,,,260,",,W",250,",,W",,,,,,,,,32,",,W",40.9,",,W",,,,,1,",,W",,,,,,,,,,,,,,,,,,,,,,,,,,,,,,,,,,,,,,,,
USW00014836,"LANSING CAPITAL CITY AIRPORT, MI US",42.77609,-84.59972,261.2,4/18/2023,,,,,27,",,W",29.87,",,W",28.88,",,W",34,",,W",13.87,",,W",,,,,,,,,,,,,0.03,",,W,2400",,,63,",,W",50,",,W",85,",,W",0.3,",,W,2400",0,"T,,W,2400",37,"H,,S",,,47,",,W",32,",,W",,,,,270,",,W",280,",,W",,,,,,,,,23,",,W",35.1,",,W",,,,,1,",,W",,,,,,,,,,,,,,,,,,,,,,,,,,,,,,,,,,,,,,,,
USW00014836,"LANSING CAPITAL CITY AIRPORT, MI US",42.77609,-84.59972,261.2,4/19/2023,,,,,33,",,W",30.09,",,W",29.15,",,W",39,",,W",7.16,",,W",,,,,,,,,,,,,0.25,",,W,2400",,,65,",,W",39,",,W",90,",,W",0,",,W,2400",0,",,W,2400",43,"H,,S",,,60,",,W",30,",,W",,,,,120,",,W",120,",,W",,,,,,,,,19.9,",,W",23.9,",,W",,,,,1,",,W",,,,,,,,,,,,,,,,,,,,,,,,,,,,,,,,,,,,,,,,
USW00014836,"LANSING CAPITAL CITY AIRPORT, MI US",42.77609,-84.59972,261.2,4/20/2023,,,,,44,",,W",29.96,",,W",29.03,",,W",50,",,W",11.41,",,W",,,,,,,,,,,,,0.06,",,W,2400",,,64,",,W",44,",,W",89,",,W",0,",,W,2400",0,",,W,2400",52,"H,,S",,,72,",,W",42,",,W",,,,,150,",,W",240,",,W",,,,,,,,,21,",,W",28,",,W",,,,,1,",,W",,,,,,,,,,,,,,,,,,,,,,,,,,,,,,,,,,,,,,,,
USW00014836,"LANSING CAPITAL CITY AIRPORT, MI US",42.77609,-84.59972,261.2,4/21/2023,,,,,40,",,W",29.9,",,W",28.96,",,W",47,",,W",9.62,",,W",,,,,,,,,,,,,0.04,",,W,2400",,,64,",,W",42,",,W",86,",,W",0,",,W,2400",0,",,W,2400",56,"H,,S",,,64,",,W",46,",,W",,,,,270,",,W",270,",,W",,,,,,,,,25.1,",,W",32,",,W",,,,,,,,,,,,,,,,,,,,,,,,,,,,,,,,,,,,,,,,,,,,,,
USW00014836,"LANSING CAPITAL CITY AIRPORT, MI US",42.77609,-84.59972,261.2,4/22/2023,,,,,36,",,W",29.82,",,W",28.87,",,W",41,",,W",8.95,",,W",,,,,,,,,,,,,0.17,",,W,2400",,,72,",,W",50,",,W",86,",,W",0,",,W,2400",0,",,W,2400",47,"H,,S",,,51,",,W",36,",,W",,,,,270,",,W",260,",,W",,,,,,,,,28,",,W",35.1,",,W",,,,,1,",,W",,,,,,,,,,,,,,,,,,,,,,,,,,,,,,,,,,,,,,,,
USW00014836,"LANSING CAPITAL CITY AIRPORT, MI US",42.77609,-84.59972,261.2,4/23/2023,,,,,28,",,W",30.02,",,W",29.03,",,W",35,",,W",10.29,",,W",,,,,,,,,,,,,0,",,W,2400",,,64,",,W",44,",,W",89,",,W",0,",,W,2400",0,",,W,2400",40,"H,,S",,,46,",,W",33,",,W",,,,,280,",,W",280,",,W",,,,,,,,,19.9,",,W",27.1,",,W",,,,,,,,,,,,,,,,,,,,,,,,,,,,,,,,,,,,,,,,,,,,,,
USW00014836,"LANSING CAPITAL CITY AIRPORT, MI US",42.77609,-84.59972,261.2,4/24/2023,,,,,26,",,W",30.16,",,W",29.2,",,W",35,",,W",5.82,",,W",,,,,,,,,,,,,0,"T,,W,2400",,,58,",,W",36,",,W",76,",,W",0,"T,,W,2400",0,",,W,2400",40,"H,,S",,,49,",,W",32,",,W",,,,,260,",,W",300,",,W",,,,,,,,,18.1,",,W",23.9,",,W",,,,,,,,,,,,,,,,,,,,,,,,,,,,,,,,,,,,,,,,,,,,,,
USW00014836,"LANSING CAPITAL CITY AIRPORT, MI US",42.77609,-84.59972,261.2,4/25/2023,,,,,31,",,W",30.19,",,W",29.22,",,W",35,",,W",2.91,",,W",,,,,,,,,,,,,0.11,",,W,2400",,,74,",,W",50,",,W",92,",,W",0,"T,,W,2400",0,",,W,2400",38,"H,,S",,,50,",,W",30,",,W",,,,,300,",,W",290,",,W",,,,,,,,,12.1,",,W",14.1,",,W",,,,,1,",,W",,,,,,,,,,,,,,,,,,,,,,,,,,,,,,,,,,,,,,,,
USW00014836,"LANSING CAPITAL CITY AIRPORT, MI US",42.77609,-84.59972,261.2,4/26/2023,,,,,29,",,W",30.23,",,W",29.27,",,W",37,",,W",5.37,",,W",,,,,,,,,,,,,0,",,W,2400",,,58,",,W",40,",,W",79,",,W",0,",,W,2400",0,",,W,2400",42,"H,,S",,,53,",,W",31,",,W",,,,,10,",,W",20,",,W",,,,,,,,,13,",,W",17,",,W",,,,,,,,,,,,,,,,,,,,,,,,,,,,,,,,,,,,,,,,,,,,,,
USW00014836,"LANSING CAPITAL CITY AIRPORT, MI US",42.77609,-84.59972,261.2,4/27/2023,,,,,31,",,W",30.08,",,W",29.15,",,W",41,",,W",8.28,",,W",,,,,,,,,,,,,0,",,W,2400",,,52,",,W",28,",,W",82,",,W",0,",,W,2400",0,",,W,2400",47,"H,,S",,,63,",,W",32,",,W",,,,,150,",,W",140,",,W",,,,,,,,,17,",,W",23.9,",,W",,,,,1,",,W",,,,,,,,,,,,,1,",,W",,,,,,,,,,,,,,,,,,,,,,,,,,
USW00014836,"LANSING CAPITAL CITY AIRPORT, MI US",42.77609,-84.59972,261.2,4/28/2023,,,,,41,",,W",29.84,",,W",28.89,",,W",45,",,W",8.95,",,W",,,,,,,,,,,,,0.17,",,W,2400",,,77,",,W",58,",,W",92,",,W",0,",,W,2400",0,",,W,2400",48,"H,,S",,,52,",,W",41,",,W",,,,,20,",,W",20,",,W",,,,,,,,,17,",,W",23.9,",,W",,,,,1,",,W",,,,,,,,,,,,,1,",,W",,,,,,,,,,,,,,,,,,,,,,,,,,
USW00014836,"LANSING CAPITAL CITY AIRPORT, MI US",42.77609,-84.59972,261.2,4/29/2023,,,,,45,",,W",29.61,",,W",28.71,",,W",49,",,W",8.05,",,W",,,,,,,,,,,,,0.21,",,W,2400",,,77,",,W",46,",,W",93,",,W",0,",,W,2400",0,",,W,2400",54,"H,,S",,,66,",,W",41,",,W",,,,,250,",,W",250,",,W",,,,,,,,,36,",,W",46.1,",,W",,,,,1,",,W",,,1,",,W",,,,,,,,,,,,,,,,,,,,,,,,,,,,,,,,,,,,
USW00014836,"LANSING CAPITAL CITY AIRPORT, MI US",42.77609,-84.59972,261.2,4/30/2023,,,,,35,",,W",29.4,",,W",28.49,",,W",41,",,W",9.17,",,W",,,,,,,,,,,,,0,"T,,W,2400",,,67,",,W",43,",,W",93,",,W",0,",,W,2400",0,",,W,2400",46,"H,,S",,,54,",,W",40,",,W",,,,,260,",,W",270,",,W",,,,,,,,,21,",,W",27.1,",,W",,,,,1,",,W",,,,,,,,,,,,,,,,,,,,,,,,,,,,,,,,,,,,,,,,
USW00014836,"LANSING CAPITAL CITY AIRPORT, MI US",42.77609,-84.59972,261.2,5/1/2023,,,,,34,",,W",29.27,",,W",28.34,",,W",38,",,W",14.09,",,W",,,,,,,,,,,,,0.33,",,W,2400",,,78,",,W",59,",,W",89,",,W",0,",,W,2400",0,",,W,2400",42,"H,,S",,,48,",,W",36,",,W",,,,,270,",,W",270,",,W",,,,,,,,,25.9,",,W",36.9,",,W",,,,,1,",,W",,,,,,,,,,,,,,,,,,,,,,,,,,,,,,,,,,,,,,,,
USW00014836,"LANSING CAPITAL CITY AIRPORT, MI US",42.77609,-84.59972,261.2,5/2/2023,,,,,33,",,W",29.47,",,W",28.5,",,W",37,",,W",15.66,",,W",,,,,,,,,,,,,0.09,",,W,2400",,,77,",,W",62,",,W",86,",,W",0,",,W,2400",0,",,W,2400",40,"H,,S",,,44,",,W",37,",,W",,,,,280,",,W",280,",,W",,,,,,,,,28,",,W",40,",,W",,,,,1,",,W",,,,,,,,,,,,,1,",,W",,,,,,,,,,,,,,,,,,,,,,,,,,
USW00014836,"LANSING CAPITAL CITY AIRPORT, MI US",42.77609,-84.59972,261.2,5/3/2023,,,,,38,",,W",29.8,",,W",28.82,",,W",43,",,W",10.96,",,W",,,,,,,,,,,,,0.01,",,W,2400",,,72,",,W",53,",,W",89,",,W",0,",,W,2400",0,",,W,2400",45,"H,,S",,,57,",,W",39,",,W",,,,,330,",,W",320,",,W",,,,,,,,,21.9,",,W",30,",,W",,,,,,,,,,,,,,,,,,,,,,,,,,,,,,,,,,,,,,,,,,,,,,
USW00014836,"LANSING CAPITAL CITY AIRPORT, MI US",42.77609,-84.59972,261.2,5/4/2023,,,,,38,",,W",30.01,",,W",29.05,",,W",45,",,W",3.58,",,W",,,,,,,,,,,,,0,",,W,2400",,,64,",,W",43,",,W",93,",,W",0,",,W,2400",0,",,W,2400",50,"H,,S",,,64,",,W",36,",,W",,,,,330,",,W",20,",,W",,,,,,,,,8.9,",,W",14.1,",,W",,,,,,,,,,,,,,,,,,,,,,,,,,,,,,,,,,,,,,,,,,,,,,
USW00014836,"LANSING CAPITAL CITY AIRPORT, MI US",42.77609,-84.59972,261.2,5/5/2023,,,,,42,",,W",30.13,",,W",29.19,",,W",50,",,W",9.17,",,W",,,,,,,,,,,,,0,",,W,2400",,,53,",,W",35,",,W",76,",,W",0,",,W,2400",0,",,W,2400",57,"H,,S",,,73,",,W",42,",,W",,,,,140,",,W",140,",,W",,,,,,,,,16.1,",,W",21.9,",,W",,,,,,,,,,,,,,,,,,,,,,,,,,,,,,,,,,,,,,,,,,,,,,
USW00014836,"LANSING CAPITAL CITY AIRPORT, MI US",42.77609,-84.59972,261.2,5/6/2023,,,,,41,",,W",30.16,",,W",29.24,",,W",51,",,W",10.51,",,W",,,,,,,,,,,,,0,"T,,W,2400",,,50,",,W",40,",,W",66,",,W",0,",,W,2400",0,",,W,2400",60,"H,,S",,,69,",,W",49,",,W",,,,,120,",,W",150,",,W",,,,,,,,,14.1,",,W",18.1,",,W",,,,,,,,,,,,,,,,,,,,,,,,,,,,,,,,,,,,,,,,,,,,,,
USW00014836,"LANSING CAPITAL CITY AIRPORT, MI US",42.77609,-84.59972,261.2,5/7/2023,,,,,54,",,W",29.9,",,W",28.99,",,W",58,",,W",10.29,",,W",,,,,,,,,,,,,0.32,",,W,2400",,,74,",,W",56,",,W",90,",,W",0,",,W,2400",0,",,W,2400",64,"H,,S",,,79,",,W",53,",,W",,,,,220,",,W",280,",,W",,,,,,,,,14.1,",,W",17,",,W",,,,,1,",,W",,,1,",,W",,,,,,,,,,,,,,,,,,,,,,,,,,,,,,,,,,,,
USW00014836,"LANSING CAPITAL CITY AIRPORT, MI US",42.77609,-84.59972,261.2,5/8/2023,,,,,49,",,W",29.99,",,W",29.05,",,W",52,",,W",8.5,",,W",,,,,,,,,,,,,0.04,",,W,2400",,,75,",,W",59,",,W",89,",,W",0,",,W,2400",0,",,W,2400",58,"H,,S",,,65,",,W",50,",,W",,,,,60,",,W",100,",,W",,,,,,,,,15,",,W",16.1,",,W",,,,,,,,,,,,,,,,,,,,,,,,,,,,,,,,,,,,,,,,,,,,,,
USW00014836,"LANSING CAPITAL CITY AIRPORT, MI US",42.77609,-84.59972,261.2,5/9/2023,,,,,38,",,W",30.13,",,W",29.18,",,W",49,",,W",4.47,",,W",,,,,,,,,,,,,0,",,W,2400",,,49,",,W",25,",,W",83,",,W",0,",,W,2400",0,",,W,2400",59,"H,,S",,,72,",,W",45,",,W",,,,,30,",,W",30,",,W",,,,,,,,,10.1,",,W",10.1,",,W",,,,,,,,,,,,,,,,,,,,,,,,,,,,,,,,,,,,,,,,,,,,,,
USW00014836,"LANSING CAPITAL CITY AIRPORT, MI US",42.77609,-84.59972,261.2,5/10/2023,,,,,42,",,W",30.18,",,W",29.24,",,W",52,",,W",,,,,,,,,,,,,,,0,",,W,2400",,,45,",,W",27,",,W",72,",,W",0,",,W,2400",0,",,W,2400",63,"H,,S",,,79,",,W",47,",,W",,,,,,,,,,,,,,,,,,,,,,,,,,,,,,,,,,,,,,,,,,,,,,,,,,,,,,,,,,,,,,,,,,
USW00014836,"LANSING CAPITAL CITY AIRPORT, MI US",42.77609,-84.59972,261.2,5/11/2023,,,,,45,",,W",30.12,",,W",29.18,",,W",55,",,W",,,,,,,,,,,,,,,0,",,W,2400",,,48,",,W",22,",,W",83,",,W",0,",,W,2400",0,",,W,2400",67,"H,,S",,,82,",,W",49,",,W",,,,,,,,,,,,,,,,,,,,,,,,,,,,,,,,,,,,,,,1,",,W",,,,,,,,,,,,,,,,,,,,,,,,,,
USW00014836,"LANSING CAPITAL CITY AIRPORT, MI US",42.77609,-84.59972,261.2,5/12/2023,,,,,49,",,W",30.07,",,W",29.14,",,W",58,",,W",2.91,",,W",,,,,,,,,,,,,0,"T,,W,2400",,,49,",,W",28,",,W",72,",,W",0,",,W,2400",0,",,W,2400",70,"H,,S",,,82,",,W",56,",,W",,,,,190,",,W",200,",,W",,,,,,,,,12.1,",,W",16.1,",,W",,,,,,,,,,,,,,,,,,,1,",,W",,,,,,,,,,,,,,,,,,,,,,,,,,
USW00014836,"LANSING CAPITAL CITY AIRPORT, MI US",42.77609,-84.59972,261.2,5/13/2023,,,,,51,",,W",30.17,",,W",29.24,",,W",58,",,W",6.93,",,W",,,,,,,,,,,,,0.01,",,W,2400",,,59,",,W",46,",,W",76,",,W",0,",,W,2400",0,",,W,2400",68,"H,,S",,,74,",,W",56,",,W",,,,,30,",,W",40,",,W",,,,,,,,,15,",,W",19.9,",,W",,,,,,,,,,,,,,,,,,,,,,,,,,,,,,,,,,,,,,,,,,,,,,
USW00014836,"LANSING CAPITAL CITY AIRPORT, MI US",42.77609,-84.59972,261.2,5/14/2023,,,,,34,",,W",30.4,",,W",29.44,",,W",46,",,W",9.84,",,W",,,,,,,,,,,,,0,",,W,2400",,,42,",,W",28,",,W",55,",,W",0,",,W,2400",0,",,W,2400",60,"H,,S",,,67,",,W",48,",,W",,,,,30,",,W",50,",,W",,,,,,,,,21,",,W",29.1,",,W",,,,,,,,,,,,,,,,,,,,,,,,,,,,,,,,,,,,,,,,,,,,,,
USW00014836,"LANSING CAPITAL CITY AIRPORT, MI US",42.77609,-84.59972,261.2,5/15/2023,,,,,33,",,W",30.28,",,W",29.36,",,W",46,",,W",3.8,",,W",,,,,,,,,,,,,0,",,W,2400",,,41,",,W",20,",,W",76,",,W",0,",,W,2400",0,",,W,2400",56,"H,,S",,,74,",,W",38,",,W",,,,,290,",,W",290,",,W",,,,,,,,,10.1,",,W",18.1,",,W",,,,,,,,,,,,,,,,,,,,,,,,,,,,,,,,,,,,,,,,,,,,,,
USW00014836,"LANSING CAPITAL CITY AIRPORT, MI US",42.77609,-84.59972,261.2,5/16/2023,,,,,38,",,W",29.84,",,W",28.92,",,W",50,",,W",10.29,",,W",,,,,,,,,,,,,0,",,W,2400",,,45,",,W",28,",,W",71,",,W",0,",,W,2400",0,",,W,2400",62,"H,,S",,,79,",,W",44,",,W",,,,,270,",,W",290,",,W",,,,,,,,,21.9,",,W",30,",,W",,,,,,,,,,,,,,,,,,,,,,,,,,,,,,,,,,,,,,,,,,,,,,
USW00014836,"LANSING CAPITAL CITY AIRPORT, MI US",42.77609,-84.59972,261.2,5/17/2023,,,,,33,",,W",30.05,",,W",29.08,",,W",42,",,W",5.82,",,W",,,,,,,,,,,,,0,",,W,2400",,,55,",,W",33,",,W",79,",,W",0,",,W,2400",0,",,W,2400",52,"H,,S",,,60,",,W",41,",,W",,,,,50,",,W",50,",,W",,,,,,,,,14.1,",,W",21.9,",,W",,,,,,,,,,,,,,,,,,,,,,,,,,,,,,,,,,,,,,,,,,,,,,
USW00014836,"LANSING CAPITAL CITY AIRPORT, MI US",42.77609,-84.59972,261.2,5/18/2023,,,,,31,",,W",30.11,",,W",29.18,",,W",44,",,W",7.61,",,W",,,,,,,,,,,,,0,",,W,2400",,,43,",,W",25,",,W",70,",,W",0,",,W,2400",0,",,W,2400",52,"H,,S",,,68,",,W",40,",,W",,,,,140,",,W",150,",,W",,,,,,,,,14.1,",,W",21.9,",,W",,,,,,,,,,,,,,,,,,,,,,,,,,,,,,,,,,,,,,,,,,,,,,
USW00014836,"LANSING CAPITAL CITY AIRPORT, MI US",42.77609,-84.59972,261.2,5/19/2023,,,,,47,",,W",29.96,",,W",29.02,",,W",54,",,W",8.5,",,W",,,,,,,,,,,,,0.16,",,W,2400",,,65,",,W",44,",,W",90,",,W",0,",,W,2400",0,",,W,2400",60,"H,,S",,,73,",,W",48,",,W",,,,,220,",,W",220,",,W",,,,,,,,,17,",,W",23.9,",,W",,,,,1,",,W",,,,,,,,,,,,,1,",,W",,,,,,,,,,,,,,,,,,,,,,,,,,
USW00014836,"LANSING CAPITAL CITY AIRPORT, MI US",42.77609,-84.59972,261.2,5/20/2023,,,,,43,",,W",30.05,",,W",29.11,",,W",49,",,W",9.4,",,W",,,,,,,,,,,,,0,",,W,2400",,,68,",,W",46,",,W",86,",,W",0,",,W,2400",0,",,W,2400",55,"H,,S",,,65,",,W",46,",,W",,,,,300,",,W",300,",,W",,,,,,,,,18.1,",,W",25.1,",,W",,,,,,,,,,,,,,,,,,,,,,,,,,,,,,,,,,,,,,,,,,,,,,
USW00014836,"LANSING CAPITAL CITY AIRPORT, MI US",42.77609,-84.59972,261.2,5/21/2023,,,,,43,",,W",30.11,",,W",29.17,",,W",52,",,W",4.7,",,W",,,,,,,,,,,,,0,",,W,2400",,,51,",,W",28,",,W",80,",,W",0,",,W,2400",0,",,W,2400",61,"H,,S",,,77,",,W",45,",,W",,,,,270,",,W",260,",,W",,,,,,,,,15,",,W",21.9,",,W",,,,,,,,,,,,,,,,,,,,,,,,,,,,,,,,,,,,,,,,,,,,,,
USW00014836,"LANSING CAPITAL CITY AIRPORT, MI US",42.77609,-84.59972,261.2,5/22/2023,,,,,47,",,W",30.16,",,W",29.22,",,W",54,",,W",3.36,",,W",,,,,,,,,,,,,0,",,W,2400",,,57,",,W",34,",,W",89,",,W",0,",,W,2400",0,",,W,2400",63,"H,,S",,,78,",,W",47,",,W",,,,,150,",,W",140,",,W",,,,,,,,,10.1,",,W",14.1,",,W",,,,,1,",,W",,,,,,,,,,,,,,,,,,,,,,,,,,,,,,,,,,,,,,,,
USW00014836,"LANSING CAPITAL CITY AIRPORT, MI US",42.77609,-84.59972,261.2,5/23/2023,,,,,48,",,W",30.15,",,W",29.21,",,W",56,",,W",2.46,",,W",,,,,,,,,,,,,0,",,W,2400",,,55,",,W",31,",,W",80,",,W",0,",,W,2400",0,",,W,2400",67,"H,,S",,,81,",,W",50,",,W",,,,,330,",,W",330,",,W",,,,,,,,,10.1,",,W",13,",,W",,,,,,,,,,,,,,,,,,,,,,,,,,,,,,,,,,,,,,,,,,,,,,
USW00014836,"LANSING CAPITAL CITY AIRPORT, MI US",42.77609,-84.59972,261.2,5/24/2023,,,,,41,",,W",30.22,",,W",29.26,",,W",49,",,W",11.18,",,W",,,,,,,,,,,,,0,",,W,2400",,,58,",,W",30,",,W",89,",,W",0,",,W,2400",0,",,W,2400",60,"H,,S",,,64,",,W",43,",,W",,,,,60,",,W",20,",,W",,,,,,,,,25.1,",,W",35.1,",,W",,,,,1,",,W",,,,,,,,,,,,,1,",,W",,,,,,,,,,,,,,,,,,,,,,,,,,
USW00014836,"LANSING CAPITAL CITY AIRPORT, MI US",42.77609,-84.59972,261.2,5/25/2023,,,,,31,",,W",30.34,",,W",29.38,",,W",43,",,W",10.07,",,W",,,,,,,,,,,,,0,",,W,2400",,,48,",,W",29,",,W",70,",,W",0,",,W,2400",0,",,W,2400",51,"H,,S",,,67,",,W",38,",,W",,,,,30,",,W",50,",,W",,,,,,,,,16.1,",,W",23.9,",,W",,,,,,,,,,,,,,,,,,,,,,,,,,,,,,,,,,,,,,,,,,,,,,
USW00014836,"LANSING CAPITAL CITY AIRPORT, MI US",42.77609,-84.59972,261.2,5/26/2023,,,,,33,",,W",30.35,",,W",29.4,",,W",46,",,W",4.25,",,W",,,,,,,,,,,,,0,",,W,2400",,,42,",,W",24,",,W",73,",,W",0,",,W,2400",0,",,W,2400",55,"H,,S",,,74,",,W",37,",,W",,,,,40,",,W",60,",,W",,,,,,,,,14.1,",,W",19.9,",,W",,,,,,,,,,,,,,,,,,,,,,,,,,,,,,,,,,,,,,,,,,,,,,
USW00014836,"LANSING CAPITAL CITY AIRPORT, MI US",42.77609,-84.59972,261.2,5/27/2023,,,,,38,",,W",30.3,",,W",29.36,",,W",50,",,W",2.68,",,W",,,,,,,,,,,,,0,",,W,2400",,,44,",,W",22,",,W",79,",,W",0,",,W,2400",0,",,W,2400",62,"H,,S",,,80,",,W",41,",,W",,,,,80,",,W",80,",,W",,,,,,,,,12.1,",,W",16.1,",,W",,,,,,,,,,,,,,,,,,,,,,,,,,,,,,,,,,,,,,,,,,,,,,
USW00014836,"LANSING CAPITAL CITY AIRPORT, MI US",42.77609,-84.59972,261.2,5/28/2023,,,,,43,",,W",30.14,",,W",29.21,",,W",54,",,W",3.13,",,W",,,,,,,,,,,,,0,",,W,2400",,,47,",,W",21,",,W",80,",,W",0,",,W,2400",0,",,W,2400",66,"H,,S",,,81,",,W",49,",,W",,,,,40,",,W",40,",,W",,,,,,,,,13,",,W",18.1,",,W",,,,,,,,,,,,,,,,,,,,,,,,,,,,,,,,,,,,,,,,,,,,,,
USW00014836,"LANSING CAPITAL CITY AIRPORT, MI US",42.77609,-84.59972,261.2,5/29/2023,,,,,46,",,W",30.03,",,W",29.1,",,W",57,",,W",4.03,",,W",,,,,,,,,,,,,0,",,W,2400",,,44,",,W",25,",,W",77,",,W",0,",,W,2400",0,",,W,2400",69,"H,,S",,,87,",,W",50,",,W",,,,,80,",,W",90,",,W",,,,,,,,,12.1,",,W",18.1,",,W",,,,,,,,,,,,,,,,,,,,,,,,,,,,,,,,,,,,,,,,,,,,,,
USW00014836,"LANSING CAPITAL CITY AIRPORT, MI US",42.77609,-84.59972,261.2,5/30/2023,,,,,51,",,W",30.01,",,W",29.08,",,W",61,",,W",4.7,",,W",,,,,,,,,,,,,0,",,W,2400",,,45,",,W",28,",,W",75,",,W",0,",,W,2400",0,",,W,2400",74,"H,,S",,,90,",,W",55,",,W",,,,,130,",,W",150,",,W",,,,,,,,,13,",,W",19,",,W",,,,,,,,,,,,,,,,,,,,,,,,,,,,,,,,,,,,,,,,,,,,,,
USW00014836,"LANSING CAPITAL CITY AIRPORT, MI US",42.77609,-84.59972,261.2,5/31/2023,,,,,54,",,W",30.05,",,W",29.13,",,W",64,",,W",8.28,",,W",,,,,,,,,,,,,0,",,W,2400",,,44,",,W",28,",,W",68,",,W",0,",,W,2400",0,",,W,2400",79,"H,,S",,,89,",,W",66,",,W",,,,,140,",,W",130,",,W",,,,,,,,,16.1,",,W",29.1,",,W",,,,,,,,,,,,,,,,,,,,,,,,,,,,,,,,,,,,,,,,,,,,,,
USW00014836,"LANSING CAPITAL CITY AIRPORT, MI US",42.77609,-84.59972,261.2,6/1/2023,,,,,52,",,W",30.08,",,W",29.16,",,W",62,",,W",5.82,",,W",,,,,,,,,,,,,0,",,W,2400",,,43,",,W",25,",,W",57,",,W",0,",,W,2400",0,",,W,2400",78,"H,,S",,,90,",,W",66,",,W",,,,,150,",,W",140,",,W",,,,,,,,,16.1,",,W",21.9,",,W",,,,,,,,,,,,,,,,,,,,,,,,,,,,,,,,,,,,,,,,,,,,,,
USW00014836,"LANSING CAPITAL CITY AIRPORT, MI US",42.77609,-84.59972,261.2,6/2/2023,,,,,51,",,W",30.06,",,W",29.14,",,W",62,",,W",5.37,",,W",,,,,,,,,,,,,0,",,W,2400",,,44,",,W",24,",,W",72,",,W",0,",,W,2400",0,",,W,2400",76,"H,,S",,,91,",,W",58,",,W",,,,,70,",,W",10,",,W",,,,,,,,,15,",,W",21,",,W",,,,,,,,,,,,,,,,,,,,,,,,,,,,,,,,,,,,,,,,,,,,,,
USW00014836,"LANSING CAPITAL CITY AIRPORT, MI US",42.77609,-84.59972,261.2,6/3/2023,,,,,55,",,W",30.03,",,W",29.11,",,W",63,",,W",6.71,",,W",,,,,,,,,,,,,0,",,W,2400",,,53,",,W",29,",,W",75,",,W",0,",,W,2400",0,",,W,2400",76,"H,,S",,,90,",,W",59,",,W",,,,,30,",,W",50,",,W",,,,,,,,,21,",,W",30,",,W",,,,,,,,,,,,,,,,,,,1,",,W",,,,,,,,,,,,,,,,,,,,,,,,,,
USW00014836,"LANSING CAPITAL CITY AIRPORT, MI US",42.77609,-84.59972,261.2,6/4/2023,,,,,39,",,W",30.09,",,W",29.16,",,W",53,",,W",7.61,",,W",,,,,,,,,,,,,0,",,W,2400",,,38,",,W",18,",,W",84,",,W",0,",,W,2400",0,",,W,2400",69,"H,,S",,,81,",,W",52,",,W",,,,,60,",,W",60,",,W",,,,,,,,,14.1,",,W",21.9,",,W",,,,,1,",,W",,,,,,,,,,,,,1,",,W",,,,,,,,,,,,,,,,,,,,,,,,,,
USW00014836,"LANSING CAPITAL CITY AIRPORT, MI US",42.77609,-84.59972,261.2,6/5/2023,,,,,46,",,W",30.02,",,W",29.1,",,W",56,",,W",2.91,",,W",,,,,,,,,,,,,0,",,W,2400",,,46,",,W",27,",,W",77,",,W",0,",,W,2400",0,",,W,2400",68,"H,,S",,,84,",,W",52,",,W",,,,,260,",,W",250,",,W",,,,,,,,,12.1,",,W",18.1,",,W",,,,,,,,,,,,,,,,,,,,,,,,,,,,,,,,,,,,,,,,,,,,,,
USW00014836,"LANSING CAPITAL CITY AIRPORT, MI US",42.77609,-84.59972,261.2,6/6/2023,,,,,48,",,W",29.93,",,W",29.01,",,W",56,",,W",5.59,",,W",,,,,,,,,,,,,0,",,W,2400",,,58,",,W",35,",,W",84,",,W",0,",,W,2400",0,",,W,2400",68,"H,,S",,,75,",,W",52,",,W",,,,,40,",,W",50,",,W",,,,,,,,,15,",,W",19,",,W",,,,,1,",,W",,,,,,,,,,,,,1,",,W",,,,,,,,,,,,,,,,,,,,,,,,,,
USW00014836,"LANSING CAPITAL CITY AIRPORT, MI US",42.77609,-84.59972,261.2,6/7/2023,,,,,39,",,W",29.87,",,W",28.94,",,W",50,",,W",5.59,",,W",,,,,,,,,,,,,0,",,W,2400",,,49,",,W",22,",,W",83,",,W",0,",,W,2400",0,",,W,2400",60,"H,,S",,,76,",,W",44,",,W",,,,,50,",,W",50,",,W",,,,,,,,,17,",,W",23,",,W",,,,,1,",,W",,,,,,,,,,,,,1,",,W",,,,,,,,,,,,,,,,,,,,,,,,,,
USW00014836,"LANSING CAPITAL CITY AIRPORT, MI US",42.77609,-84.59972,261.2,6/8/2023,,,,,39,",,W",29.87,",,W",28.94,",,W",51,",,W",6.93,",,W",,,,,,,,,,,,,0,",,W,2400",,,43,",,W",23,",,W",71,",,W",0,",,W,2400",0,",,W,2400",62,"H,,S",,,78,",,W",45,",,W",,,,,20,",,W",360,",,W",,,,,,,,,16.1,",,W",23,",,W",,,,,,,,,,,,,,,,,,,1,",,W",,,,,,,,,,,,,,,,,,,,,,,,,,
USW00014836,"LANSING CAPITAL CITY AIRPORT, MI US",42.77609,-84.59972,261.2,6/9/2023,,,,,44,",,W",29.88,",,W",28.97,",,W",54,",,W",5.37,",,W",,,,,,,,,,,,,0,",,W,2400",,,51,",,W",30,",,W",86,",,W",0,",,W,2400",0,",,W,2400",64,"H,,S",,,79,",,W",47,",,W",,,,,260,",,W",280,",,W",,,,,,,,,17,",,W",23,",,W",,,,,1,",,W",,,,,,,,,,,,,1,",,W",,,,,,,,,,,,,,,,,,,,,,,,,,
USW00014836,"LANSING CAPITAL CITY AIRPORT, MI US",42.77609,-84.59972,261.2,6/10/2023,,,,,44,",,W",29.8,",,W",28.88,",,W",56,",,W",7.16,",,W",,,,,,,,,,,,,0,",,W,2400",,,43,",,W",24,",,W",71,",,W",0,",,W,2400",0,",,W,2400",68,"H,,S",,,85,",,W",51,",,W",,,,,270,",,W",250,",,W",,,,,,,,,21,",,W",32,",,W",,,,,,,,,,,,,,,,,,,,,,,,,,,,,,,,,,,,,,,,,,,,,,
USW00014836,"LANSING CAPITAL CITY AIRPORT, MI US",42.77609,-84.59972,261.2,6/11/2023,,,,,54,",,W",29.79,",,W",28.86,",,W",57,",,W",10.07,",,W",,,,,,,,,,,,,0.14,",,W,2400",,,79,",,W",59,",,W",90,",,W",0,",,W,2400",0,",,W,2400",64,"H,,S",,,66,",,W",53,",,W",,,,,30,",,W",30,",,W",,,,,,,,,16.1,",,W",21.9,",,W",,,,,1,",,W",,,,,,,,,,,,,1,",,W",,,,,,,,,,,,,,,,,,,,,,,,,,
USW00014836,"LANSING CAPITAL CITY AIRPORT, MI US",42.77609,-84.59972,261.2,6/12/2023,,,,,45,",,W",29.76,",,W",28.84,",,W",50,",,W",9.62,",,W",,,,,,,,,,,,,0,",,W,2400",,,66,",,W",50,",,W",89,",,W",0,",,W,2400",0,",,W,2400",56,"H,,S",,,63,",,W",50,",,W",,,,,280,",,W",280,",,W",,,,,,,,,18.1,",,W",23,",,W",,,,,1,",,W",,,,,,,,,,,,,,,,,,,,,,,,,,,,,,,,,,,,,,,,
USW00014836,"LANSING CAPITAL CITY AIRPORT, MI US",42.77609,-84.59972,261.2,6/13/2023,,,,,47,",,W",29.59,",,W",28.66,",,W",53,",,W",6.93,",,W",,,,,,,,,,,,,0.01,",,W,2400",,,64,",,W",40,",,W",89,",,W",0,",,W,2400",0,",,W,2400",59,"H,,S",,,72,",,W",50,",,W",,,,,270,",,W",260,",,W",,,,,,,,,23.9,",,W",31.1,",,W",,,,,,,,,,,,,,,,,,,,,,,,,,,,,,,,,,,,,,,,,,,,,,
USW00014836,"LANSING CAPITAL CITY AIRPORT, MI US",42.77609,-84.59972,261.2,6/14/2023,,,,,49,",,W",29.65,",,W",28.71,",,W",55,",,W",6.04,",,W",,,,,,,,,,,,,0,",,W,2400",,,63,",,W",33,",,W",93,",,W",0,",,W,2400",0,",,W,2400",61,"H,,S",,,77,",,W",49,",,W",,,,,280,",,W",310,",,W",,,,,,,,,13,",,W",19,",,W",,,,,1,",,W",,,,,,,,,,,,,,,,,,,,,,,,,,,,,,,,,,,,,,,,
USW00014836,"LANSING CAPITAL CITY AIRPORT, MI US",42.77609,-84.59972,261.2,6/15/2023,,,,,55,",,W",29.69,",,W",28.76,",,W",58,",,W",7.16,",,W",,,,,,,,,,,,,0,"T,,W,2400",,,75,",,W",54,",,W",90,",,W",0,",,W,2400",0,",,W,2400",64,"H,,S",,,78,",,W",53,",,W",,,,,310,",,W",320,",,W",,,,,,,,,17,",,W",21,",,W",,,,,1,",,W",,,1,",,W",,,,,,,,,,,,,,,,,,,,,,,,,,,,,,,,,,,,
USW00014836,"LANSING CAPITAL CITY AIRPORT, MI US",42.77609,-84.59972,261.2,6/16/2023,,,,,53,",,W",29.89,",,W",28.94,",,W",58,",,W",7.61,",,W",,,,,,,,,,,,,0,",,W,2400",,,68,",,W",50,",,W",87,",,W",0,",,W,2400",0,",,W,2400",64,"H,,S",,,73,",,W",57,",,W",,,,,30,",,W",10,",,W",,,,,,,,,15,",,W",23,",,W",,,,,1,",,W",,,,,,,,,,,,,1,",,W",,,,,,,,,,,,,,,,,,,,,,,,,,
USW00014836,"LANSING CAPITAL CITY AIRPORT, MI US",42.77609,-84.59972,261.2,6/17/2023,,,,,42,",,W",29.94,",,W",29.02,",,W",55,",,W",,,,,,,,,,,,,,,0,",,W,2400",,,48,",,W",14,",,W",90,",,W",0,",,W,2400",0,",,W,2400",67,"H,,S",,,84,",,W",52,",,W",,,,,,,,,,,,,,,,,,,,,,,,,1,",,W",,,,,,,,,,,,,1,",,W",,,,,,,,,,,,,,,,,,,,,,,,,,
USW00014836,"LANSING CAPITAL CITY AIRPORT, MI US",42.77609,-84.59972,261.2,6/18/2023,,,,,47,",,W",29.9,",,W",28.95,",,W",58,",,W",,,,,,,,,,,,,,,0,",,W,2400",,,47,",,W",23,",,W",90,",,W",0,",,W,2400",0,",,W,2400",70,"H,,S",,,86,",,W",53,",,W",,,,,160,",,W",,,,,,,,,,,8.9,",,W",,,,,,,1,",,W",,,,,,,,,,,,,1,",,W",,,,,,,,,,,,,,,,,,,,,,,,,,
USW00014836,"LANSING CAPITAL CITY AIRPORT, MI US",42.77609,-84.59972,261.2,6/19/2023,,,,,47,",,W",29.95,",,W",29.03,",,W",58,",,W",,,,,,,,,,,,,,,0,",,W,2400",,,41,",,W",26,",,W",57,",,W",0,",,W,2400",0,",,W,2400",73,"H,,S",,,85,",,W",59,",,W",,,,,80,",,W",60,",,W",,,,,,,,,15,",,W",21.9,",,W",,,,,,,,,,,,,,,,,,,,,,,,,,,,,,,,,,,,,,,,,,,,,,
USW00014836,"LANSING CAPITAL CITY AIRPORT, MI US",42.77609,-84.59972,261.2,6/20/2023,,,,,56,",,W",30.07,",,W",29.16,",,W",63,",,W",,,,,,,,,,,,,,,0,",,W,2400",,,53,",,W",40,",,W",70,",,W",0,",,W,2400",0,",,W,2400",73,"H,,S",,,89,",,W",59,",,W",,,,,100,",,W",80,",,W",,,,,,,,,15,",,W",18.1,",,W",,,,,,,,,,,,,,,,,,,,,,,,,,,,,,,,,,,,,,,,,,,,,,
USW00014836,"LANSING CAPITAL CITY AIRPORT, MI US",42.77609,-84.59972,261.2,6/21/2023,,,,,57,",,W",30.13,",,W",29.21,",,W",64,",,W",7.38,",,W",,,,,,,,,,,,,0,",,W,2400",,,52,",,W",35,",,W",78,",,W",0,",,W,2400",0,",,W,2400",77,"H,,S",,,90,",,W",63,",,W",,,,,80,",,W",80,",,W",,,,,,,,,13,",,W",19.9,",,W",,,,,,,,,,,,,,,,,,,,,,,,,,,,,,,,,,,,,,,,,,,,,,
USW00014836,"LANSING CAPITAL CITY AIRPORT, MI US",42.77609,-84.59972,261.2,6/22/2023,,,,,55,",,W",30.04,",,W",29.13,",,W",62,",,W",6.93,",,W",,,,,,,,,,,,,0,",,W,2400",,,55,",,W",37,",,W",78,",,W",0,",,W,2400",0,",,W,2400",73,"H,,S",,,83,",,W",62,",,W",,,,,100,",,W",70,",,W",,,,,,,,,14.1,",,W",21,",,W",,,,,,,,,,,,,,,,,,,1,",,W",,,,,,,,,,,,,,,,,,,,,,,,,,
USW00014836,"LANSING CAPITAL CITY AIRPORT, MI US",42.77609,-84.59972,261.2,6/23/2023,,,,,59,",,W",29.95,",,W",29.02,",,W",64,",,W",,,,,,,,,,,,,,,0,"T,,W,2400",,,66,",,W",54,",,W",81,",,W",0,",,W,2400",0,",,W,2400",73,"H,,S",,,79,",,W",67,",,W",,,,,110,",,W",,,,,,,,,,,11,",,W",,,,,,,,,,,,,,,,,,,,,,,,,,,,,,,,,,,,,,,,,,,,,,,,
USW00014836,"LANSING CAPITAL CITY AIRPORT, MI US",42.77609,-84.59972,261.2,6/24/2023,,,,,61,",,W",29.89,",,W",28.97,",,W",67,",,W",,,,,,,,,,,,,,,0,"T,,W,2400",,,60,",,W",35,",,W",87,",,W",0,",,W,2400",0,",,W,2400",75,"H,,S",,,91,",,W",67,",,W",,,,,140,",,W",,,,,,,,,,,6.9,",,W",,,,,,,,,,,,,,,,,,,,,,,,,,,,,,,,,,,,,,,,,,,,,,,,
USW00014836,"LANSING CAPITAL CITY AIRPORT, MI US",42.77609,-84.59972,261.2,6/25/2023,,,,,62,",,W",29.67,",,W",28.8,",,W",66,",,W",,,,,,,,,,,,,,,0.15,",,W,2400",,,68,",,W",43,",,W",82,",,W",0,",,W,2400",0,",,W,2400",75,"H,,S",,,86,",,W",65,",,W",,,,,200,",,W",190,",,W",,,,,,,,,14.1,",,W",23,",,W",,,,,,,,,1,",,W",,,,,,,,,,,,,,,,,,,,,,,,,,,,,,,,,,,,
USW00014836,"LANSING CAPITAL CITY AIRPORT, MI US",42.77609,-84.59972,261.2,6/26/2023,,,,,63,",,W",29.54,",,W",28.61,",,W",64,",,W",9.17,",,W",,,,,,,,,,,,,0.5,",,W,2400",,,85,",,W",76,",,W",90,",,W",0,",,W,2400",0,",,W,2400",68,"H,,S",,,72,",,W",63,",,W",,,,,310,",,W",310,",,W",,,,,,,,,15,",,W",16.1,",,W",,,,,1,",,W",,,,,,,,,,,,,1,",,W",,,,,,,,,,,,,,,,,,,,,,,,,,
USW00014836,"LANSING CAPITAL CITY AIRPORT, MI US",42.77609,-84.59972,261.2,6/27/2023,,,,,58,",,W",29.85,",,W",28.87,",,W",61,",,W",8.72,",,W",,,,,,,,,,,,,0,",,W,2400",,,78,",,W",57,",,W",90,",,W",0,",,W,2400",0,",,W,2400",65,"H,,S",,,75,",,W",60,",,W",,,,,350,",,W",,,,,,,,,,,11,",,W",,,,,,,1,",,W",,,,,,,,,,,,,1,",,W",,,,,,,,,,,,,,,,,,,,,,,,,,
USW00014836,"LANSING CAPITAL CITY AIRPORT, MI US",42.77609,-84.59972,261.2,6/28/2023,,,,,54,",,W",29.99,",,W",29.06,",,W",60,",,W",,,,,,,,,,,,,,,0,",,W,2400",,,61,",,W",39,",,W",93,",,W",0,",,W,2400",0,",,W,2400",68,"H,,S",,,81,",,W",53,",,W",,,,,350,",,W",,,,,,,,,,,8.9,",,W",,,,,,,1,",,W",,,,,,,,,,,,,1,",,W",,,,,,,,,,,,,,,,,,,,,,,,,,
USW00014836,"LANSING CAPITAL CITY AIRPORT, MI US",42.77609,-84.59972,261.2,6/29/2023,,,,,60,",,W",29.92,",,W",29,",,W",66,",,W",,,,,,,,,,,,,,,0.09,",,W,2400",,,61,",,W",40,",,W",81,",,W",0,",,W,2400",0,",,W,2400",74,"H,,S",,,88,",,W",63,",,W",,,,,190,",,W",190,",,W",,,,,,,,,18.1,",,W",23,",,W",,,,,,,,,1,",,W",,,,,,,,,1,",,W",,,,,,,,,,,,,,,,,,,,,,,,,,
USW00014836,"LANSING CAPITAL CITY AIRPORT, MI US",42.77609,-84.59972,261.2,6/30/2023,,,,,64,",,W",29.9,",,W",28.97,",,W",69,",,W",,,,,,,,,,,,,,,0,",,W,2400",,,64,",,W",41,",,W",93,",,W",0,",,W,2400",0,",,W,2400",78,"H,,S",,,92,",,W",65,",,W",,,,,260,",,W",260,",,W",,,,,,,,,14.1,",,W",19.9,",,W",,,,,1,",,W",,,,,,,,,,,,,1,",,W",,,,,,,,,,,,,,,,,,,,,,,,,,
USW00014836,"LANSING CAPITAL CITY AIRPORT, MI US",42.77609,-84.59972,261.2,7/1/2023,,,,,66,",,W",29.85,",,W",28.95,",,W",69,",,W",,,,,,,,,,,,,,,0.66,",,W,2400",,,75,",,W",55,",,W",91,",,W",0,",,W,2400",0,",,W,2400",77,"H,,S",,,86,",,W",66,",,W",,,,,,,,,,,,,,,,,,,,,,,,,1,",,W",,,1,",,W",,,,,,,,,1,",,W",,,,,,,,,,,,,,,,,,,,,,,,,,
USW00014836,"LANSING CAPITAL CITY AIRPORT, MI US",42.77609,-84.59972,261.2,7/2/2023,,,,,68,",,W",29.77,",,W",28.85,",,W",69,",,W",,,,,,,,,,,,,,,0.19,",,W,2400",,,86,",,W",71,",,W",93,",,W",0,",,W,2400",0,",,W,2400",72,"H,,S",,,78,",,W",69,",,W",,,,,,,,,,,,,,,,,,,,,,,,,1,",,W",,,1,",,W",,,,,,,,,1,",,W",,,,,,,,,,,,,,,,,,,,,,,,,,
USW00014836,"LANSING CAPITAL CITY AIRPORT, MI US",42.77609,-84.59972,261.2,7/3/2023,,,,,65,",,W",29.87,",,W",28.93,",,W",69,",,W",,,,,,,,,,,,,,,0,",,W,2400",,,72,",,W",48,",,W",93,",,W",0,",,W,2400",0,",,W,2400",75,"H,,S",,,89,",,W",68,",,W",,,,,,,,,,,,,,,,,,,,,,,,,1,",,W",1,",,W",,,,,,,,,,,1,",,W",,,,,,,,,,,,,,,,,,,,,,,,,,
USW00014836,"LANSING CAPITAL CITY AIRPORT, MI US",42.77609,-84.59972,261.2,7/4/2023,,,,,64,",,W",29.98,",,W",29.05,",,W",68,",,W",,,,,,,,,,,,,,,0.01,",,W,2400",,,67,",,W",35,",,W",91,",,W",0,",,W,2400",0,",,W,2400",77,"H,,S",,,91,",,W",65,",,W",,,,,,,,,,,,,,,,,,,,,,,,,1,",,W",,,,,,,,,,,,,1,",,W",,,,,,,,,,,,,,,,,,,,,,,,,,
USW00014836,"LANSING CAPITAL CITY AIRPORT, MI US",42.77609,-84.59972,261.2,7/5/2023,,,,,66,",,W",29.94,",,W",29.03,",,W",71,",,W",,,,,,,,,,,,,,,0.08,",,W,2400",,,62,",,W",41,",,W",87,",,W",0,",,W,2400",0,",,W,2400",80,"H,,S",,,92,",,W",69,",,W",,,,,,,,,,,,,,,,,,,,,,,,,1,",,W",,,1,",,W",,,,,,,,,1,",,W",,,,,,,,,,,,,,,,,,,,,,,,,,
USW00014836,"LANSING CAPITAL CITY AIRPORT, MI US",42.77609,-84.59972,261.2,7/6/2023,,,,,65,",,W",29.9,",,W",28.98,",,W",68,",,W",,,,,,,,,,,,,,,0.39,",,W,2400",,,77,",,W",48,",,W",93,",,W",0,",,W,2400",0,",,W,2400",75,"H,,S",,,85,",,W",67,",,W",,,,,10,",,W",,,,,,,,,,,11,",,W",,,,,,,1,",,W",,,1,",,W",,,,,,,,,,,,,,,,,,,,,,,,,,,,,,,,,,,,
USW00014836,"LANSING CAPITAL CITY AIRPORT, MI US",42.77609,-84.59972,261.2,7/7/2023,,,,,54,",,W",29.96,",,W",29.04,",,W",61,",,W",4.25,",,W",,,,,,,,,,,,,0,",,W,2400",,,57,",,W",37,",,W",87,",,W",0,",,W,2400",0,",,W,2400",71,"H,,S",,,82,",,W",58,",,W",,,,,50,",,W",50,",,W",,,,,,,,,8.1,",,W",8.1,",,W",,,,,1,",,W",,,,,,,,,,,,,1,",,W",,,,,,,,,,,,,,,,,,,,,,,,,,
USW00014836,"LANSING CAPITAL CITY AIRPORT, MI US",42.77609,-84.59972,261.2,7/8/2023,,,,,60,",,W",29.85,",,W",28.93,",,W",64,",,W",7.83,",,W",,,,,,,,,,,,,0.15,",,W,2400",,,76,",,W",55,",,W",90,",,W",0,",,W,2400",0,",,W,2400",71,"H,,S",,,75,",,W",62,",,W",,,,,320,",,W",320,",,W",,,,,,,,,14.1,",,W",14.1,",,W",,,,,1,",,W",,,,,,,,,,,,,1,",,W",,,,,,,,,,,,,,,,,,,,,,,,,,
USW00014836,"LANSING CAPITAL CITY AIRPORT, MI US",42.77609,-84.59972,261.2,7/9/2023,,,,,56,",,W",29.88,",,W",28.95,",,W",62,",,W",4.92,",,W",,,,,,,,,,,,,0,",,W,2400",,,64,",,W",38,",,W",93,",,W",0,",,W,2400",0,",,W,2400",68,"H,,S",,,82,",,W",57,",,W",,,,,320,",,W",320,",,W",,,,,,,,,8.1,",,W",8.1,",,W",,,,,1,",,W",,,,,,,,,,,,,,,,,,,,,,,,,,,,,,,,,,,,,,,,
USW00014836,"LANSING CAPITAL CITY AIRPORT, MI US",42.77609,-84.59972,261.2,7/10/2023,,,,,57,",,W",29.89,",,W",28.97,",,W",63,",,W",6.71,",,W",,,,,,,,,,,,,0,",,W,2400",,,55,",,W",36,",,W",87,",,W",0,",,W,2400",0,",,W,2400",73,"H,,S",,,87,",,W",57,",,W",,,,,250,",,W",230,",,W",,,,,,,,,13,",,W",19.9,",,W",,,,,,,,,,,,,,,,,,,,,,,,,,,,,,,,,,,,,,,,,,,,,,
USW00014836,"LANSING CAPITAL CITY AIRPORT, MI US",42.77609,-84.59972,261.2,7/11/2023,,,,,59,",,W",29.87,",,W",28.95,",,W",65,",,W",11.63,",,W",,,,,,,,,,,,,0,",,W,2400",,,57,",,W",46,",,W",76,",,W",0,",,W,2400",0,",,W,2400",77,"H,,S",,,87,",,W",63,",,W",,,,,300,",,W",300,",,W",,,,,,,,,19.9,",,W",28,",,W",,,,,,,,,,,,,,,,,,,,,,,,,,,,,,,,,,,,,,,,,,,,,,
USW00014836,"LANSING CAPITAL CITY AIRPORT, MI US",42.77609,-84.59972,261.2,7/12/2023,,,,,58,",,W",29.88,",,W",28.99,",,W",61,",,W",,,,,,,,,,,,,,,2.95,",,W,2400",,,75,",,W",54,",,W",93,",,W",0,",,W,2400",0,",,W,2400",68,"H,,S",,,76,",,W",57,",,W",,,,,80,",,W",,,,,,,,,,,16.1,",,W",,,,,,,1,",,W",,,1,",,W",,,,,,,,,,,,,,,,,,,,,,,,,,,,,,,,,,,,
USW00014836,"LANSING CAPITAL CITY AIRPORT, MI US",42.77609,-84.59972,261.2,7/13/2023,,,,,57,",,W",29.81,",,W",28.88,",,W",61,",,W",,,,,,,,,,,,,,,0.06,",,W,2400",,,72,",,W",44,",,W",90,",,W",0,",,W,2400",0,",,W,2400",67,"H,,S",,,78,",,W",60,",,W",,,,,10,",,W",10,",,W",,,,,,,,,19.9,",,W",23.9,",,W",,,,,1,",,W",,,,,,,,,,,,,,,,,,,,,,,,,,,,,,,,,,,,,,,,
USW00014836,"LANSING CAPITAL CITY AIRPORT, MI US",42.77609,-84.59972,261.2,7/14/2023,,,,,63,",,W",29.83,",,W",28.92,",,W",67,",,W",,,,,,,,,,,,,,,0,"T,,W,2400",,,71,",,W",45,",,W",90,",,W",0,",,W,2400",0,",,W,2400",72,"H,,S",,,86,",,W",59,",,W",,,,,280,",,W",250,",,W",,,,,,,,,17,",,W",18.1,",,W",,,,,1,",,W",,,1,",,W",,,,,,,,,,,,,,,,,,,,,,,,,,,,,,,,,,,,
USW00014836,"LANSING CAPITAL CITY AIRPORT, MI US",42.77609,-84.59972,261.2,7/15/2023,,,,,65,",,W",29.82,",,W",28.9,",,W",68,",,W",,,,,,,,,,,,,,,0.44,",,W,2400",,,78,",,W",60,",,W",93,",,W",0,",,W,2400",0,",,W,2400",74,"H,,S",,,81,",,W",67,",,W",,,,,220,",,W",210,",,W",,,,,,,,,14.1,",,W",17,",,W",,,,,1,",,W",,,1,",,W",,,,,,,,,,,,,,,,,,,,,,,,,,,,,,,,,,,,
USW00014836,"LANSING CAPITAL CITY AIRPORT, MI US",42.77609,-84.59972,261.2,7/16/2023,,,,,58,",,W",29.81,",,W",28.89,",,W",64,",,W",,,,,,,,,,,,,,,0,",,W,2400",,,65,",,W",39,",,W",91,",,W",0,",,W,2400",0,",,W,2400",73,"H,,S",,,80,",,W",64,",,W",,,,,290,",,W",280,",,W",,,,,,,,,23,",,W",25.9,",,W",,,,,1,",,W",,,,,,,,,,,,,1,",,W",,,,,,,,,,,,,,,,,,,,,,,,,,
USW00014836,"LANSING CAPITAL CITY AIRPORT, MI US",42.77609,-84.59972,261.2,7/17/2023,,,,,54,",,W",29.88,",,W",28.94,",,W",61,",,W",9.62,",,W",,,,,,,,,,,,,0,",,W,2400",,,58,",,W",37,",,W",81,",,W",0,",,W,2400",0,",,W,2400",70,"H,,S",,,79,",,W",61,",,W",,,,,290,",,W",290,",,W",,,,,,,,,17,",,W",23.9,",,W",,,,,,,,,,,,,,,,,,,1,",,W",,,,,,,,,,,,,,,,,,,,,,,,,,
USW00014836,"LANSING CAPITAL CITY AIRPORT, MI US",42.77609,-84.59972,261.2,7/18/2023,,,,,55,",,W",29.98,",,W",29.04,",,W",60,",,W",3.8,",,W",,,,,,,,,,,,,0,",,W,2400",,,65,",,W",45,",,W",87,",,W",0,",,W,2400",0,",,W,2400",68,"H,,S",,,79,",,W",56,",,W",,,,,310,",,W",310,",,W",,,,,,,,,10.1,",,W",10.1,",,W",,,,,,,,,,,,,,,,,,,,,,,,,,,,,,,,,,,,,,,,,,,,,,
USW00014836,"LANSING CAPITAL CITY AIRPORT, MI US",42.77609,-84.59972,261.2,7/19/2023,,,,,58,",,W",30.04,",,W",29.11,",,W",63,",,W",2.01,",,W",,,,,,,,,,,,,0,",,W,2400",,,62,",,W",38,",,W",90,",,W",0,",,W,2400",0,",,W,2400",71,"H,,S",,,84,",,W",58,",,W",,,,,260,",,W",260,",,W",,,,,,,,,6,",,W",6,",,W",,,,,,,,,,,,,,,,,,,,,,,,,,,,,,,,,,,,,,,,,,,,,,
USW00014836,"LANSING CAPITAL CITY AIRPORT, MI US",42.77609,-84.59972,261.2,7/20/2023,,,,,61,",,W",29.87,",,W",28.95,",,W",65,",,W",10.51,",,W",,,,,,,,,,,,,0.14,",,W,2400",,,66,",,W",49,",,W",81,",,W",0,",,W,2400",0,",,W,2400",74,"H,,S",,,85,",,W",65,",,W",,,,,240,",,W",240,",,W",,,,,,,,,21,",,W",28,",,W",,,,,,,,,1,",,W",,,,,,,,,,,,,,,,,,,,,,,,,,,,,,,,,,,,
USW00014836,"LANSING CAPITAL CITY AIRPORT, MI US",42.77609,-84.59972,261.2,7/21/2023,,,,,58,",,W",29.93,",,W",29,",,W",63,",,W",7.83,",,W",,,,,,,,,,,,,0,",,W,2400",,,66,",,W",44,",,W",87,",,W",0,",,W,2400",0,",,W,2400",71,"H,,S",,,81,",,W",62,",,W",,,,,350,",,W",350,",,W",,,,,,,,,13,",,W",13,",,W",,,,,,,,,,,,,,,,,,,,,,,,,,,,,,,,,,,,,,,,,,,,,,
USW00014836,"LANSING CAPITAL CITY AIRPORT, MI US",42.77609,-84.59972,261.2,7/22/2023,,,,,58,",,W",29.91,",,W",28.99,",,W",63,",,W",5.59,",,W",,,,,,,,,,,,,0,",,W,2400",,,63,",,W",41,",,W",90,",,W",0,",,W,2400",0,",,W,2400",71,"H,,S",,,83,",,W",58,",,W",,,,,290,",,W",290,",,W",,,,,,,,,14.1,",,W",14.1,",,W",,,,,1,",,W",,,1,",,W",,,,,,,,,,,,,,,,,,,,,,,,,,,,,,,,,,,,
USW00014836,"LANSING CAPITAL CITY AIRPORT, MI US",42.77609,-84.59972,261.2,7/23/2023,,,,,60,",,W",29.93,",,W",29,",,W",63,",,W",5.37,",,W",,,,,,,,,,,,,0.16,",,W,2400",,,77,",,W",62,",,W",90,",,W",0,",,W,2400",0,",,W,2400",69,"H,,S",,,76,",,W",60,",,W",,,,,290,",,W",290,",,W",,,,,,,,,14.1,",,W",14.1,",,W",,,,,1,",,W",,,,,,,,,,,,,,,,,,,,,,,,,,,,,,,,,,,,,,,,
USW00014836,"LANSING CAPITAL CITY AIRPORT, MI US",42.77609,-84.59972,261.2,7/24/2023,,,,,61,",,W",30.01,",,W",29.08,",,W",65,",,W",4.7,",,W",,,,,,,,,,,,,0.04,",,W,2400",,,69,",,W",46,",,W",93,",,W",0,",,W,2400",0,",,W,2400",71,"H,,S",,,84,",,W",58,",,W",,,,,300,",,W",300,",,W",,,,,,,,,17,",,W",17,",,W",,,,,1,",,W",1,",,W",1,",,W",,,,,,,,,1,",,W",,,,,,,,,,,,,,,,,,,,,,,,,,
USW00014836,"LANSING CAPITAL CITY AIRPORT, MI US",42.77609,-84.59972,261.2,7/25/2023,,,,,63,",,W",30.06,",,W",29.13,",,W",67,",,W",4.92,",,W",,,,,,,,,,,,,0,",,W,2400",,,68,",,W",46,",,W",93,",,W",0,",,W,2400",0,",,W,2400",74,"H,,S",,,87,",,W",60,",,W",,,,,290,",,W",290,",,W",,,,,,,,,10.1,",,W",10.1,",,W",,,,,1,",,W",,,,,,,,,,,,,1,",,W",,,,,,,,,,,,,,,,,,,,,,,,,,
USW00014836,"LANSING CAPITAL CITY AIRPORT, MI US",42.77609,-84.59972,261.2,7/26/2023,,,,,66,",,W",29.84,",,W",28.98,",,W",68,",,W",6.93,",,W",,,,,,,,,,,,,0.43,",,W,2400",,,82,",,W",63,",,W",94,",,W",0,",,W,2400",0,",,W,2400",74,"H,,S",,,87,",,W",68,",,W",,,,,220,",,W",190,",,W",,,,,,,,,12.1,",,W",16.1,",,W",,,,,1,",,W",,,1,",,W",,,,,,,,,1,",,W",,,,,,,,,,,,,,,,,,,,,,,,,,
USW00014836,"LANSING CAPITAL CITY AIRPORT, MI US",42.77609,-84.59972,261.2,7/27/2023,,,,,66,",,W",29.94,",,W",29,",,W",69,",,W",,,,,,,,,,,,,,,0,",,W,2400",,,72,",,W",48,",,W",94,",,W",0,",,W,2400",0,",,W,2400",75,"H,,S",,,88,",,W",68,",,W",,,,,300,",,W",,,,,,,,,,,8.9,",,W",,,,,,,1,",,W",,,,,,,,,,,,,1,",,W",,,,,,,,,,,,,,,,,,,,,,,,,,
USW00014836,"LANSING CAPITAL CITY AIRPORT, MI US",42.77609,-84.59972,261.2,7/28/2023,,,,,69,",,W",29.94,",,W",29.04,",,W",72,",,W",,,,,,,,,,,,,,,0,",,W,2400",,,72,",,W",52,",,W",87,",,W",0,",,W,2400",0,",,W,2400",79,"H,,S",,,89,",,W",71,",,W",,,,,270,",,W",,,,,,,,,,,10.1,",,W",,,,,,,,,,,,,,,,,,,,,,,,,,,,,,,,,,,,,,,,,,,,,,,,
USW00014836,"LANSING CAPITAL CITY AIRPORT, MI US",42.77609,-84.59972,261.2,7/29/2023,,,,,64,",,W",29.96,",,W",29.03,",,W",68,",,W",8.5,",,W",,,,,,,,,,,,,0.54,",,W,2400",,,72,",,W",47,",,W",93,",,W",0,",,W,2400",0,",,W,2400",76,"H,,S",,,83,",,W",68,",,W",,,,,10,",,W",210,",,W",,,,,,,,,16.1,",,W",21,",,W",,,,,1,",,W",,,1,",,W",,,,,,,,,,,,,,,,,,,,,,,,,,,,,,,,,,,,
USW00014836,"LANSING CAPITAL CITY AIRPORT, MI US",42.77609,-84.59972,261.2,7/30/2023,,,,,56,",,W",30.05,",,W",29.14,",,W",62,",,W",,,,,,,,,,,,,,,0,",,W,2400",,,62,",,W",39,",,W",84,",,W",0,",,W,2400",0,",,W,2400",71,"H,,S",,,79,",,W",60,",,W",,,,,340,",,W",,,,,,,,,,,10.1,",,W",,,,,,,,,,,,,,,,,,,,,,,,,,,,,,,,,,,,,,,,,,,,,,,,
USW00014836,"LANSING CAPITAL CITY AIRPORT, MI US",42.77609,-84.59972,261.2,7/31/2023,,,,,56,",,W",30.13,",,W",29.18,",,W",61,",,W",4.03,",,W",,,,,,,,,,,,,0,",,W,2400",,,64,",,W",45,",,W",87,",,W",0,",,W,2400",0,",,W,2400",68,"H,,S",,,79,",,W",55,",,W",,,,,20,",,W",,,,,,,,,,,6.9,",,W",,,,,,,,,,,,,,,,,,,,,,,,,,,,,,,,,,,,,,,,,,,,,,,,
USW00014836,"LANSING CAPITAL CITY AIRPORT, MI US",42.77609,-84.59972,261.2,8/1/2023,,,,,58,",,W",30.19,",,W",29.26,",,W",62,",,W",,,,,,,,,,,,,,,0,",,W,2400",,,70,",,W",47,",,W",87,",,W",0,",,W,2400",0,",,W,2400",69,"H,,S",,,80,",,W",57,",,W",,,,,,,,,,,,,,,,,,,,,,,,,,,,,,,,,,,,,,,1,",,W",,,,,,,,,,,,,,,,,,,,,,,,,,
USW00014836,"LANSING CAPITAL CITY AIRPORT, MI US",42.77609,-84.59972,261.2,8/2/2023,,,,,60,",,W",30.1,",,W",29.18,",,W",65,",,W",7.38,",,W",,,,,,,,,,,,,0,",,W,2400",,,63,",,W",46,",,W",84,",,W",0,",,W,2400",0,",,W,2400",72,"H,,S",,,83,",,W",63,",,W",,,,,100,",,W",80,",,W",,,,,,,,,15,",,W",21,",,W",,,,,,,,,,,,,,,,,,,,,,,,,,,,,,,,,,,,,,,,,,,,,,
USW00014836,"LANSING CAPITAL CITY AIRPORT, MI US",42.77609,-84.59972,261.2,8/3/2023,,,,,63,",,W",29.95,",,W",29.04,",,W",67,",,W",6.93,",,W",,,,,,,,,,,,,0,",,W,2400",,,64,",,W",49,",,W",81,",,W",0,",,W,2400",0,",,W,2400",75,"H,,S",,,87,",,W",64,",,W",,,,,20,",,W",60,",,W",,,,,,,,,15,",,W",19.9,",,W",,,,,,,,,,,,,,,,,,,,,,,,,,,,,,,,,,,,,,,,,,,,,,
USW00014836,"LANSING CAPITAL CITY AIRPORT, MI US",42.77609,-84.59972,261.2,8/4/2023,,,,,61,",,W",29.98,",,W",29.04,",,W",66,",,W",6.04,",,W",,,,,,,,,,,,,0,",,W,2400",,,65,",,W",44,",,W",90,",,W",0,",,W,2400",0,",,W,2400",75,"H,,S",,,84,",,W",65,",,W",,,,,230,",,W",230,",,W",,,,,,,,,13,",,W",17,",,W",,,,,1,",,W",,,,,,,,,,,,,1,",,W",,,,,,,,,,,,,,,,,,,,,,,,,,
USW00014836,"LANSING CAPITAL CITY AIRPORT, MI US",42.77609,-84.59972,261.2,8/5/2023,,,,,59,",,W",30.04,",,W",29.12,",,W",64,",,W",8.28,",,W",,,,,,,,,,,,,0,",,W,2400",,,69,",,W",52,",,W",87,",,W",0,",,W,2400",0,",,W,2400",71,"H,,S",,,80,",,W",63,",,W",,,,,250,",,W",210,",,W",,,,,,,,,15,",,W",19.9,",,W",,,,,1,",,W",,,,,,,,,,,,,1,",,W",,,,,,,,,,,,,,,,,,,,,,,,,,
USW00014836,"LANSING CAPITAL CITY AIRPORT, MI US",42.77609,-84.59972,261.2,8/6/2023,,,,,61,",,W",29.86,",,W",28.95,",,W",62,",,W",10.51,",,W",,,,,,,,,,,,,0.48,",,W,2400",,,89,",,W",73,",,W",93,",,W",0,",,W,2400",0,",,W,2400",65,"H,,S",,,68,",,W",63,",,W",,,,,60,",,W",250,",,W",,,,,,,,,16.1,",,W",21,",,W",,,,,1,",,W",,,,,,,,,,,,,,,,,,,,,,,,,,,,,,,,,,,,,,,,
USW00014836,"LANSING CAPITAL CITY AIRPORT, MI US",42.77609,-84.59972,261.2,8/7/2023,,,,,60,",,W",29.77,",,W",28.84,",,W",63,",,W",7.38,",,W",,,,,,,,,,,,,0,",,W,2400",,,78,",,W",54,",,W",93,",,W",0,",,W,2400",0,",,W,2400",66,"H,,S",,,79,",,W",62,",,W",,,,,310,",,W",300,",,W",,,,,,,,,15,",,W",21.9,",,W",,,,,1,",,W",,,,,,,,,,,,,,,,,,,,,,,,,,,,,,,,,,,,,,,,
USW00014836,"LANSING CAPITAL CITY AIRPORT, MI US",42.77609,-84.59972,261.2,8/8/2023,,,,,59,",,W",29.87,",,W",28.95,",,W",64,",,W",7.61,",,W",,,,,,,,,,,,,0,",,W,2400",,,65,",,W",44,",,W",84,",,W",0,",,W,2400",0,",,W,2400",71,"H,,S",,,83,",,W",60,",,W",,,,,240,",,W",240,",,W",,,,,,,,,18.1,",,W",23.9,",,W",,,,,,,,,,,,,,,,,,,,,,,,,,,,,,,,,,,,,,,,,,,,,,
USW00014836,"LANSING CAPITAL CITY AIRPORT, MI US",42.77609,-84.59972,261.2,8/9/2023,,,,,62,",,W",29.8,",,W",28.9,",,W",66,",,W",5.82,",,W",,,,,,,,,,,,,0,",,W,2400",,,70,",,W",42,",,W",90,",,W",0,",,W,2400",0,",,W,2400",73,"H,,S",,,83,",,W",63,",,W",,,,,240,",,W",250,",,W",,,,,,,,,16.1,",,W",21.9,",,W",,,,,1,",,W",,,,,,,,,,,,,1,",,W",,,,,,,,,,,,,,,,,,,,,,,,,,
USW00014836,"LANSING CAPITAL CITY AIRPORT, MI US",42.77609,-84.59972,261.2,8/10/2023,,,,,60,",,W",29.72,",,W",28.79,",,W",64,",,W",7.38,",,W",,,,,,,,,,,,,0.04,",,W,2400",,,70,",,W",39,",,W",91,",,W",0,",,W,2400",0,",,W,2400",71,"H,,S",,,82,",,W",61,",,W",,,,,280,",,W",280,",,W",,,,,,,,,21,",,W",27.1,",,W",,,,,1,",,W",,,1,",,W",,,,,,,,,1,",,W",,,,,,,,,,,,,,,,,,,,,,,,,,
USW00014836,"LANSING CAPITAL CITY AIRPORT, MI US",42.77609,-84.59972,261.2,8/11/2023,,,,,60,",,W",29.79,",,W",28.88,",,W",64,",,W",4.92,",,W",,,,,,,,,,,,,0.08,",,W,2400",,,75,",,W",53,",,W",93,",,W",0,",,W,2400",0,",,W,2400",68,"H,,S",,,83,",,W",55,",,W",,,,,220,",,W",220,",,W",,,,,,,,,18.1,",,W",23.9,",,W",,,,,1,",,W",1,",,W",1,",,W",,,,,,,,,,,,,,,,,,,,,,,,,,,,,,,,,,,,
USW00014836,"LANSING CAPITAL CITY AIRPORT, MI US",42.77609,-84.59972,261.2,8/12/2023,,,,,62,",,W",29.79,",,W",28.85,",,W",66,",,W",7.61,",,W",,,,,,,,,,,,,0.18,",,W,2400",,,73,",,W",52,",,W",93,",,W",0,",,W,2400",0,",,W,2400",73,"H,,S",,,82,",,W",63,",,W",,,,,290,",,W",290,",,W",,,,,,,,,16.1,",,W",21.9,",,W",,,,,1,",,W",1,",,W",1,",,W",,,,,,,,,,,,,,,,,,,,,,,,,,,,,,,,,,,,
USW00014836,"LANSING CAPITAL CITY AIRPORT, MI US",42.77609,-84.59972,261.2,8/13/2023,,,,,60,",,W",29.98,",,W",29.04,",,W",64,",,W",4.03,",,W",,,,,,,,,,,,,0,",,W,2400",,,72,",,W",54,",,W",93,",,W",0,",,W,2400",0,",,W,2400",69,"H,,S",,,79,",,W",59,",,W",,,,,300,",,W",290,",,W",,,,,,,,,13,",,W",18.1,",,W",,,,,1,",,W",,,,,,,,,,,,,,,,,,,,,,,,,,,,,,,,,,,,,,,,
USW00014836,"LANSING CAPITAL CITY AIRPORT, MI US",42.77609,-84.59972,261.2,8/14/2023,,,,,62,",,W",29.91,",,W",29.01,",,W",64,",,W",8.5,",,W",,,,,,,,,,,,,0.73,",,W,2400",,,80,",,W",62,",,W",91,",,W",0,",,W,2400",0,",,W,2400",69,"H,,S",,,78,",,W",63,",,W",,,,,40,",,W",70,",,W",,,,,,,,,19.9,",,W",31.1,",,W",,,,,1,",,W",,,1,",,W",,,,,,,,,,,,,,,,,,,,,,,,,,,,,,,,,,,,
USW00014836,"LANSING CAPITAL CITY AIRPORT, MI US",42.77609,-84.59972,261.2,8/15/2023,,,,,61,",,W",29.87,",,W",28.92,",,W",62,",,W",7.38,",,W",,,,,,,,,,,,,1.23,",,W,2400",,,88,",,W",78,",,W",93,",,W",0,",,W,2400",0,",,W,2400",65,"H,,S",,,68,",,W",59,",,W",,,,,40,",,W",50,",,W",,,,,,,,,21.9,",,W",31.1,",,W",,,,,1,",,W",,,,,,,,,,,,,1,",,W",,,,,,,,,,,,,,,,,,,,,,,,,,
USW00014836,"LANSING CAPITAL CITY AIRPORT, MI US",42.77609,-84.59972,261.2,8/16/2023,,,,,57,",,W",29.96,",,W",29.05,",,W",61,",,W",6.71,",,W",,,,,,,,,,,,,0,",,W,2400",,,67,",,W",45,",,W",93,",,W",0,",,W,2400",0,",,W,2400",67,"H,,S",,,81,",,W",54,",,W",,,,,230,",,W",240,",,W",,,,,,,,,14.1,",,W",18.1,",,W",,,,,1,",,W",,,,,,,,,,,,,,,,,,,,,,,,,,,,,,,,,,,,,,,,
USW00014836,"LANSING CAPITAL CITY AIRPORT, MI US",42.77609,-84.59972,261.2,8/17/2023,,,,,57,",,W",29.73,",,W",28.81,",,W",61,",,W",12.53,",,W",,,,,,,,,,,,,0.55,",,W,2400",,,74,",,W",53,",,W",90,",,W",0,",,W,2400",0,",,W,2400",68,"H,,S",,,76,",,W",58,",,W",,,,,290,",,W",290,",,W",,,,,,,,,25.9,",,W",36.9,",,W",,,,,1,",,W",,,1,",,W",,,,,,,,,,,,,,,,,,,,,,,,,,,,,,,,,,,,
USW00014836,"LANSING CAPITAL CITY AIRPORT, MI US",42.77609,-84.59972,261.2,8/18/2023,,,,,50,",,W",29.97,",,W",29.02,",,W",56,",,W",9.17,",,W",,,,,,,,,,,,,0,",,W,2400",,,63,",,W",41,",,W",87,",,W",0,",,W,2400",0,",,W,2400",64,"H,,S",,,74,",,W",55,",,W",,,,,320,",,W",310,",,W",,,,,,,,,21,",,W",30,",,W",,,,,,,,,,,,,,,,,,,,,,,,,,,,,,,,,,,,,,,,,,,,,,
USW00014836,"LANSING CAPITAL CITY AIRPORT, MI US",42.77609,-84.59972,261.2,8/19/2023,,,,,53,",,W",30.05,",,W",29.12,",,W",59,",,W",5.37,",,W",,,,,,,,,,,,,0,",,W,2400",,,65,",,W",44,",,W",90,",,W",0,",,W,2400",0,",,W,2400",64,"H,,S",,,78,",,W",50,",,W",,,,,190,",,W",190,",,W",,,,,,,,,15,",,W",21,",,W",,,,,,,,,,,,,,,,,,,,,,,,,,,,,,,,,,,,,,,,,,,,,,
USW00014836,"LANSING CAPITAL CITY AIRPORT, MI US",42.77609,-84.59972,261.2,8/20/2023,,,,,67,",,W",30.05,",,W",29.11,",,W",70,",,W",5.59,",,W",,,,,,,,,,,,,0,",,W,2400",,,71,",,W",59,",,W",85,",,W",0,",,W,2400",0,",,W,2400",75,"H,,S",,,89,",,W",65,",,W",,,,,350,",,W",330,",,W",,,,,,,,,10.1,",,W",17,",,W",,,,,,,,,,,,,,,,,,,,,,,,,,,,,,,,,,,,,,,,,,,,,,
USW00014836,"LANSING CAPITAL CITY AIRPORT, MI US",42.77609,-84.59972,261.2,8/21/2023,,,,,62,",,W",30.22,",,W",29.28,",,W",65,",,W",6.71,",,W",,,,,,,,,,,,,0,",,W,2400",,,75,",,W",64,",,W",87,",,W",0,",,W,2400",0,",,W,2400",74,"H,,S",,,80,",,W",62,",,W",,,,,40,",,W",40,",,W",,,,,,,,,12.1,",,W",17,",,W",,,,,1,",,W",,,,,,,,,,,,,1,",,W",,,,,,,,,,,,,,,,,,,,,,,,,,
USW00014836,"LANSING CAPITAL CITY AIRPORT, MI US",42.77609,-84.59972,261.2,8/22/2023,,,,,56,",,W",30.23,",,W",29.31,",,W",60,",,W",5.59,",,W",,,,,,,,,,,,,0,",,W,2400",,,69,",,W",55,",,W",87,",,W",0,",,W,2400",0,",,W,2400",65,"H,,S",,,73,",,W",58,",,W",,,,,70,",,W",60,",,W",,,,,,,,,14.1,",,W",18.1,",,W",,,,,,,,,,,,,,,,,,,,,,,,,,,,,,,,,,,,,,,,,,,,,,
USW00014836,"LANSING CAPITAL CITY AIRPORT, MI US",42.77609,-84.59972,261.2,8/23/2023,,,,,68,",,W",29.93,",,W",29.05,",,W",72,",,W",9.62,",,W",,,,,,,,,,,,,0,",,W,2400",,,70,",,W",58,",,W",90,",,W",0,",,W,2400",0,",,W,2400",75,"H,,S",,,92,",,W",66,",,W",,,,,250,",,W",250,",,W",,,,,,,,,23.9,",,W",29.1,",,W",,,,,1,",,W",,,1,",,W",,,,,,,,,1,",,W",,,,,,,,,,,,,,,,,,,,,,,,,,
USW00014836,"LANSING CAPITAL CITY AIRPORT, MI US",42.77609,-84.59972,261.2,8/24/2023,,,,,71,",,W",29.81,",,W",28.89,",,W",73,",,W",8.95,",,W",,,,,,,,,,,,,0.87,",,W,2400",,,82,",,W",71,",,W",91,",,W",0,",,W,2400",0,",,W,2400",79,"H,,S",,,88,",,W",70,",,W",,,,,290,",,W",310,",,W",,,,,,,,,49,",,W",70.9,",,W",,,,,1,",,W",1,",,W",1,",,W",,,,,,,,,1,",,W",,,,,,,,,,,,,,,,,,,,,,,,,,
USW00014836,"LANSING CAPITAL CITY AIRPORT, MI US",42.77609,-84.59972,261.2,8/25/2023,,,,,66,",,W",29.92,",,W",28.98,",,W",68,",,W",4.7,",,W",,,,,,,,,,,,,0,"T,,W,2400",,,81,",,W",64,",,W",94,",,W",0,",,W,2400",0,",,W,2400",73,"H,,S",,,79,",,W",66,",,W",,,,,30,",,W",10,",,W",,,,,,,,,12.1,",,W",15,",,W",,,,,1,",,W",,,,,,,,,,,,,,,,,,,,,,,,,,,,,,,,,,,,,,,,
USW00014836,"LANSING CAPITAL CITY AIRPORT, MI US",42.77609,-84.59972,261.2,8/26/2023,,,,,60,",,W",30.02,",,W",29.08,",,W",63,",,W",7.16,",,W",,,,,,,,,,,,,0,",,W,2400",,,79,",,W",60,",,W",93,",,W",0,",,W,2400",0,",,W,2400",70,"H,,S",,,75,",,W",56,",,W",,,,,40,",,W",30,",,W",,,,,,,,,15,",,W",19.9,",,W",,,,,1,",,W",,,,,,,,,,,,,,,,,,,,,,,,,,,,,,,,,,,,,,,,
USW00014836,"LANSING CAPITAL CITY AIRPORT, MI US",42.77609,-84.59972,261.2,8/27/2023,,,,,51,",,W",30.09,",,W",29.15,",,W",56,",,W",5.14,",,W",,,,,,,,,,,,,0,",,W,2400",,,68,",,W",46,",,W",93,",,W",0,",,W,2400",0,",,W,2400",62,"H,,S",,,73,",,W",50,",,W",,,,,30,",,W",20,",,W",,,,,,,,,14.1,",,W",18.1,",,W",,,,,,,,,,,,,,,,,,,,,,,,,,,,,,,,,,,,,,,,,,,,,,
USW00014836,"LANSING CAPITAL CITY AIRPORT, MI US",42.77609,-84.59972,261.2,8/28/2023,,,,,52,",,W",30.04,",,W",29.11,",,W",57,",,W",1.12,",,W",,,,,,,,,,,,,0,",,W,2400",,,68,",,W",40,",,W",93,",,W",0,",,W,2400",0,",,W,2400",63,"H,,S",,,77,",,W",50,",,W",,,,,320,",,W",20,",,W",,,,,,,,,8.1,",,W",12.1,",,W",,,,,1,",,W",,,,,,,,,,,,,,,,,,,,,,,,,,,,,,,,,,,,,,,,
USW00014836,"LANSING CAPITAL CITY AIRPORT, MI US",42.77609,-84.59972,261.2,8/29/2023,,,,,56,",,W",29.89,",,W",28.98,",,W",60,",,W",8.05,",,W",,,,,,,,,,,,,0.12,",,W,2400",,,73,",,W",59,",,W",87,",,W",0,",,W,2400",0,",,W,2400",65,"H,,S",,,76,",,W",56,",,W",,,,,240,",,W",330,",,W",,,,,,,,,19.9,",,W",25.9,",,W",,,,,,,,,1,",,W",,,,,,,,,1,",,W",,,,,,,,,,,,,,,,,,,,,,,,,,
USW00014836,"LANSING CAPITAL CITY AIRPORT, MI US",42.77609,-84.59972,261.2,8/30/2023,,,,,49,",,W",30.01,",,W",29.07,",,W",55,",,W",6.93,",,W",,,,,,,,,,,,,0,",,W,2400",,,64,",,W",41,",,W",83,",,W",0,",,W,2400",0,",,W,2400",63,"H,,S",,,71,",,W",50,",,W",,,,,30,",,W",340,",,W",,,,,,,,,16.1,",,W",23,",,W",,,,,,,,,,,,,,,,,,,,,,,,,,,,,,,,,,,,,,,,,,,,,,
USW00014836,"LANSING CAPITAL CITY AIRPORT, MI US",42.77609,-84.59972,261.2,8/31/2023,,,,,49,",,W",30.16,",,W",29.21,",,W",54,",,W",2.46,",,W",,,,,,,,,,,,,0,",,W,2400",,,67,",,W",40,",,W",93,",,W",0,",,W,2400",0,",,W,2400",60,"H,,S",,,75,",,W",46,",,W",,,,,70,",,W",60,",,W",,,,,,,,,10.1,",,W",13,",,W",,,,,1,",,W",,,,,,,,,,,,,,,,,,,,,,,,,,,,,,,,,,,,,,,,
USW00014836,"LANSING CAPITAL CITY AIRPORT, MI US",42.77609,-84.59972,261.2,9/1/2023,,,,,53,",,W",30.21,",,W",29.28,",,W",58,",,W",5.14,",,W",,,,,,,,,,,,,0,",,W,2400",,,67,",,W",39,",,W",90,",,W",0,",,W,2400",0,",,W,2400",64,"H,,S",,,79,",,W",50,",,W",,,,,160,",,W",150,",,W",,,,,,,,,14.1,",,W",19.9,",,W",,,,,,,,,,,,,,,,,,,,,,,,,,,,,,,,,,,,,,,,,,,,,,
USW00014836,"LANSING CAPITAL CITY AIRPORT, MI US",42.77609,-84.59972,261.2,9/2/2023,,,,,59,",,W",30.06,",,W",29.15,",,W",64,",,W",8.5,",,W",,,,,,,,,,,,,0,",,W,2400",,,67,",,W",51,",,W",87,",,W",0,",,W,2400",0,",,W,2400",70,"H,,S",,,81,",,W",58,",,W",,,,,230,",,W",220,",,W",,,,,,,,,18.1,",,W",25.1,",,W",,,,,,,,,,,,,,,,,,,,,,,,,,,,,,,,,,,,,,,,,,,,,,
USW00014836,"LANSING CAPITAL CITY AIRPORT, MI US",42.77609,-84.59972,261.2,9/3/2023,,,,,62,",,W",29.95,",,W",29.03,",,W",67,",,W",11.18,",,W",,,,,,,,,,,,,0,",,W,2400",,,60,",,W",43,",,W",78,",,W",0,",,W,2400",0,",,W,2400",76,"H,,S",,,89,",,W",65,",,W",,,,,230,",,W",230,",,W",,,,,,,,,21.9,",,W",32,",,W",,,,,,,,,,,,,,,,,,,,,,,,,,,,,,,,,,,,,,,,,,,,,,
USW00014836,"LANSING CAPITAL CITY AIRPORT, MI US",42.77609,-84.59972,261.2,9/4/2023,,,,,67,",,W",29.93,",,W",29.02,",,W",71,",,W",8.5,",,W",,,,,,,,,,,,,0,",,W,2400",,,67,",,W",46,",,W",87,",,W",0,",,W,2400",0,",,W,2400",79,"H,,S",,,90,",,W",71,",,W",,,,,240,",,W",240,",,W",,,,,,,,,16.1,",,W",25.1,",,W",,,,,,,,,,,,,,,,,,,,,,,,,,,,,,,,,,,,,,,,,,,,,,
USW00014836,"LANSING CAPITAL CITY AIRPORT, MI US",42.77609,-84.59972,261.2,9/5/2023,,,,,70,",,W",29.93,",,W",29.02,",,W",73,",,W",8.5,",,W",,,,,,,,,,,,,0,",,W,2400",,,70,",,W",50,",,W",87,",,W",0,",,W,2400",0,",,W,2400",81,"H,,S",,,91,",,W",72,",,W",,,,,220,",,W",220,",,W",,,,,,,,,17,",,W",25.9,",,W",,,,,,,,,1,",,W",,,,,,,,,,,,,,,,,,,,,,,,,,,,,,,,,,,,
USW00014836,"LANSING CAPITAL CITY AIRPORT, MI US",42.77609,-84.59972,261.2,9/6/2023,,,,,68,",,W",29.79,",,W",28.89,",,W",70,",,W",8.5,",,W",,,,,,,,,,,,,0.54,",,W,2400",,,82,",,W",67,",,W",93,",,W",0,",,W,2400",0,",,W,2400",76,"H,,S",,,82,",,W",68,",,W",,,,,280,",,W",290,",,W",,,,,,,,,23,",,W",25.1,",,W",,,,,1,",,W",,,1,",,W",,,,,,,,,,,,,,,,,,,,,,,,,,,,,,,,,,,,
USW00014836,"LANSING CAPITAL CITY AIRPORT, MI US",42.77609,-84.59972,261.2,9/7/2023,,,,,64,",,W",29.83,",,W",28.89,",,W",65,",,W",6.26,",,W",,,,,,,,,,,,,0.11,",,W,2400",,,90,",,W",81,",,W",93,",,W",0,",,W,2400",0,",,W,2400",69,"H,,S",,,71,",,W",61,",,W",,,,,350,",,W",350,",,W",,,,,,,,,14.1,",,W",18.1,",,W",,,,,1,",,W",,,,,,,,,,,,,1,",,W",,,,,,,,,,,,,,,,,,,,,,,,,,
USW00014836,"LANSING CAPITAL CITY AIRPORT, MI US",42.77609,-84.59972,261.2,9/8/2023,,,,,55,",,W",30.07,",,W",29.11,",,W",57,",,W",4.7,",,W",,,,,,,,,,,,,0,",,W,2400",,,84,",,W",73,",,W",93,",,W",0,",,W,2400",0,",,W,2400",61,"H,,S",,,64,",,W",56,",,W",,,,,40,",,W",360,",,W",,,,,,,,,12.1,",,W",16.1,",,W",,,,,1,",,W",,,,,,,,,,,,,,,,,,,,,,,,,,,,,,,,,,,,,,,,
USW00014836,"LANSING CAPITAL CITY AIRPORT, MI US",42.77609,-84.59972,261.2,9/9/2023,,,,,54,",,W",30.17,",,W",29.23,",,W",56,",,W",2.46,",,W",,,,,,,,,,,,,0,",,W,2400",,,79,",,W",57,",,W",96,",,W",0,",,W,2400",0,",,W,2400",60,"H,,S",,,72,",,W",50,",,W",,,,,30,",,W",350,",,W",,,,,,,,,8.9,",,W",14.1,",,W",,,,,1,",,W",1,",,W",,,,,,,,,,,,,,,,,,,,,,,,,,,,,,,,,,,,,,
USW00014836,"LANSING CAPITAL CITY AIRPORT, MI US",42.77609,-84.59972,261.2,9/10/2023,,,,,53,",,W",30.16,",,W",29.22,",,W",57,",,W",2.01,",,W",,,,,,,,,,,,,0,",,W,2400",,,77,",,W",51,",,W",97,",,W",0,",,W,2400",0,",,W,2400",61,"H,,S",,,75,",,W",49,",,W",,,,,50,",,W",70,",,W",,,,,,,,,8.9,",,W",14.1,",,W",,,,,1,",,W",1,",,W",,,,,,,,,,,,,,,,,,,,,,,,,,,,,,,,,,,,,,
USW00014836,"LANSING CAPITAL CITY AIRPORT, MI US",42.77609,-84.59972,261.2,9/11/2023,,,,,58,",,W",30.08,",,W",29.16,",,W",60,",,W",4.92,",,W",,,,,,,,,,,,,0.27,",,W,2400",,,87,",,W",81,",,W",93,",,W",0,",,W,2400",0,",,W,2400",62,"H,,S",,,67,",,W",55,",,W",,,,,200,",,W",190,",,W",,,,,,,,,12.1,",,W",15,",,W",,,,,1,",,W",,,,,,,,,,,,,1,",,W",,,,,,,,,,,,,,,,,,,,,,,,,,
USW00014836,"LANSING CAPITAL CITY AIRPORT, MI US",42.77609,-84.59972,261.2,9/12/2023,,,,,55,",,W",30.01,",,W",29.07,",,W",58,",,W",7.16,",,W",,,,,,,,,,,,,0.03,",,W,2400",,,78,",,W",61,",,W",93,",,W",0,",,W,2400",0,",,W,2400",63,"H,,S",,,71,",,W",52,",,W",,,,,320,",,W",320,",,W",,,,,,,,,19.9,",,W",25.9,",,W",,,,,1,",,W",,,,,,,,,,,,,,,,,,,,,,,,,,,,,,,,,,,,,,,,
USW00014836,"LANSING CAPITAL CITY AIRPORT, MI US",42.77609,-84.59972,261.2,9/13/2023,,,,,48,",,W",30.11,",,W",29.16,",,W",51,",,W",3.13,",,W",,,,,,,,,,,,,0,",,W,2400",,,78,",,W",58,",,W",93,",,W",0,",,W,2400",0,",,W,2400",56,"H,,S",,,65,",,W",46,",,W",,,,,360,",,W",340,",,W",,,,,,,,,10.1,",,W",16.1,",,W",,,,,1,",,W",,,,,,,,,,,,,,,,,,,,,,,,,,,,,,,,,,,,,,,,
USW00014836,"LANSING CAPITAL CITY AIRPORT, MI US",42.77609,-84.59972,261.2,9/14/2023,,,,,48,",,W",30.2,",,W",29.24,",,W",53,",,W",1.12,",,W",,,,,,,,,,,,,0,",,W,2400",,,73,",,W",46,",,W",97,",,W",0,",,W,2400",0,",,W,2400",57,"H,,S",,,71,",,W",45,",,W",,,,,350,",,W",350,",,W",,,,,,,,,8.1,",,W",11,",,W",,,,,1,",,W",,,,,,,,,,,,,,,,,,,,,,,,,,,,,,,,,,,,,,,,
USW00014836,"LANSING CAPITAL CITY AIRPORT, MI US",42.77609,-84.59972,261.2,9/15/2023,,,,,49,",,W",30.17,",,W",29.24,",,W",54,",,W",3.13,",,W",,,,,,,,,,,,,0,",,W,2400",,,67,",,W",41,",,W",90,",,W",0,",,W,2400",0,",,W,2400",60,"H,,S",,,74,",,W",49,",,W",,,,,220,",,W",190,",,W",,,,,,,,,13,",,W",16.1,",,W",,,,,,,,,,,,,,,,,,,,,,,,,,,,,,,,,,,,,,,,,,,,,,
USW00014836,"LANSING CAPITAL CITY AIRPORT, MI US",42.77609,-84.59972,261.2,9/16/2023,,,,,52,",,W",30.05,",,W",29.13,",,W",56,",,W",3.36,",,W",,,,,,,,,,,,,0.02,",,W,2400",,,71,",,W",51,",,W",89,",,W",0,",,W,2400",0,",,W,2400",61,"H,,S",,,72,",,W",50,",,W",,,,,210,",,W",210,",,W",,,,,,,,,10.1,",,W",13,",,W",,,,,1,",,W",,,,,,,,,,,,,,,,,,,,,,,,,,,,,,,,,,,,,,,,
USW00014836,"LANSING CAPITAL CITY AIRPORT, MI US",42.77609,-84.59972,261.2,9/17/2023,,,,,56,",,W",29.96,",,W",29.03,",,W",58,",,W",3.8,",,W",,,,,,,,,,,,,0,",,W,2400",,,80,",,W",65,",,W",93,",,W",0,",,W,2400",0,",,W,2400",63,"H,,S",,,69,",,W",55,",,W",,,,,20,",,W",320,",,W",,,,,,,,,12.1,",,W",15,",,W",,,,,1,",,W",,,,,,,,,,,,,1,",,W",,,,,,,,,,,,,,,,,,,,,,,,,,
USW00014836,"LANSING CAPITAL CITY AIRPORT, MI US",42.77609,-84.59972,261.2,9/18/2023,,,,,50,",,W",30.02,",,W",29.08,",,W",54,",,W",5.82,",,W",,,,,,,,,,,,,0,",,W,2400",,,74,",,W",53,",,W",93,",,W",0,",,W,2400",0,",,W,2400",59,"H,,S",,,68,",,W",50,",,W",,,,,330,",,W",330,",,W",,,,,,,,,14.1,",,W",18.1,",,W",,,,,,,,,,,,,,,,,,,,,,,,,,,,,,,,,,,,,,,,,,,,,,
USW00014836,"LANSING CAPITAL CITY AIRPORT, MI US",42.77609,-84.59972,261.2,9/19/2023,,,,,52,",,W",30.08,",,W",29.13,",,W",54,",,W",2.91,",,W",,,,,,,,,,,,,0,",,W,2400",,,79,",,W",57,",,W",97,",,W",0,",,W,2400",0,",,W,2400",58,"H,,S",,,69,",,W",48,",,W",,,,,220,",,W",220,",,W",,,,,,,,,13,",,W",17,",,W",,,,,1,",,W",1,",,W",,,,,,,,,,,1,",,W",,,,,,,,,,,,,,,,,,,,,,,,,,
USW00014836,"LANSING CAPITAL CITY AIRPORT, MI US",42.77609,-84.59972,261.2,9/20/2023,,,,,55,",,W",30.12,",,W",29.18,",,W",60,",,W",6.04,",,W",,,,,,,,,,,,,0.02,",,W,2400",,,66,",,W",45,",,W",81,",,W",0,",,W,2400",0,",,W,2400",65,"H,,S",,,79,",,W",59,",,W",,,,,180,",,W",180,",,W",,,,,,,,,13,",,W",18.1,",,W",,,,,,,,,,,,,,,,,,,,,,,,,,,,,,,,,,,,,,,,,,,,,,
USW00014836,"LANSING CAPITAL CITY AIRPORT, MI US",42.77609,-84.59972,261.2,9/21/2023,,,,,58,",,W",30.22,",,W",29.28,",,W",62,",,W",2.68,",,W",,,,,,,,,,,,,0,",,W,2400",,,70,",,W",45,",,W",87,",,W",0,",,W,2400",0,",,W,2400",68,"H,,S",,,81,",,W",57,",,W",,,,,160,",,W",150,",,W",,,,,,,,,8.9,",,W",12.1,",,W",,,,,,,,,,,,,,,,,,,,,,,,,,,,,,,,,,,,,,,,,,,,,,
USW00014836,"LANSING CAPITAL CITY AIRPORT, MI US",42.77609,-84.59972,261.2,9/22/2023,,,,,58,",,W",30.22,",,W",29.28,",,W",62,",,W",4.7,",,W",,,,,,,,,,,,,0,",,W,2400",,,70,",,W",47,",,W",90,",,W",0,",,W,2400",0,",,W,2400",69,"H,,S",,,81,",,W",58,",,W",,,,,110,",,W",100,",,W",,,,,,,,,13,",,W",17,",,W",,,,,1,",,W",,,,,,,,,,,,,,,,,,,,,,,,,,,,,,,,,,,,,,,,
USW00014836,"LANSING CAPITAL CITY AIRPORT, MI US",42.77609,-84.59972,261.2,9/23/2023,,,,,52,",,W",30.15,",,W",29.23,",,W",56,",,W",6.49,",,W",,,,,,,,,,,,,0,",,W,2400",,,73,",,W",49,",,W",96,",,W",0,",,W,2400",0,",,W,2400",64,"H,,S",,,73,",,W",52,",,W",,,,,100,",,W",100,",,W",,,,,,,,,17,",,W",23,",,W",,,,,,,,,,,,,,,,,,,,,,,,,,,,,,,,,,,,,,,,,,,,,,
USW00014836,"LANSING CAPITAL CITY AIRPORT, MI US",42.77609,-84.59972,261.2,9/24/2023,,,,,53,",,W",30.09,",,W",29.16,",,W",56,",,W",5.37,",,W",,,,,,,,,,,,,0,",,W,2400",,,77,",,W",50,",,W",97,",,W",0,",,W,2400",0,",,W,2400",60,"H,,S",,,75,",,W",47,",,W",,,,,80,",,W",80,",,W",,,,,,,,,14.1,",,W",18.1,",,W",,,,,1,",,W",,,,,,,,,,,,,,,,,,,,,,,,,,,,,,,,,,,,,,,,
USW00014836,"LANSING CAPITAL CITY AIRPORT, MI US",42.77609,-84.59972,261.2,9/25/2023,,,,,58,",,W",30.14,",,W",29.2,",,W",60,",,W",5.37,",,W",,,,,,,,,,,,,0.03,",,W,2400",,,86,",,W",73,",,W",93,",,W",0,",,W,2400",0,",,W,2400",62,"H,,S",,,67,",,W",58,",,W",,,,,80,",,W",100,",,W",,,,,,,,,16.1,",,W",19,",,W",,,,,1,",,W",,,,,,,,,,,,,,,,,,,,,,,,,,,,,,,,,,,,,,,,
USW00014836,"LANSING CAPITAL CITY AIRPORT, MI US",42.77609,-84.59972,261.2,9/26/2023,,,,,58,",,W",30.2,",,W",29.25,",,W",60,",,W",6.71,",,W",,,,,,,,,,,,,0.09,",,W,2400",,,87,",,W",78,",,W",96,",,W",0,",,W,2400",0,",,W,2400",62,"H,,S",,,71,",,W",57,",,W",,,,,110,",,W",110,",,W",,,,,,,,,15,",,W",21,",,W",,,,,1,",,W",,,,,,,,,,,,,,,,,,,,,,,,,,,,,,,,,,,,,,,,
USW00014836,"LANSING CAPITAL CITY AIRPORT, MI US",42.77609,-84.59972,261.2,9/27/2023,,,,,57,",,W",30.17,",,W",29.23,",,W",58,",,W",7.83,",,W",,,,,,,,,,,,,0.61,",,W,2400",,,91,",,W",80,",,W",97,",,W",0,",,W,2400",0,",,W,2400",60,"H,,S",,,63,",,W",57,",,W",,,,,90,",,W",100,",,W",,,,,,,,,14.1,",,W",19,",,W",,,,,1,",,W",,,,,,,,,,,,,,,,,,,,,,,,,,,,,,,,,,,,,,,,
USW00014836,"LANSING CAPITAL CITY AIRPORT, MI US",42.77609,-84.59972,261.2,9/28/2023,,,,,57,",,W",30.11,",,W",29.17,",,W",58,",,W",6.04,",,W",,,,,,,,,,,,,0.2,",,W,2400",,,92,",,W",84,",,W",96,",,W",0,",,W,2400",0,",,W,2400",59,"H,,S",,,63,",,W",57,",,W",,,,,60,",,W",70,",,W",,,,,,,,,13,",,W",16.1,",,W",,,,,1,",,W",,,,,,,,,,,,,,,,,,,,,,,,,,,,,,,,,,,,,,,,
USW00014836,"LANSING CAPITAL CITY AIRPORT, MI US",42.77609,-84.59972,261.2,9/29/2023,,,,,58,",,W",30.16,",,W",29.21,",,W",59,",,W",2.46,",,W",,,,,,,,,,,,,0,",,W,2400",,,86,",,W",70,",,W",97,",,W",0,",,W,2400",0,",,W,2400",62,"H,,S",,,70,",,W",54,",,W",,,,,40,",,W",70,",,W",,,,,,,,,6.9,",,W",8.9,",,W",,,,,1,",,W",1,",,W",,,,,,,,,,,,,,,,,,,,,,,,,,,,,,,,,,,,,,
USW00014836,"LANSING CAPITAL CITY AIRPORT, MI US",42.77609,-84.59972,261.2,9/30/2023,,,,,56,",,W",30.26,",,W",29.3,",,W",59,",,W",1.57,",,W",,,,,,,,,,,,,0,",,W,2400",,,81,",,W",55,",,W",100,",,W",0,",,W,2400",0,",,W,2400",62,"H,,S",,,78,",,W",50,",,W",,,,,140,",,W",150,",,W",,,,,,,,,10.1,",,W",14.1,",,W",,,,,1,",,W",1,",,W",,,,,,,,,,,,,,,,,,,,,,,,,,,,,,,,,,,,,,
USW00014836,"LANSING CAPITAL CITY AIRPORT, MI US",42.77609,-84.59972,261.2,10/1/2023,,,,,58,",,W",30.31,",,W",29.36,",,W",61,",,W",1.79,",,W",,,,,,,,,,,,,0,",,W,2400",,,76,",,W",50,",,W",93,",,W",0,",,W,2400",0,",,W,2400",66,"H,,S",,,80,",,W",58,",,W",,,,,160,",,W",140,",,W",,,,,,,,,8.9,",,W",13,",,W",,,,,1,",,W",,,,,,,,,,,,,,,,,,,,,,,,,,,,,,,,,,,,,,,,
USW00014836,"LANSING CAPITAL CITY AIRPORT, MI US",42.77609,-84.59972,261.2,10/2/2023,,,,,58,",,W",30.23,",,W",29.31,",,W",62,",,W",1.12,",,W",,,,,,,,,,,,,0,",,W,2400",,,71,",,W",44,",,W",93,",,W",0,",,W,2400",0,",,W,2400",68,"H,,S",,,84,",,W",55,",,W",,,,,150,",,W",200,",,W",,,,,,,,,6.9,",,W",10.1,",,W",,,,,1,",,W",,,,,,,,,,,,,,,,,,,,,,,,,,,,,,,,,,,,,,,,
USW00014836,"LANSING CAPITAL CITY AIRPORT, MI US",42.77609,-84.59972,261.2,10/3/2023,,,,,59,",,W",30.14,",,W",29.21,",,W",63,",,W",4.03,",,W",,,,,,,,,,,,,0,",,W,2400",,,67,",,W",41,",,W",93,",,W",0,",,W,2400",0,",,W,2400",70,"H,,S",,,85,",,W",56,",,W",,,,,180,",,W",220,",,W",,,,,,,,,14.1,",,W",19.9,",,W",,,,,1,",,W",,,,,,,,,,,,,,,,,,,,,,,,,,,,,,,,,,,,,,,,
USW00014836,"LANSING CAPITAL CITY AIRPORT, MI US",42.77609,-84.59972,261.2,10/4/2023,,,,,58,",,W",30.02,",,W",29.1,",,W",64,",,W",8.95,",,W",,,,,,,,,,,,,0,",,W,2400",,,63,",,W",49,",,W",84,",,W",0,",,W,2400",0,",,W,2400",71,"H,,S",,,81,",,W",63,",,W",,,,,170,",,W",190,",,W",,,,,,,,,18.1,",,W",25.1,",,W",,,,,,,,,,,,,,,,,,,,,,,,,,,,,,,,,,,,,,,,,,,,,,
USW00014836,"LANSING CAPITAL CITY AIRPORT, MI US",42.77609,-84.59972,261.2,10/5/2023,,,,,59,",,W",29.92,",,W",29.02,",,W",60,",,W",8.5,",,W",,,,,,,,,,,,,1.75,",,W,2400",,,90,",,W",59,",,W",97,",,W",0,",,W,2400",0,",,W,2400",66,"H,,S",,,71,",,W",58,",,W",,,,,250,",,W",210,",,W",,,,,,,,,17,",,W",21.9,",,W",,,,,1,",,W",,,,,,,,,,,,,,,,,,,,,,,,,,,,,,,,,,,,,,,,
USW00014836,"LANSING CAPITAL CITY AIRPORT, MI US",42.77609,-84.59972,261.2,10/6/2023,,,,,47,",,W",29.89,",,W",28.95,",,W",51,",,W",10.74,",,W",,,,,,,,,,,,,0.17,",,W,2400",,,79,",,W",50,",,W",100,",,W",0,",,W,2400",0,",,W,2400",58,"H,,S",,,64,",,W",44,",,W",,,,,250,",,W",270,",,W",,,,,,,,,21,",,W",28,",,W",,,,,1,",,W",,,,,,,,,,,,,,,,,,,,,,,,,,,,,,,,,,,,,,,,
USW00014836,"LANSING CAPITAL CITY AIRPORT, MI US",42.77609,-84.59972,261.2,10/7/2023,,,,,40,",,W",29.96,",,W",29.01,",,W",44,",,W",12.3,",,W",,,,,,,,,,,,,0.04,",,W,2400",,,79,",,W",64,",,W",97,",,W",0,",,W,2400",0,",,W,2400",47,"H,,S",,,56,",,W",40,",,W",,,,,280,",,W",290,",,W",,,,,,,,,23.9,",,W",32,",,W",,,,,,,,,,,,,,,,,,,,,,,,,,,,,,,,,,,,,,,,,,,,,,
USW00014836,"LANSING CAPITAL CITY AIRPORT, MI US",42.77609,-84.59972,261.2,10/8/2023,,,,,36,",,W",29.86,",,W",28.93,",,W",40,",,W",10.07,",,W",,,,,,,,,,,,,0,"T,,W,2400",,,73,",,W",45,",,W",89,",,W",0,",,W,2400",0,",,W,2400",45,"H,,S",,,55,",,W",36,",,W",,,,,300,",,W",280,",,W",,,,,,,,,21.9,",,W",31.1,",,W",,,,,,,,,,,,,,,,,,,,,,,,,,,,,,,,,,,,,,,,,,,,,,
USW00014836,"LANSING CAPITAL CITY AIRPORT, MI US",42.77609,-84.59972,261.2,10/9/2023,,,,,33,",,W",29.74,",,W",28.81,",,W",40,",,W",10.96,",,W",,,,,,,,,,,,,0,",,W,2400",,,62,",,W",41,",,W",86,",,W",0,",,W,2400",0,",,W,2400",44,"H,,S",,,54,",,W",38,",,W",,,,,250,",,W",240,",,W",,,,,,,,,25.1,",,W",32,",,W",,,,,,,,,,,,,,,,,,,,,,,,,,,,,,,,,,,,,,,,,,,,,,
USW00014836,"LANSING CAPITAL CITY AIRPORT, MI US",42.77609,-84.59972,261.2,10/10/2023,,,,,41,",,W",29.76,",,W",28.81,",,W",43,",,W",7.16,",,W",,,,,,,,,,,,,0.1,",,W,2400",,,86,",,W",76,",,W",97,",,W",0,",,W,2400",0,",,W,2400",45,"H,,S",,,48,",,W",41,",,W",,,,,300,",,W",290,",,W",,,,,,,,,13,",,W",18.1,",,W",,,,,1,",,W",,,,,,,,,,,,,,,,,,,,,,,,,,,,,,,,,,,,,,,,
USW00014836,"LANSING CAPITAL CITY AIRPORT, MI US",42.77609,-84.59972,261.2,10/11/2023,,,,,45,",,W",29.84,",,W",28.89,",,W",47,",,W",2.01,",,W",,,,,,,,,,,,,0,"T,,W,2400",,,87,",,W",67,",,W",97,",,W",0,",,W,2400",0,",,W,2400",48,"H,,S",,,56,",,W",43,",,W",,,,,190,",,W",220,",,W",,,,,,,,,6,",,W",8.1,",,W",,,,,1,",,W",,,,,,,,,,,,,,,,,,,,,,,,,,,,,,,,,,,,,,,,
USW00014836,"LANSING CAPITAL CITY AIRPORT, MI US",42.77609,-84.59972,261.2,10/12/2023,,,,,44,",,W",29.97,",,W",29,",,W",47,",,W",5.82,",,W",,,,,,,,,,,,,0.01,",,W,2400",,,79,",,W",58,",,W",97,",,W",0,",,W,2400",0,",,W,2400",49,"H,,S",,,61,",,W",39,",,W",,,,,40,",,W",40,",,W",,,,,,,,,14.1,",,W",18.1,",,W",,,,,1,",,W",,,,,,,,,,,,,,,,,,,,,,,,,,,,,,,,,,,,,,,,
USW00014836,"LANSING CAPITAL CITY AIRPORT, MI US",42.77609,-84.59972,261.2,10/13/2023,,,,,44,",,W",30.02,",,W",29.1,",,W",46,",,W",9.4,",,W",,,,,,,,,,,,,0.34,",,W,2400",,,85,",,W",71,",,W",97,",,W",0,",,W,2400",0,",,W,2400",49,"H,,S",,,51,",,W",47,",,W",,,,,70,",,W",90,",,W",,,,,,,,,17,",,W",25.1,",,W",,,,,1,",,W",,,,,,,,,,,,,,,,,,,,,,,,,,,,,,,,,,,,,,,,
USW00014836,"LANSING CAPITAL CITY AIRPORT, MI US",42.77609,-84.59972,261.2,10/14/2023,,,,,44,",,W",29.88,",,W",28.92,",,W",47,",,W",11.41,",,W",,,,,,,,,,,,,0.25,",,W,2400",,,85,",,W",72,",,W",97,",,W",0,",,W,2400",0,",,W,2400",49,"H,,S",,,54,",,W",47,",,W",,,,,10,",,W",20,",,W",,,,,,,,,21.9,",,W",33.1,",,W",,,,,1,",,W",,,,,,,,,,,,,,,,,,,,,,,,,,,,,,,,,,,,,,,,
USW00014836,"LANSING CAPITAL CITY AIRPORT, MI US",42.77609,-84.59972,261.2,10/15/2023,,,,,40,",,W",29.96,",,W",29.01,",,W",44,",,W",8.28,",,W",,,,,,,,,,,,,0.02,",,W,2400",,,77,",,W",57,",,W",97,",,W",0,",,W,2400",0,",,W,2400",47,"H,,S",,,56,",,W",39,",,W",,,,,310,",,W",330,",,W",,,,,,,,,17,",,W",25.9,",,W",,,,,1,",,W",,,,,,,,,,,,,,,,,,,,,,,,,,,,,,,,,,,,,,,,
USW00014836,"LANSING CAPITAL CITY AIRPORT, MI US",42.77609,-84.59972,261.2,10/16/2023,,,,,42,",,W",30,",,W",29.04,",,W",45,",,W",5.37,",,W",,,,,,,,,,,,,0,",,W,2400",,,81,",,W",71,",,W",90,",,W",0,",,W,2400",0,",,W,2400",47,"H,,S",,,51,",,W",44,",,W",,,,,10,",,W",350,",,W",,,,,,,,,13,",,W",18.1,",,W",,,,,,,,,,,,,,,,,,,,,,,,,,,,,,,,,,,,,,,,,,,,,,
USW00014836,"LANSING CAPITAL CITY AIRPORT, MI US",42.77609,-84.59972,261.2,10/17/2023,,,,,40,",,W",30.05,",,W",29.1,",,W",44,",,W",3.8,",,W",,,,,,,,,,,,,0,",,W,2400",,,76,",,W",59,",,W",89,",,W",0,",,W,2400",0,",,W,2400",48,"H,,S",,,57,",,W",42,",,W",,,,,260,",,W",290,",,W",,,,,,,,,8.9,",,W",13,",,W",,,,,,,,,,,,,,,,,,,,,,,,,,,,,,,,,,,,,,,,,,,,,,
USW00014836,"LANSING CAPITAL CITY AIRPORT, MI US",42.77609,-84.59972,261.2,10/18/2023,,,,,43,",,W",30,",,W",29.07,",,W",47,",,W",8.72,",,W",,,,,,,,,,,,,0,",,W,2400",,,73,",,W",52,",,W",93,",,W",0,",,W,2400",0,",,W,2400",50,"H,,S",,,63,",,W",39,",,W",,,,,190,",,W",180,",,W",,,,,,,,,18.1,",,W",23.9,",,W",,,,,1,",,W",,,,,,,,,,,,,,,,,,,,,,,,,,,,,,,,,,,,,,,,
USW00014836,"LANSING CAPITAL CITY AIRPORT, MI US",42.77609,-84.59972,261.2,10/19/2023,,,,,50,",,W",29.73,",,W",28.83,",,W",51,",,W",8.5,",,W",,,,,,,,,,,,,0.43,",,W,2400",,,88,",,W",69,",,W",97,",,W",0,",,W,2400",0,",,W,2400",54,"H,,S",,,57,",,W",50,",,W",,,,,180,",,W",180,",,W",,,,,,,,,15,",,W",21,",,W",,,,,1,",,W",,,,,,,,,,,,,,,,,,,,,,,,,,,,,,,,,,,,,,,,
USW00014836,"LANSING CAPITAL CITY AIRPORT, MI US",42.77609,-84.59972,261.2,10/20/2023,,,,,48,",,W",29.57,",,W",28.63,",,W",49,",,W",9.4,",,W",,,,,,,,,,,,,0.2,",,W,2400",,,91,",,W",86,",,W",96,",,W",0,",,W,2400",0,",,W,2400",52,"H,,S",,,53,",,W",46,",,W",,,,,290,",,W",300,",,W",,,,,,,,,19.9,",,W",25.1,",,W",,,,,1,",,W",,,,,,,,,,,,,,,,,,,,,,,,,,,,,,,,,,,,,,,,
USW00014836,"LANSING CAPITAL CITY AIRPORT, MI US",42.77609,-84.59972,261.2,10/21/2023,,,,,40,",,W",29.7,",,W",28.74,",,W",42,",,W",5.82,",,W",,,,,,,,,,,,,0.03,",,W,2400",,,89,",,W",76,",,W",97,",,W",0,",,W,2400",0,",,W,2400",44,"H,,S",,,47,",,W",37,",,W",,,,,340,",,W",340,",,W",,,,,,,,,16.1,",,W",23,",,W",,,,,1,",,W",,,,,,,,,,,,,,,,,,,,,,,,,,,,,,,,,,,,,,,,
USW00014836,"LANSING CAPITAL CITY AIRPORT, MI US",42.77609,-84.59972,261.2,10/22/2023,,,,,35,",,W",30.06,",,W",29.07,",,W",39,",,W",6.04,",,W",,,,,,,,,,,,,0,",,W,2400",,,79,",,W",57,",,W",97,",,W",0,",,W,2400",0,",,W,2400",43,"H,,S",,,51,",,W",34,",,W",,,,,300,",,W",300,",,W",,,,,,,,,13,",,W",18.1,",,W",,,,,,,,,,,,,,,,,,,,,,,,,,,,,,,,,,,,,,,,,,,,,,
USW00014836,"LANSING CAPITAL CITY AIRPORT, MI US",42.77609,-84.59972,261.2,10/23/2023,,,,,36,",,W",30.17,",,W",29.22,",,W",41,",,W",7.61,",,W",,,,,,,,,,,,,0,",,W,2400",,,71,",,W",47,",,W",100,",,W",0,",,W,2400",0,",,W,2400",41,"H,,S",,,58,",,W",29,",,W",,,,,180,",,W",180,",,W",,,,,,,,,21.9,",,W",30,",,W",,,,,1,",,W",,,,,,,,,,,,,,,,,,,,,,,,,,,,,,,,,,,,,,,,
USW00014836,"LANSING CAPITAL CITY AIRPORT, MI US",42.77609,-84.59972,261.2,10/24/2023,,,,,49,",,W",30.06,",,W",29.13,",,W",55,",,W",9.4,",,W",,,,,,,,,,,,,0,",,W,2400",,,58,",,W",51,",,W",80,",,W",0,",,W,2400",0,",,W,2400",60,"H,,S",,,76,",,W",44,",,W",,,,,200,",,W",220,",,W",,,,,,,,,19.9,",,W",25.9,",,W",,,,,,,,,,,,,,,,,,,,,,,,,,,,,,,,,,,,,,,,,,,,,,
USW00014836,"LANSING CAPITAL CITY AIRPORT, MI US",42.77609,-84.59972,261.2,10/25/2023,,,,,55,",,W",30.1,",,W",29.16,",,W",58,",,W",9.17,",,W",,,,,,,,,,,,,0.69,",,W,2400",,,81,",,W",61,",,W",100,",,W",0,",,W,2400",0,",,W,2400",64,"H,,S",,,68,",,W",57,",,W",,,,,210,",,W",210,",,W",,,,,,,,,21,",,W",28,",,W",,,,,1,",,W",,,,,,,,,,,,,,,,,,,,,,,,,,,,,,,,,,,,,,,,
USW00014836,"LANSING CAPITAL CITY AIRPORT, MI US",42.77609,-84.59972,261.2,10/26/2023,,,,,59,",,W",30.02,",,W",29.1,",,W",61,",,W",10.96,",,W",,,,,,,,,,,,,0.31,",,W,2400",,,82,",,W",66,",,W",100,",,W",0,",,W,2400",0,",,W,2400",63,"H,,S",,,69,",,W",61,",,W",,,,,220,",,W",210,",,W",,,,,,,,,21.9,",,W",29.1,",,W",,,,,1,",,W",,,,,,,,,,,,,,,,,,,,,,,,,,,,,,,,,,,,,,,,
USW00014836,"LANSING CAPITAL CITY AIRPORT, MI US",42.77609,-84.59972,261.2,10/27/2023,,,,,60,",,W",29.95,",,W",29.02,",,W",62,",,W",12.53,",,W",,,,,,,,,,,,,0.12,",,W,2400",,,83,",,W",69,",,W",96,",,W",0,",,W,2400",0,",,W,2400",67,"H,,S",,,74,",,W",53,",,W",,,,,300,",,W",310,",,W",,,,,,,,,23,",,W",32,",,W",,,,,1,",,W",,,,,,,,,,,,,,,,,,,,,,,,,,,,,,,,,,,,,,,,
USW00014836,"LANSING CAPITAL CITY AIRPORT, MI US",42.77609,-84.59972,261.2,10/28/2023,,,,,38,",,W",30.21,",,W",29.24,",,W",43,",,W",8.95,",,W",,,,,,,,,,,,,0,"T,,W,2400",,,70,",,W",52,",,W",86,",,W",0,",,W,2400",0,",,W,2400",52,"H,,S",,,53,",,W",44,",,W",,,,,270,",,W",290,",,W",,,,,,,,,17,",,W",25.1,",,W",,,,,1,",,W",,,,,,,,,,,,,,,,,,,,,,,,,,,,,,,,,,,,,,,,
USW00014836,"LANSING CAPITAL CITY AIRPORT, MI US",42.77609,-84.59972,261.2,10/29/2023,,,,,39,",,W",30.13,",,W",29.19,",,W",42,",,W",5.82,",,W",,,,,,,,,,,,,0.25,",,W,2400",,,83,",,W",66,",,W",93,",,W",0,",,W,2400",0,",,W,2400",44,"H,,S",,,47,",,W",40,",,W",,,,,10,",,W",340,",,W",,,,,,,,,8.9,",,W",14.1,",,W",,,,,1,",,W",,,,,,,,,,,,,,,,,,,,,,,,,,,,,,,,,,,,,,,,
USW00014836,"LANSING CAPITAL CITY AIRPORT, MI US",42.77609,-84.59972,261.2,10/30/2023,,,,,27,",,W",30.11,",,W",29.14,",,W",33,",,W",8.72,",,W",,,,,,,,,,,,,0.03,",,W,2400",,,70,",,W",46,",,W",93,",,W",0,",,W,2400",0,",,W,2400",39,"H,,S",,,42,",,W",30,",,W",,,,,260,",,W",260,",,W",,,,,,,,,21,",,W",28,",,W",,,,,1,",,W",,,,,,,,,,,,,,,,,,,,,,,,,,,,,,,,,,,,,,,,
USW00014836,"LANSING CAPITAL CITY AIRPORT, MI US",42.77609,-84.59972,261.2,10/31/2023,,,,,25,",,W",30.11,",,W",29.13,",,W",30,",,W",6.71,",,W",,,,,,,,,,,,,0.03,",,W,2400",,,74,",,W",50,",,W",92,",,W",0.2,",,W,2400",0,",,W,2400",33,"H,,S",,,41,",,W",29,",,W",,,,,210,",,W",210,",,W",,,,,,,,,18.1,",,W",23.9,",,W",,,,,1,",,W",,,,,,,,,,,,,1,",,W",,,,,,,,,,,,,,,,,,,,,,,,,,
USW00014836,"LANSING CAPITAL CITY AIRPORT, MI US",42.77609,-84.59972,261.2,11/1/2023,,,,,23,",,W",30.31,",,W",29.33,",,W",29,",,W",6.93,",,W",,,,,,,,,,,,,0,",,W,2400",,,71,",,W",50,",,W",88,",,W",0,",,W,2400",0,"T,,W,2400",31,"H,,S",,,40,",,W",24,",,W",,,,,220,",,W",340,",,W",,,,,,,,,8.9,",,W",13,",,W",,,,,,,,,,,,,,,,,,,,,,,,,,,,,,,,,,,,,,,,,,,,,,
USW00014836,"LANSING CAPITAL CITY AIRPORT, MI US",42.77609,-84.59972,261.2,11/2/2023,,,,,26,",,W",30.24,",,W",29.28,",,W",36,",,W",12.08,",,W",,,,,,,,,,,,,0,",,W,2400",,,53,",,W",38,",,W",67,",,W",0,",,W,2400",0,",,W,2400",39,"H,,S",,,50,",,W",34,",,W",,,,,210,",,W",200,",,W",,,,,,,,,21.9,",,W",28,",,W",,,,,,,,,,,,,,,,,,,,,,,,,,,,,,,,,,,,,,,,,,,,,,
USW00014836,"LANSING CAPITAL CITY AIRPORT, MI US",42.77609,-84.59972,261.2,11/3/2023,,,,,30,",,W",30.09,",,W",29.13,",,W",41,",,W",14.09,",,W",,,,,,,,,,,,,0.04,",,W,2400",,,50,",,W",38,",,W",83,",,W",0,",,W,2400",0,",,W,2400",48,"H,,S",,,58,",,W",42,",,W",,,,,210,",,W",210,",,W",,,,,,,,,23.9,",,W",33.1,",,W",,,,,,,,,,,,,,,,,,,,,,,,,,,,,,,,,,,,,,,,,,,,,,
USW00014836,"LANSING CAPITAL CITY AIRPORT, MI US",42.77609,-84.59972,261.2,11/4/2023,,,,,41,",,W",30.13,",,W",29.18,",,W",44,",,W",1.12,",,W",,,,,,,,,,,,,0,",,W,2400",,,80,",,W",57,",,W",96,",,W",0,",,W,2400",0,",,W,2400",49,"H,,S",,,54,",,W",39,",,W",,,,,330,",,W",80,",,W",,,,,,,,,6,",,W",8.1,",,W",,,,,1,",,W",,,,,,,,,,,,,1,",,W",,,,,,,,,,,,,,,,,,,,,,,,,,
USW00014836,"LANSING CAPITAL CITY AIRPORT, MI US",42.77609,-84.59972,261.2,11/5/2023,,,,,34,",,W",30.15,",,W",29.2,",,W",39,",,W",,,,,,,,,,,,,,,0,",,W,2400",,,70,",,W",45,",,W",100,",,W",0,",,W,2400",0,",,W,2400",43,"H,,S",,,55,",,W",29,",,W",,,,,,,,,,,,,,,,,,,,,,,,,1,",,W",,,,,,,,,,,,,1,",,W",,,,,,,,,,,,,,,,,,,,,,,,,,
USW00014836,"LANSING CAPITAL CITY AIRPORT, MI US",42.77609,-84.59972,261.2,11/6/2023,,,,,42,",,W",29.76,",,W",28.86,",,W",48,",,W",,,,,,,,,,,,,,,0,",,W,2400",,,63,",,W",47,",,W",84,",,W",0,",,W,2400",0,",,W,2400",52,"H,,S",,,62,",,W",45,",,W",,,,,190,",,W",200,",,W",,,,,,,,,32,",,W",45,",,W",,,,,,,,,,,,,,,,,,,,,,,,,,,,,,,,,,,,,,,,,,,,,,
USW00014836,"LANSING CAPITAL CITY AIRPORT, MI US",42.77609,-84.59972,261.2,11/7/2023,,,,,37,",,W",29.96,",,W",28.97,",,W",42,",,W",9.62,",,W",,,,,,,,,,,,,0,",,W,2400",,,72,",,W",61,",,W",85,",,W",0,",,W,2400",0,",,W,2400",50,"H,,S",,,57,",,W",39,",,W",,,,,330,",,W",,,,,,,,,,,16.1,",,W",,,,,,,,,,,,,,,,,,,,,,,,,,,,,,,,,,,,,,,,,,,,,,,,
USW00014836,"LANSING CAPITAL CITY AIRPORT, MI US",42.77609,-84.59972,261.2,11/8/2023,,,,,35,",,W",29.91,",,W",28.99,",,W",38,",,W",,,,,,,,,,,,,,,0.96,",,W,2400",,,86,",,W",73,",,W",97,",,W",0,",,W,2400",0,",,W,2400",39,"H,,S",,,45,",,W",35,",,W",,,,,130,",,W",120,",,W",,,,,,,,,15,",,W",18.1,",,W",,,,,1,",,W",,,1,",,W",,,,,,,,,,,,,,,,,,,,,,,,,,,,,,,,,,,,
USW00014836,"LANSING CAPITAL CITY AIRPORT, MI US",42.77609,-84.59972,261.2,11/9/2023,,,,,32,",,W",29.96,",,W",28.97,",,W",40,",,W",12.75,",,W",,,,,,,,,,,,,0,",,W,2400",,,64,",,W",34,",,W",97,",,W",0,",,W,2400",0,",,W,2400",45,"H,,S",,,53,",,W",38,",,W",,,,,290,",,W",290,",,W",,,,,,,,,30,",,W",36,",,W",,,,,1,",,W",,,,,,,,,,,,,,,,,,,,,,,,,,,,,,,,,,,,,,,,
USW00014836,"LANSING CAPITAL CITY AIRPORT, MI US",42.77609,-84.59972,261.2,11/10/2023,,,,,31,",,W",30.16,",,W",29.17,",,W",36,",,W",7.61,",,W",,,,,,,,,,,,,0,",,W,2400",,,68,",,W",50,",,W",88,",,W",0,",,W,2400",0,",,W,2400",42,"H,,S",,,50,",,W",31,",,W",,,,,300,",,W",300,",,W",,,,,,,,,17,",,W",23.9,",,W",,,,,,,,,,,,,,,,,,,,,,,,,,,,,,,,,,,,,,,,,,,,,,
USW00014836,"LANSING CAPITAL CITY AIRPORT, MI US",42.77609,-84.59972,261.2,11/11/2023,,,,,29,",,W",30.45,",,W",29.46,",,W",34,",,W",3.36,",,W",,,,,,,,,,,,,0,",,W,2400",,,73,",,W",54,",,W",89,",,W",0,",,W,2400",0,",,W,2400",38,"H,,S",,,48,",,W",28,",,W",,,,,160,",,W",,,,,,,,,,,6.9,",,W",,,,,,,,,,,,,,,,,,,,,,,,,,,,,,,,,,,,,,,,,,,,,,,,
USW00014836,"LANSING CAPITAL CITY AIRPORT, MI US",42.77609,-84.59972,261.2,11/12/2023,,,,,30,",,W",30.41,",,W",29.46,",,W",37,",,W",8.95,",,W",,,,,,,,,,,,,0,",,W,2400",,,63,",,W",48,",,W",79,",,W",0,",,W,2400",0,",,W,2400",40,"H,,S",,,52,",,W",30,",,W",,,,,170,",,W",170,",,W",,,,,,,,,16.1,",,W",16.1,",,W",,,,,,,,,,,,,,,,,,,,,,,,,,,,,,,,,,,,,,,,,,,,,,
USW00014836,"LANSING CAPITAL CITY AIRPORT, MI US",42.77609,-84.59972,261.2,11/13/2023,,,,,30,",,W",30.26,",,W",29.29,",,W",40,",,W",12.3,",,W",,,,,,,,,,,,,0,",,W,2400",,,54,",,W",29,",,W",71,",,W",0,",,W,2400",0,",,W,2400",47,"H,,S",,,58,",,W",38,",,W",,,,,290,",,W",,,,,,,,,,,21.9,",,W",,,,,,,,,,,,,,,,,,,,,,,,,,,,,,,,,,,,,,,,,,,,,,,,
USW00014836,"LANSING CAPITAL CITY AIRPORT, MI US",42.77609,-84.59972,261.2,11/14/2023,,,,,28,",,W",30.37,",,W",29.41,",,W",36,",,W",5.14,",,W",,,,,,,,,,,,,0,",,W,2400",,,62,",,W",37,",,W",89,",,W",0,",,W,2400",0,",,W,2400",42,"H,,S",,,56,",,W",26,",,W",,,,,180,",,W",,,,,,,,,,,8.9,",,W",,,,,,,,,,,,,,,,,,,,,,,,,,,,,,,,,,,,,,,,,,,,,,,,
USW00014836,"LANSING CAPITAL CITY AIRPORT, MI US",42.77609,-84.59972,261.2,11/15/2023,,,,,30,",,W",30.19,",,W",29.24,",,W",40,",,W",7.38,",,W",,,,,,,,,,,,,0,",,W,2400",,,51,",,W",33,",,W",79,",,W",0,",,W,2400",0,",,W,2400",48,"H,,S",,,63,",,W",37,",,W",,,,,260,",,W",270,",,W",,,,,,,,,14.1,",,W",16.1,",,W",,,,,,,,,,,,,,,,,,,,,,,,,,,,,,,,,,,,,,,,,,,,,,
USW00014836,"LANSING CAPITAL CITY AIRPORT, MI US",42.77609,-84.59972,261.2,11/16/2023,,,,,37,",,W",30.04,",,W",29.13,",,W",44,",,W",11.41,",,W",,,,,,,,,,,,,0,",,W,2400",,,63,",,W",36,",,W",89,",,W",0,",,W,2400",0,",,W,2400",47,"H,,S",,,66,",,W",31,",,W",,,,,210,",,W",220,",,W",,,,,,,,,19.9,",,W",28,",,W",,,,,1,",,W",,,,,,,,,,,,,,,,,,,,,,,,,,,,,,,,,,,,,,,,
USW00014836,"LANSING CAPITAL CITY AIRPORT, MI US",42.77609,-84.59972,261.2,11/17/2023,,,,,37,",,W",29.88,",,W",28.92,",,W",41,",,W",11.18,",,W",,,,,,,,,,,,,0.01,",,W,2400",,,76,",,W",58,",,W",90,",,W",0,",,W,2400",0,",,W,2400",51,"H,,S",,,59,",,W",30,",,W",,,,,10,",,W",10,",,W",,,,,,,,,21,",,W",25.9,",,W",,,,,1,",,W",,,,,,,,,,,,,,,,,,,,,,,,,,,,,,,,,,,,,,,,
USW00014836,"LANSING CAPITAL CITY AIRPORT, MI US",42.77609,-84.59972,261.2,11/18/2023,,,,,25,",,W",30.01,",,W",29.06,",,W",32,",,W",7.61,",,W",,,,,,,,,,,,,0,",,W,2400",,,66,",,W",41,",,W",92,",,W",0,",,W,2400",0,",,W,2400",35,"H,,S",,,50,",,W",24,",,W",,,,,270,",,W",270,",,W",,,,,,,,,14.1,",,W",19.9,",,W",,,,,,,,,,,,,,,,,,,,,,,,,,,,,,,,,,,,,,,,,,,,,,
USW00014836,"LANSING CAPITAL CITY AIRPORT, MI US",42.77609,-84.59972,261.2,11/19/2023,,,,,50,",,W",29.73,",,W",29.08,",,W",51,",,W",6.26,",,W",,,,,,,,,,,,,0,",,W,2400",,,88,",,W",69,",,W",97,",,W",0,",,W,2400",0,",,W,2400",40,"H,,S",,,49,",,W",29,",,W",,,,,360,",,W",360,",,W",,,,,,,,,8.9,",,W",8.9,",,W",,,,,,,,,,,,,,,,,,,,,,,,,,,,,,,,,,,,,,,,,,,,,,
USW00014836,"LANSING CAPITAL CITY AIRPORT, MI US",42.77609,-84.59972,261.2,11/20/2023,,,,,47,",,W",29.59,",,W",29.32,",,W",49,",,W",,,,,,,,,,,,,,,0,"T,,W,2400",,,91,",,W",70,",,W",96,",,W",0,"T,,W,2400",0,",,W,2400",33,"H,,S",,,42,",,W",26,",,W",,,,,,,,,,,,,,,,,,,,,,,,,,,,,,,,,,,1,",,W",,,,,,,,,,,,,,,,,,,,,,,,,,,,,,
USW00014836,"LANSING CAPITAL CITY AIRPORT, MI US",42.77609,-84.59972,261.2,11/21/2023,,,,,37,",,W",29.87,",,W",28.95,",,W",39,",,W",8.5,",,W",,,,,,,,,,,,,0.92,",,W,2400",,,93,",,W",73,",,W",100,",,W",0,",,W,2400",0,",,W,2400",38,"H,,S",,,45,",,W",35,",,W",,,,,100,",,W",100,",,W",,,,,,,,,13,",,W",17,",,W",,,,,1,",,W",,,,,,,,,,,,,,,,,,,,,,,,,,,,,,,,,,,,,,,,
USW00014836,"LANSING CAPITAL CITY AIRPORT, MI US",42.77609,-84.59972,261.2,11/22/2023,,,,,33,",,W",29.94,",,W",28.98,",,W",36,",,W",8.28,",,W",,,,,,,,,,,,,0,",,W,2400",,,79,",,W",68,",,W",93,",,W",0,",,W,2400",0,",,W,2400",39,"H,,S",,,44,",,W",34,",,W",,,,,220,",,W",340,",,W",,,,,,,,,11,",,W",16.1,",,W",,,,,1,",,W",,,,,,,,,,,,,,,,,,,,,,,,,,,,,,,,,,,,,,,,
USW00014836,"LANSING CAPITAL CITY AIRPORT, MI US",42.77609,-84.59972,261.2,11/23/2023,,,,,28,",,W",30.02,",,W",29.02,",,W",34,",,W",10.74,",,W",,,,,,,,,,,,,0,",,W,2400",,,70,",,W",54,",,W",82,",,W",0,",,W,2400",0,",,W,2400",39,"H,,S",,,48,",,W",27,",,W",,,,,20,",,W",240,",,W",,,,,,,,,14.1,",,W",21,",,W",,,,,,,,,,,,,,,,,,,,,,,,,,,,,,,,,,,,,,,,,,,,,,
USW00014836,"LANSING CAPITAL CITY AIRPORT, MI US",42.77609,-84.59972,261.2,11/24/2023,,,,,15,",,W",30.43,",,W",29.42,",,W",22,",,W",,,,,,,,,,,,,,,0,",,W,2400",,,64,",,W",45,",,W",85,",,W",0,",,W,2400",0,",,W,2400",28,"H,,S",,,32,",,W",20,",,W",,,,,320,",,W",,,,,,,,,,,10.1,",,W",,,,,,,,,,,,,,,,,,,,,,,,,,,,,,,,,,,,,,,,,,,,,,,,
USW00014836,"LANSING CAPITAL CITY AIRPORT, MI US",42.77609,-84.59972,261.2,11/25/2023,,,,,16,",,W",30.35,",,W",29.4,",,W",23,",,W",3.36,",,W",,,,,,,,,,,,,0,",,W,2400",,,66,",,W",47,",,W",85,",,W",0,",,W,2400",0,",,W,2400",25,"H,,S",,,34,",,W",18,",,W",,,,,240,",,W",,,,,,,,,,,8.1,",,W",,,,,,,,,,,,,,,,,,,,,,,,,,,,,,,,,,,,,,,,,,,,,,,,
USW00014836,"LANSING CAPITAL CITY AIRPORT, MI US",42.77609,-84.59972,261.2,11/26/2023,,,,,25,",,W",29.85,",,W",28.83,",,W",28,",,W",4.7,",,W",,,,,,,,,,,,,0.11,",,W,2400",,,83,",,W",67,",,W",92,",,W",1.8,",,W,2400",0,",,W,2400",29,"H,,S",,,34,",,W",23,",,W",,,,,260,",,W",,,,,,,,,,,10.1,",,W",,,,,,,1,",,W",,,,,,,,,,,,,,,,,,,,,,,,,,,,,,,,,,,,,,,,
USW00014836,"LANSING CAPITAL CITY AIRPORT, MI US",42.77609,-84.59972,261.2,11/27/2023,,,,,19,",,W",29.89,",,W",28.9,",,W",24,",,W",12.97,",,W",,,,,,,,,,,,,0,"T,,W,2400",,,77,",,W",66,",,W",85,",,W",0.3,",,W,2400",2,",,W,2400",29,"H,,S",,,33,",,W",20,",,W",,,,,260,",,W",230,",,W",,,,,,,,,23.9,",,W",33.1,",,W",,,,,1,",,W",,,,,,,,,,,,,,,,,,,,,,,,,,,,,,,,,,,,,,,,
USW00014836,"LANSING CAPITAL CITY AIRPORT, MI US",42.77609,-84.59972,261.2,11/28/2023,,,,,13,",,W",30.12,",,W",29.13,",,W",19,",,W",12.53,",,W",,,,,,,,,,,,,0,"T,,W,2400",,,67,",,W",55,",,W",78,",,W",0,"T,,W,2400",2,",,W,2400",22,"H,,S",,,27,",,W",17,",,W",,,,,210,",,W",230,",,W",,,,,,,,,19.9,",,W",28,",,W",,,,,,,,,,,,,,,,,,,,,,,,,,,,,,,,,,,,,,,,,,,,,,
USW00014836,"LANSING CAPITAL CITY AIRPORT, MI US",42.77609,-84.59972,261.2,11/29/2023,,,,,18,",,W",29.93,",,W",28.97,",,W",24,",,W",11.86,",,W",,,,,,,,,,,,,0,",,W,2400",,,70,",,W",62,",,W",82,",,W",0,",,W,2400",1.2,",,W,2400",25,"H,,S",,,34,",,W",18,",,W",,,,,200,",,W",190,",,W",,,,,,,,,18.1,",,W",25.9,",,W",,,,,,,,,,,,,,,,,,,,,,,,,,,,,,,,,,,,,,,,,,,,,,
USW00014836,"LANSING CAPITAL CITY AIRPORT, MI US",42.77609,-84.59972,261.2,11/30/2023,,,,,32,",,W",29.84,",,W",28.89,",,W",37,",,W",11.41,",,W",,,,,,,,,,,,,0,",,W,2400",,,71,",,W",54,",,W",82,",,W",0,",,W,2400",1.2,",,W,2400",37,"H,,S",,,51,",,W",30,",,W",,,,,200,",,W",210,",,W",,,,,,,,,23,",,W",31.1,",,W",,,,,,,,,,,,,,,,,,,,,,,,,,,,,,,,,,,,,,,,,,,,,,
USW00014836,"LANSING CAPITAL CITY AIRPORT, MI US",42.77609,-84.59972,261.2,12/1/2023,,,,,35,",,W",29.91,",,W",28.96,",,W",36,",,W",6.04,",,W",,,,,,,,,,,,,0.52,",,W,2400",,,90,",,W",73,",,W",97,",,W",0,"T,,W,2400",0,",,W,2400",40,"H,,S",,,43,",,W",34,",,W",,,,,60,",,W",70,",,W",,,,,,,,,10.1,",,W",14.1,",,W",,,,,1,",,W",,,,,,,,,,,,,1,",,W",,,,,,,,,,,,,,,,,,,,,,,,,,
USW00014836,"LANSING CAPITAL CITY AIRPORT, MI US",42.77609,-84.59972,261.2,12/2/2023,,,,,33,",,W",30.01,",,W",29.03,",,W",34,",,W",7.16,",,W",,,,,,,,,,,,,0.09,",,W,2400",,,93,",,W",89,",,W",97,",,W",0,"T,,W,2400",0,",,W,2400",35,"H,,S",,,37,",,W",33,",,W",,,,,40,",,W",30,",,W",,,,,,,,,13,",,W",17,",,W",,,,,1,",,W",,,,,,,,,,,,,,,,,,,,,,,,,,,,,,,,,,,,,,,,
USW00014836,"LANSING CAPITAL CITY AIRPORT, MI US",42.77609,-84.59972,261.2,12/3/2023,,,,,35,",,W",29.76,",,W",28.82,",,W",36,",,W",5.82,",,W",,,,,,,,,,,,,0.23,",,W,2400",,,94,",,W",89,",,W",97,",,W",0,",,W,2400",0,",,W,2400",36,"H,,S",,,40,",,W",35,",,W",,,,,280,",,W",280,",,W",,,,,,,,,15,",,W",19,",,W",,,,,1,",,W",,,,,,,,,,,,,,,,,,,,,,,,,,,,,,,,,,,,,,,,
USW00014836,"LANSING CAPITAL CITY AIRPORT, MI US",42.77609,-84.59972,261.2,12/4/2023,,,,,29,",,W",29.94,",,W",28.95,",,W",32,",,W",6.71,",,W",,,,,,,,,,,,,0,"T,,W,2400",,,79,",,W",70,",,W",92,",,W",0,"T,,W,2400",0,",,W,2400",35,"H,,S",,,40,",,W",32,",,W",,,,,290,",,W",290,",,W",,,,,,,,,14.1,",,W",19.9,",,W",,,,,1,",,W",,,,,,,,,,,,,,,,,,,,,,,,,,,,,,,,,,,,,,,,
USW00014836,"LANSING CAPITAL CITY AIRPORT, MI US",42.77609,-84.59972,261.2,12/5/2023,,,,,28,",,W",30.07,",,W",29.1,",,W",32,",,W",3.8,",,W",,,,,,,,,,,,,0.02,",,W,2400",,,80,",,W",67,",,W",92,",,W",0,"T,,W,2400",0,",,W,2400",34,"H,,S",,,38,",,W",30,",,W",,,,,340,",,W",340,",,W",,,,,,,,,10.1,",,W",16.1,",,W",,,,,1,",,W",,,,,,,,,,,,,,,,,,,,,,,,,,,,,,,,,,,,,,,,
USW00014836,"LANSING CAPITAL CITY AIRPORT, MI US",42.77609,-84.59972,261.2,12/6/2023,,,,,27,",,W",30.17,",,W",29.22,",,W",31,",,W",7.38,",,W",,,,,,,,,,,,,0,"T,,W,2400",,,75,",,W",62,",,W",85,",,W",0,"T,,W,2400",0,",,W,2400",33,"H,,S",,,39,",,W",28,",,W",,,,,200,",,W",200,",,W",,,,,,,,,19.9,",,W",27.1,",,W",,,,,,,,,,,,,,,,,,,,,,,,,,,,,,,,,,,,,,,,,,,,,,
USW00014836,"LANSING CAPITAL CITY AIRPORT, MI US",42.77609,-84.59972,261.2,12/7/2023,,,,,31,",,W",29.9,",,W",28.95,",,W",36,",,W",8.05,",,W",,,,,,,,,,,,,0,",,W,2400",,,71,",,W",63,",,W",79,",,W",0,",,W,2400",0,",,W,2400",38,"H,,S",,,47,",,W",34,",,W",,,,,220,",,W",210,",,W",,,,,,,,,18.1,",,W",25.9,",,W",,,,,,,,,,,,,,,,,,,,,,,,,,,,,,,,,,,,,,,,,,,,,,
USW00014836,"LANSING CAPITAL CITY AIRPORT, MI US",42.77609,-84.59972,261.2,12/8/2023,,,,,37,",,W",,,,,42,",,W",10.29,",,W",,,,,,,,,,,,,0,",,W,2400",,,69,",,W",59,",,W",86,",,W",0,",,W,2400",0,",,W,2400",43,"H,,S",,,53,",,W",37,",,W",,,,,210,",,W",200,",,W",,,,,,,,,21.9,",,W",27.1,",,W",,,,,,,,,,,,,,,,,,,,,,,,,,,,,,,,,,,,,,,,,,,,,,
USW00014836,"LANSING CAPITAL CITY AIRPORT, MI US",42.77609,-84.59972,261.2,12/9/2023,,,,,41,",,W",29.76,",,W",28.82,",,W",45,",,W",12.97,",,W",,,,,,,,,,,,,0.05,",,W,2400",,,75,",,W",59,",,W",93,",,W",0,",,W,2400",0,",,W,2400",51,"H,,S",,,59,",,W",39,",,W",,,,,260,",,W",230,",,W",,,,,,,,,30,",,W",40.9,",,W",,,,,1,",,W",,,,,,,,,,,,,,,,,,,,,,,,,,,,,,,,,,,,,,,,
USW00014836,"LANSING CAPITAL CITY AIRPORT, MI US",42.77609,-84.59972,261.2,12/10/2023,,,,,29,",,W",29.92,",,W",28.95,",,W",33,",,W",10.96,",,W",,,,,,,,,,,,,0.02,",,W,2400",,,78,",,W",62,",,W",89,",,W",0,"T,,W,2400",0,",,W,2400",38,"H,,S",,,41,",,W",30,",,W",,,,,250,",,W",240,",,W",,,,,,,,,23.9,",,W",33.1,",,W",,,,,1,",,W",,,,,,,,,,,,,,,,,,,,,,,,,,,,,,,,,,,,,,,,
USW00014836,"LANSING CAPITAL CITY AIRPORT, MI US",42.77609,-84.59972,261.2,12/11/2023,,,,,21,",,W",30.14,",,W",29.15,",,W",27,",,W",10.07,",,W",,,,,,,,,,,,,0,",,W,2400",,,66,",,W",61,",,W",75,",,W",0,",,W,2400",0,",,W,2400",31,"H,,S",,,33,",,W",26,",,W",,,,,220,",,W",230,",,W",,,,,,,,,18.1,",,W",25.1,",,W",,,,,,,,,,,,,,,,,,,,,,,,,,,,,,,,,,,,,,,,,,,,,,
USW00014836,"LANSING CAPITAL CITY AIRPORT, MI US",42.77609,-84.59972,261.2,12/12/2023,,,,,22,",,W",30.26,",,W",29.26,",,W",28,",,W",13.65,",,W",,,,,,,,,,,,,0,",,W,2400",,,67,",,W",51,",,W",79,",,W",0,",,W,2400",0,",,W,2400",32,"H,,S",,,38,",,W",27,",,W",,,,,260,",,W",260,",,W",,,,,,,,,25.1,",,W",36,",,W",,,,,,,,,,,,,,,,,,,,,,,,,,,,,,,,,,,,,,,,,,,,,,
USW00014836,"LANSING CAPITAL CITY AIRPORT, MI US",42.77609,-84.59972,261.2,12/13/2023,,,,,18,",,W",30.62,",,W",29.62,",,W",26,",,W",6.49,",,W",,,,,,,,,,,,,0,",,W,2400",,,63,",,W",46,",,W",78,",,W",0,",,W,2400",0,",,W,2400",29,"H,,S",,,37,",,W",23,",,W",,,,,240,",,W",240,",,W",,,,,,,,,15,",,W",19,",,W",,,,,,,,,,,,,,,,,,,,,,,,,,,,,,,,,,,,,,,,,,,,,,
USW00014836,"LANSING CAPITAL CITY AIRPORT, MI US",42.77609,-84.59972,261.2,12/14/2023,,,,,24,",,W",30.6,",,W",29.63,",,W",33,",,W",9.62,",,W",,,,,,,,,,,,,0,",,W,2400",,,59,",,W",46,",,W",72,",,W",0,",,W,2400",0,",,W,2400",35,"H,,S",,,49,",,W",28,",,W",,,,,250,",,W",260,",,W",,,,,,,,,21,",,W",27.1,",,W",,,,,,,,,,,,,,,,,,,,,,,,,,,,,,,,,,,,,,,,,,,,,,
USW00014836,"LANSING CAPITAL CITY AIRPORT, MI US",42.77609,-84.59972,261.2,12/15/2023,,,,,28,",,W",30.47,",,W",29.51,",,W",36,",,W",5.59,",,W",,,,,,,,,,,,,0,",,W,2400",,,60,",,W",35,",,W",82,",,W",0,",,W,2400",0,",,W,2400",42,"H,,S",,,55,",,W",32,",,W",,,,,240,",,W",260,",,W",,,,,,,,,15,",,W",19.9,",,W",,,,,,,,,,,,,,,,,,,,,,,,,,,,,,,,,,,,,,,,,,,,,,
USW00014836,"LANSING CAPITAL CITY AIRPORT, MI US",42.77609,-84.59972,261.2,12/16/2023,,,,,30,",,W",30.24,",,W",29.32,",,W",38,",,W",8.95,",,W",,,,,,,,,,,,,0.01,",,W,2400",,,58,",,W",48,",,W",74,",,W",0,",,W,2400",0,",,W,2400",43,"H,,S",,,49,",,W",35,",,W",,,,,150,",,W",130,",,W",,,,,,,,,19.9,",,W",29.1,",,W",,,,,,,,,,,,,,,,,,,,,,,,,,,,,,,,,,,,,,,,,,,,,,
USW00014836,"LANSING CAPITAL CITY AIRPORT, MI US",42.77609,-84.59972,261.2,12/17/2023,,,,,39,",,W",29.83,",,W",28.91,",,W",41,",,W",8.72,",,W",,,,,,,,,,,,,0.08,",,W,2400",,,90,",,W",83,",,W",97,",,W",0,",,W,2400",0,",,W,2400",43,"H,,S",,,46,",,W",38,",,W",,,,,260,",,W",260,",,W",,,,,,,,,17,",,W",23,",,W",,,,,1,",,W",,,,,,,,,,,,,,,,,,,,,,,,,,,,,,,,,,,,,,,,
USW00014836,"LANSING CAPITAL CITY AIRPORT, MI US",42.77609,-84.59972,261.2,12/18/2023,,,,,26,",,W",29.71,",,W",28.72,",,W",30,",,W",16.33,",,W",,,,,,,,,,,,,0.13,",,W,2400",,,81,",,W",69,",,W",92,",,W",2.5,",,W,2400",0,",,W,2400",35,"H,,S",,,38,",,W",27,",,W",,,,,310,",,W",300,",,W",,,,,,,,,28,",,W",40,",,W",,,,,1,",,W",,,,,,,,,,,,,1,",,W",,,,,,,,,,,,,,,,,,,,,,,,,,
USW00014836,"LANSING CAPITAL CITY AIRPORT, MI US",42.77609,-84.59972,261.2,12/19/2023,,,,,18,",,W",30.23,",,W",29.23,",,W",25,",,W",11.63,",,W",,,,,,,,,,,,,0,",,W,2400",,,65,",,W",61,",,W",69,",,W",0,",,W,2400",1.2,",,W,2400",28,"H,,S",,,32,",,W",25,",,W",,,,,290,",,W",320,",,W",,,,,,,,,21,",,W",29.1,",,W",,,,,,,,,,,,,,,,,,,,,,,,,,,,,,,,,,,,,,,,,,,,,,
USW00014836,"LANSING CAPITAL CITY AIRPORT, MI US",42.77609,-84.59972,261.2,12/20/2023,,,,,21,",,W",30.38,",,W",29.39,",,W",29,",,W",4.92,",,W",,,,,,,,,,,,,0,",,W,2400",,,61,",,W",48,",,W",78,",,W",0,",,W,2400",0,",,W,2400",32,"H,,S",,,40,",,W",28,",,W",,,,,210,",,W",200,",,W",,,,,,,,,13,",,W",18.1,",,W",,,,,,,,,,,,,,,,,,,,,,,,,,,,,,,,,,,,,,,,,,,,,,
USW00014836,"LANSING CAPITAL CITY AIRPORT, MI US",42.77609,-84.59972,261.2,12/21/2023,,,,,27,",,W",30.42,",,W",29.44,",,W",32,",,W",6.26,",,W",,,,,,,,,,,,,0,",,W,2400",,,77,",,W",65,",,W",85,",,W",0,",,W,2400",0,",,W,2400",32,"H,,S",,,41,",,W",25,",,W",,,,,120,",,W",120,",,W",,,,,,,,,13,",,W",16.1,",,W",,,,,1,",,W",,,,,,,,,,,,,1,",,W",,,,,,,,,,,,,,,,,,,,,,,,,,
USW00014836,"LANSING CAPITAL CITY AIRPORT, MI US",42.77609,-84.59972,261.2,12/22/2023,,,,,33,",,W",30.26,",,W",29.31,",,W",37,",,W",8.05,",,W",,,,,,,,,,,,,0.36,",,W,2400",,,83,",,W",76,",,W",96,",,W",0,",,W,2400",0,",,W,2400",38,"H,,S",,,41,",,W",37,",,W",,,,,130,",,W",130,",,W",,,,,,,,,12.1,",,W",15,",,W",,,,,1,",,W",,,,,,,,,,,,,1,",,W",,,,,,,,,,,,,,,,,,,,,,,,,,
USW00014836,"LANSING CAPITAL CITY AIRPORT, MI US",42.77609,-84.59972,261.2,12/23/2023,,,,,40,",,W",30.18,",,W",29.21,",,W",41,",,W",3.13,",,W",,,,,,,,,,,,,0.2,",,W,2400",,,92,",,W",85,",,W",97,",,W",0,",,W,2400",0,",,W,2400",41,"H,,S",,,46,",,W",39,",,W",,,,,170,",,W",170,",,W",,,,,,,,,8.9,",,W",14.1,",,W",,,,,1,",,W",,,,,,,,,,,,,,,,,,,,,,,,,,,,,,,,,,,,,,,,
USW00014836,"LANSING CAPITAL CITY AIRPORT, MI US",42.77609,-84.59972,261.2,12/24/2023,,,,,45,",,W",30.25,",,W",29.29,",,W",45,",,W",6.71,",,W",,,,,,,,,,,,,0,",,W,2400",,,96,",,W",93,",,W",100,",,W",0,",,W,2400",0,",,W,2400",45,"H,,S",,,48,",,W",43,",,W",,,,,140,",,W",130,",,W",,,,,,,,,13,",,W",16.1,",,W",,,,,1,",,W",1,",,W",,,,,,,,,,,,,,,,,,,,,,,,,,,,,,,,,,,,,,
USW00014836,"LANSING CAPITAL CITY AIRPORT, MI US",42.77609,-84.59972,261.2,12/25/2023,,,,,46,",,W",30.11,",,W",29.18,",,W",48,",,W",10.51,",,W",,,,,,,,,,,,,0.03,",,W,2400",,,87,",,W",77,",,W",97,",,W",0,",,W,2400",0,",,W,2400",49,"H,,S",,,54,",,W",46,",,W",,,,,130,",,W",100,",,W",,,,,,,,,15,",,W",21.9,",,W",,,,,1,",,W",,,,,,,,,,,,,,,,,,,,,,,,,,,,,,,,,,,,,,,,
USW00014836,"LANSING CAPITAL CITY AIRPORT, MI US",42.77609,-84.59972,261.2,12/26/2023,,,,,48,",,W",29.98,",,W",29.03,",,W",49,",,W",6.71,",,W",,,,,,,,,,,,,0.03,",,W,2400",,,93,",,W",83,",,W",97,",,W",0,",,W,2400",0,",,W,2400",51,"H,,S",,,54,",,W",46,",,W",,,,,120,",,W",110,",,W",,,,,,,,,16.1,",,W",23,",,W",,,,,1,",,W",,,,,,,,,,,,,,,,,,,,,,,,,,,,,,,,,,,,,,,,
USW00014836,"LANSING CAPITAL CITY AIRPORT, MI US",42.77609,-84.59972,261.2,12/27/2023,,,,,38,",,W",29.96,",,W",29.02,",,W",40,",,W",8.5,",,W",,,,,,,,,,,,,0,",,W,2400",,,92,",,W",85,",,W",100,",,W",0,",,W,2400",0,",,W,2400",42,"H,,S",,,46,",,W",39,",,W",,,,,300,",,W",300,",,W",,,,,,,,,14.1,",,W",19,",,W",,,,,1,",,W",,,,,,,,,,,,,,,,,,,,,,,,,,,,,,,,,,,,,,,,
USW00014836,"LANSING CAPITAL CITY AIRPORT, MI US",42.77609,-84.59972,261.2,12/28/2023,,,,,40,",,W",29.77,",,W",28.84,",,W",40,",,W",7.16,",,W",,,,,,,,,,,,,0.2,",,W,2400",,,95,",,W",92,",,W",100,",,W",0,",,W,2400",0,",,W,2400",40,"H,,S",,,43,",,W",39,",,W",,,,,30,",,W",350,",,W",,,,,,,,,12.1,",,W",17,",,W",,,,,1,",,W",,,,,,,,,,,,,,,,,,,,,,,,,,,,,,,,,,,,,,,,
USW00014836,"LANSING CAPITAL CITY AIRPORT, MI US",42.77609,-84.59972,261.2,12/29/2023,,,,,38,",,W",29.77,",,W",28.8,",,W",39,",,W",5.59,",,W",,,,,,,,,,,,,0.2,",,W,2400",,,93,",,W",89,",,W",97,",,W",0,",,W,2400",0,",,W,2400",40,"H,,S",,,42,",,W",36,",,W",,,,,350,",,W",320,",,W",,,,,,,,,13,",,W",17,",,W",,,,,1,",,W",,,,,,,,,,,,,,,,,,,,,,,,,,,,,,,,,,,,,,,,
USW00014836,"LANSING CAPITAL CITY AIRPORT, MI US",42.77609,-84.59972,261.2,12/30/2023,,,,,29,",,W",29.84,",,W",28.87,",,W",32,",,W",6.26,",,W",,,,,,,,,,,,,0,",,W,2400",,,84,",,W",73,",,W",96,",,W",0,",,W,2400",0,",,W,2400",34,"H,,S",,,40,",,W",27,",,W",,,,,220,",,W",220,",,W",,,,,,,,,16.1,",,W",21,",,W",,,,,,,,,,,,,,,,,,,,,,,,,,,,,,,,,,,,,,,,,,,,,,
USW00014836,"LANSING CAPITAL CITY AIRPORT, MI US",42.77609,-84.59972,261.2,12/31/2023,,,,,31,",,W",29.91,",,W",28.94,",,W",33,",,W",7.61,",,W",,,,,,,,,,,,,0.03,",,W,2400",,,89,",,W",79,",,W",93,",,W",0,"T,,W,2400",0,",,W,2400",34,"H,,S",,,36,",,W",31,",,W",,,,,360,",,W",340,",,W",,,,,,,,,15,",,W",21,",,W",,,,,1,",,W",,,,,,,,,,,,,,,,,,,,,,,,,,,,,,,,,,,,,,,,
USW00014836,"LANSING CAPITAL CITY AIRPORT, MI US",42.77609,-84.59972,261.2,1/1/2024,,,,,23,",,W",30.22,",,W",29.23,",,W",27,",,W",8.5,",,W",,,,,,,,,,,,,0,"T,,W,2400",,,79,",,W",69,",,W",89,",,W",0,"T,,W,2400",0,",,W,2400",30,"H,,S",,,31,",,W",28,",,W",,,,,270,",,W",10,",,W",,,,,,,,,16.1,",,W",23.9,",,W",,,,,1,",,W",,,,,,,,,,,,,,,,,,,,,,,,,,,,,,,,,,,,,,,,
USW00014836,"LANSING CAPITAL CITY AIRPORT, MI US",42.77609,-84.59972,261.2,1/2/2024,,,,,24,",,W",30.12,",,W",29.16,",,W",29,",,W",13.65,",,W",,,,,,,,,,,,,0,",,W,2400",,,73,",,W",66,",,W",85,",,W",0,",,W,2400",0,",,W,2400",31,"H,,S",,,33,",,W",30,",,W",,,,,250,",,W",240,",,W",,,,,,,,,21.9,",,W",32,",,W",,,,,,,,,,,,,,,,,,,,,,,,,,,,,,,,,,,,,,,,,,,,,,
USW00014836,"LANSING CAPITAL CITY AIRPORT, MI US",42.77609,-84.59972,261.2,1/3/2024,,,,,28,",,W",30.03,",,W",29.05,",,W",30,",,W",8.28,",,W",,,,,,,,,,,,,0.03,",,W,2400",,,87,",,W",63,",,W",96,",,W",0.1,",,W,2400",0,",,W,2400",32,"H,,S",,,34,",,W",28,",,W",,,,,330,",,W",330,",,W",,,,,,,,,16.1,",,W",23,",,W",,,,,1,",,W",,,,,,,,,,,,,,,,,,,,,,,,,,,,,,,,,,,,,,,,
USW00014836,"LANSING CAPITAL CITY AIRPORT, MI US",42.77609,-84.59972,261.2,1/4/2024,,,,,14,",,W",30.31,",,W",29.31,",,W",22,",,W",6.93,",,W",,,,,,,,,,,,,0,",,W,2400",,,62,",,W",56,",,W",69,",,W",0,",,W,2400",0,",,W,2400",27,"H,,S",,,29,",,W",22,",,W",,,,,330,",,W",340,",,W",,,,,,,,,15,",,W",21.9,",,W",,,,,,,,,,,,,,,,,,,,,,,,,,,,,,,,,,,,,,,,,,,,,,
USW00014836,"LANSING CAPITAL CITY AIRPORT, MI US",42.77609,-84.59972,261.2,1/5/2024,,,,,21,",,W",30.23,",,W",29.28,",,W",27,",,W",7.61,",,W",,,,,,,,,,,,,0,",,W,2400",,,71,",,W",63,",,W",76,",,W",0,",,W,2400",0,",,W,2400",29,"H,,S",,,33,",,W",27,",,W",,,,,210,",,W",200,",,W",,,,,,,,,13,",,W",19.9,",,W",,,,,,,,,,,,,,,,,,,,,,,,,,,,,,,,,,,,,,,,,,,,,,
USW00014836,"LANSING CAPITAL CITY AIRPORT, MI US",42.77609,-84.59972,261.2,1/6/2024,,,,,24,",,W",29.85,",,W",28.93,",,W",28,",,W",5.82,",,W",,,,,,,,,,,,,0,"T,,W,2400",,,79,",,W",72,",,W",92,",,W",0,"T,,W,2400",0,",,W,2400",30,"H,,S",,,33,",,W",27,",,W",,,,,100,",,W",100,",,W",,,,,,,,,13,",,W",16.1,",,W",,,,,1,",,W",,,,,,,,,,,,,1,",,W",,,,,,,,,,,,,,,,,,,,,,,,,,
USW00014836,"LANSING CAPITAL CITY AIRPORT, MI US",42.77609,-84.59972,261.2,1/7/2024,,,,,29,",,W",29.89,",,W",28.87,",,W",31,",,W",5.14,",,W",,,,,,,,,,,,,0.04,",,W,2400",,,88,",,W",82,",,W",96,",,W",0.3,",,W,2400",0,",,W,2400",31,"H,,S",,,35,",,W",29,",,W",,,,,250,",,W",250,",,W",,,,,,,,,12.1,",,W",17,",,W",,,,,1,",,W",,,,,,,,,,,,,1,",,W",,,,,,,,,,,,,,,,,,,,,,,,,,
USW00014836,"LANSING CAPITAL CITY AIRPORT, MI US",42.77609,-84.59972,261.2,1/8/2024,,,,,25,",,W",30.28,",,W",29.3,",,W",30,",,W",8.5,",,W",,,,,,,,,,,,,0,",,W,2400",,,76,",,W",67,",,W",85,",,W",0,",,W,2400",0,",,W,2400",33,"H,,S",,,34,",,W",31,",,W",,,,,120,",,W",120,",,W",,,,,,,,,16.1,",,W",21,",,W",,,,,,,,,,,,,,,,,,,1,",,W",,,,,,,,,,,,,,,,,,,,,,,,,,
USW00014836,"LANSING CAPITAL CITY AIRPORT, MI US",42.77609,-84.59972,261.2,1/9/2024,,,,,31,",,W",29.37,",,W",28.52,",,W",32,",,W",9.84,",,W",,,,,,,,,,,,,0.74,",,W,2400",,,93,",,W",78,",,W",97,",,W",0.6,",,W,2400",0,"T,,W,2400",33,"H,,S",,,35,",,W",32,",,W",,,,,90,",,W",90,",,W",,,,,,,,,19.9,",,W",28,",,W",,,,,1,",,W",,,,,,,,,,,,,,,,,,,,,,,,,,,,,,,,,,,,,,,,
USW00014836,"LANSING CAPITAL CITY AIRPORT, MI US",42.77609,-84.59972,261.2,1/10/2024,,,,,27,",,W",29.41,",,W",28.38,",,W",30,",,W",12.53,",,W",,,,,,,,,,,,,0.15,",,W,2400",,,84,",,W",78,",,W",96,",,W",1.9,",,W,2400",2,",,W,2400",32,"H,,S",,,33,",,W",30,",,W",,,,,280,",,W",300,",,W",,,,,,,,,23,",,W",35.1,",,W",,,,,1,",,W",,,,,,,,,,,,,,,,,,,,,,,,,,,,,,,,,,,,,,,,
USW00014836,"LANSING CAPITAL CITY AIRPORT, MI US",42.77609,-84.59972,261.2,1/11/2024,,,,,28,",,W",29.78,",,W",28.79,",,W",31,",,W",7.61,",,W",,,,,,,,,,,,,0.12,",,W,2400",,,86,",,W",72,",,W",92,",,W",2.5,",,W,2400",3.1,",,W,2400",32,"H,,S",,,35,",,W",30,",,W",,,,,220,",,W",240,",,W",,,,,,,,,16.1,",,W",23,",,W",,,,,1,",,W",,,,,,,,,,,,,,,,,,,,,,,,,,,,,,,,,,,,,,,,
USW00014836,"LANSING CAPITAL CITY AIRPORT, MI US",42.77609,-84.59972,261.2,1/12/2024,,,,,28,",,W",29.56,",,W",28.71,",,W",31,",,W",11.63,",,W",,,,,,,,,,,,,0.47,",,W,2400",,,86,",,W",76,",,W",100,",,W",3.9,",,W,2400",2,",,W,2400",32,"H,,S",,,34,",,W",30,",,W",,,,,100,",,W",90,",,W",,,,,,,,,23.9,",,W",32,",,W",,,,,1,",,W",1,",,W",,,,,,,,,,,1,",,W",,,,,,,,,,,,,,,,,,,,,,,,,,
USW00014836,"LANSING CAPITAL CITY AIRPORT, MI US",42.77609,-84.59972,261.2,1/13/2024,,,,,21,",,W",29.36,",,W",28.35,",,W",24,",,W",19.01,",,W",,,,,,,,,,,,,0.06,",,W,2400",,,80,",,W",69,",,W",92,",,W",5.5,",,W,2400",0,",,W,2400",28,"H,,S",,,33,",,W",15,",,W",,,,,270,",,W",200,",,W",,,,,,,,,30,",,W",40.9,",,W",,,,,1,",,W",,,,,,,,,,,,,1,",,W",1,",,W",,,,,,,,,,,,,,,,,,,,,,,,
USW00014836,"LANSING CAPITAL CITY AIRPORT, MI US",42.77609,-84.59972,261.2,1/14/2024,,,,,-1,",,W",29.98,",,W",28.94,",,W",4,",,W",19.24,",,W",,,,,,,,,,,,,0,"T,,W,2400",,,72,",,W",66,",,W",80,",,W",0.9,",,W,2400",0,",I,W,2400",11,"H,,S",,,15,",,W",-4,",,W",,,,,240,",,W",230,",,W",,,,,,,,,29.1,",,W",38.9,",,W",,,,,1,",,W",,,,,,,,,,,,,1,",,W",,,,,,,,,,,,,,,,,,,,,,,,,,
USW00014836,"LANSING CAPITAL CITY AIRPORT, MI US",42.77609,-84.59972,261.2,1/15/2024,,,,,-3,",,W",30.18,",,W",29.18,",,W",2,",,W",12.3,",,W",,,,,,,,,,,,,0,"T,,W,2400",,,73,",,W",69,",,W",76,",,W",0.2,",I,W,2400",3.9,",I,W,2400",1,"H,,S",,,11,",,W",-4,",,W",,,,,200,",,W",200,",,W",,,,,,,,,18.1,",,W",23.9,",,W",,,,,,,,,,,,,,,,,,,1,",,W",,,,,,,,,,,,,,,,,,,,,,,,,,
USW00014836,"LANSING CAPITAL CITY AIRPORT, MI US",42.77609,-84.59972,261.2,1/16/2024,,,,,-1,",,W",30.01,",,W",29.03,",,W",5,",,W",14.99,",,W",,,,,,,,,,,,,0,"T,,W,2400",,,69,",,W",63,",,W",76,",,W",0.1,",,W,2400",3.9,",I,W,2400",7,"H,,S",,,10,",,W",1,",,W",,,,,230,",,W",240,",,W",,,,,,,,,25.1,",,W",34,",,W",,,,,,,,,,,,,,,,,,,1,",,W",,,,,,,,,,,,,,,,,,,,,,,,,,
USW00014836,"LANSING CAPITAL CITY AIRPORT, MI US",42.77609,-84.59972,261.2,1/17/2024,,,,,1,",,W",29.94,",,W",28.94,",,W",9,",,W",16.78,",,W",,,,,,,,,,,,,0,"T,,W,2400",,,66,",,W",58,",,W",73,",,W",0,"T,I,W,2400",5.1,",I,W,2400",7,"H,,S",,,17,",,W",3,",,W",,,,,220,",,W",210,",,W",,,,,,,,,23,",,W",33.1,",,W",,,,,,,,,,,,,,,,,,,1,",,W",,,,,,,,,,,,,,,,,,,,,,,,,,
USW00014836,"LANSING CAPITAL CITY AIRPORT, MI US",42.77609,-84.59972,261.2,1/18/2024,,,,,14,",,W",30.03,",,W",29.04,",,W",18,",,W",6.93,",,W",,,,,,,,,,,,,0.01,",,W,2400",,,76,",,W",65,",,W",85,",,W",0.1,",,W,2400",5.1,",,W,2400",19,"H,,S",,,25,",,W",17,",,W",,,,,230,",,W",240,",,W",,,,,,,,,14.1,",,W",19,",,W",,,,,1,",,W",,,,,,,,,,,,,1,",,W",,,,,,,,,,,,,,,,,,,,,,,,,,
USW00014836,"LANSING CAPITAL CITY AIRPORT, MI US",42.77609,-84.59972,261.2,1/19/2024,,,,,7,",,W",30.14,",,W",29.13,",,W",12,",,W",6.93,",,W",,,,,,,,,,,,,0.09,",,W,2400",,,74,",,W",59,",,W",84,",,W",0.7,",,W,2400",5.9,",,W,2400",17,"H,,S",,,19,",,W",3,",,W",,,,,350,",,W",360,",,W",,,,,,,,,15,",,W",23.9,",,W",,,,,1,",,W",,,,,,,,,,,,,1,",,W",,,,,,,,,,,,,,,,,,,,,,,,,,
USW00014836,"LANSING CAPITAL CITY AIRPORT, MI US",42.77609,-84.59972,261.2,1/20/2024,,,,,6,",,W",30.39,",,W",29.36,",,W",11,",,W",8.5,",,W",,,,,,,,,,,,,0,"T,,W,2400",,,74,",,W",63,",,W",84,",,W",0,"T,,W,2400",3.9,",I,W,2400",10,"H,,S",,,22,",,W",-3,",,W",,,,,320,",,W",350,",,W",,,,,,,,,17,",,W",23,",,W",,,,,,,,,,,,,,,,,,,1,",,W",,,,,,,,,,,,,,,,,,,,,,,,,,
USW00014836,"LANSING CAPITAL CITY AIRPORT, MI US",42.77609,-84.59972,261.2,1/21/2024,,,,,7,",,W",30.55,",,W",29.57,",,W",15,",,W",9.84,",,W",,,,,,,,,,,,,0,"T,,W,2400",,,65,",,W",45,",,W",88,",,W",0,"T,I,W,2400",5.1,",I,W,2400",18,"H,,S",,,23,",,W",12,",,W",,,,,200,",,W",220,",,W",,,,,,,,,17,",,W",23.9,",,W",,,,,1,",,W",,,,,,,,,,,,,,,,,,,,,,,,,,,,,,,,,,,,,,,,
USW00014836,"LANSING CAPITAL CITY AIRPORT, MI US",42.77609,-84.59972,261.2,1/22/2024,,,,,17,",,W",30.32,",,W",29.34,",,W",22,",,W",11.86,",,W",,,,,,,,,,,,,0,"T,,W,2400",,,73,",,W",53,",,W",92,",,W",0,"T,,W,2400",5.1,",,W,2400",21,"H,,S",,,31,",,W",14,",,W",,,,,210,",,W",190,",,W",,,,,,,,,19.9,",,W",27.1,",,W",,,,,1,",,W",,,,,,,,,,,,,1,",,W",,,,,,,,,,,,,,,,,,,,,,,,,,
USW00014836,"LANSING CAPITAL CITY AIRPORT, MI US",42.77609,-84.59972,261.2,1/23/2024,,,,,31,",,W",30.31,",,W",29.35,",,W",32,",,W",5.82,",,W",,,,,,,,,,,,,0.46,",,W,2400",,,94,",,W",88,",,W",100,",,W",0.1,",,W,2400",5.1,",,W,2400",32,"H,,S",,,34,",,W",31,",,W",,,,,110,",,W",130,",,W",,,,,,,,,10.1,",,W",14.1,",,W",,,,,1,",,W",,,,,,,,,1,",,W",,,,,,,,,,,,,,,,,,,,,,,,,,,,,,
USW00014836,"LANSING CAPITAL CITY AIRPORT, MI US",42.77609,-84.59972,261.2,1/24/2024,,,,,34,",,W",30.18,",,W",29.23,",,W",34,",,W",2.68,",,W",,,,,,,,,,,,,0.16,",,W,2400",,,97,",,W",92,",,W",100,",,W",0,",,W,2400",3.9,",,W,2400",34,"H,,S",,,37,",,W",33,",,W",,,,,100,",,W",100,",,W",,,,,,,,,6.9,",,W",8.1,",,W",,,,,1,",,W",1,",,W",,,,,,,,,,,,,1,",,W",,,,,,,,,,,,,,,,,,,,,,,,
USW00014836,"LANSING CAPITAL CITY AIRPORT, MI US",42.77609,-84.59972,261.2,1/25/2024,,,,,33,",,W",30.12,",,W",29.15,",,W",34,",,W",5.37,",,W",,,,,,,,,,,,,0.22,",,W,2400",,,96,",,W",92,",,W",100,",,W",0,",,W,2400",2,",,W,2400",34,"H,,S",,,37,",,W",33,",,W",,,,,20,",,W",30,",,W",,,,,,,,,13,",,W",17,",,W",,,,,1,",,W",1,",,W",,,,,,,,,,,,,,,,,,,,,,,,,,,,,,,,,,,,,,
USW00014836,"LANSING CAPITAL CITY AIRPORT, MI US",42.77609,-84.59972,261.2,1/26/2024,,,,,34,",,W",30.09,",,W",29.1,",,W",35,",,W",6.93,",,W",,,,,,,,,,,,,0.69,",,W,2400",,,95,",,W",92,",,W",100,",,W",0,",,W,2400",1.2,",,W,2400",35,"H,,S",,,38,",,W",33,",,W",,,,,30,",,W",30,",,W",,,,,,,,,15,",,W",21.9,",,W",,,,,1,",,W",1,",,W",,,,,,,,,,,,,,,,,,,,,,,,,,,,,,,,,,,,,,
USW00014836,"LANSING CAPITAL CITY AIRPORT, MI US",42.77609,-84.59972,261.2,1/27/2024,,,,,34,",,W",30.19,",,W",29.24,",,W",35,",,W",3.8,",,W",,,,,,,,,,,,,0,"T,,W,2400",,,92,",,W",86,",,W",100,",,W",0,",,W,2400",0,",,W,2400",35,"H,,S",,,40,",,W",32,",,W",,,,,40,",,W",30,",,W",,,,,,,,,8.9,",,W",13,",,W",,,,,1,",,W",1,",,W",,,,,,,,,,,,,,,,,,,,,,,,,,,,,,,,,,,,,,
USW00014836,"LANSING CAPITAL CITY AIRPORT, MI US",42.77609,-84.59972,261.2,1/28/2024,,,,,31,",,W",30.04,",,W",29.07,",,W",34,",,W",10.07,",,W",,,,,,,,,,,,,0.03,",,W,2400",,,86,",,W",76,",,W",93,",,W",0,",,W,2400",0,",,W,2400",35,"H,,S",,,38,",,W",33,",,W",,,,,360,",,W",360,",,W",,,,,,,,,18.1,",,W",25.9,",,W",,,,,1,",,W",,,,,,,,,,,,,,,,,,,,,,,,,,,,,,,,,,,,,,,,
USW00014836,"LANSING CAPITAL CITY AIRPORT, MI US",42.77609,-84.59972,261.2,1/29/2024,,,,,28,",,W",30.11,",,W",29.15,",,W",30,",,W",9.4,",,W",,,,,,,,,,,,,0,",,W,2400",,,84,",,W",78,",,W",89,",,W",0,",,W,2400",0,",,W,2400",33,"H,,S",,,35,",,W",30,",,W",,,,,190,",,W",170,",,W",,,,,,,,,16.1,",,W",23,",,W",,,,,1,",,W",,,,,,,,,,,,,,,,,,,,,,,,,,,,,,,,,,,,,,,,
USW00014836,"LANSING CAPITAL CITY AIRPORT, MI US",42.77609,-84.59972,261.2,1/30/2024,,,,,31,",,W",29.94,",,W",28.97,",,W",32,",,W",6.49,",,W",,,,,,,,,,,,,0.16,",,W,2400",,,93,",,W",85,",,W",100,",,W",1.2,",,W,2400",1.2,",,W,2400",32,"H,,S",,,34,",,W",31,",,W",,,,,180,",,W",200,",,W",,,,,,,,,16.1,",,W",21.9,",,W",,,,,1,",,W",1,",,W",,,,,,,,,,,,,,,,,,,,,,,,,,,,,,,,,,,,,,
USW00014836,"LANSING CAPITAL CITY AIRPORT, MI US",42.77609,-84.59972,261.2,1/31/2024,,,,,32,",,W",30.06,",,W",29.09,",,W",34,",,W",8.95,",,W",,,,,,,,,,,,,0,",,W,2400",,,86,",,W",73,",,W",100,",,W",0,",,W,2400",0,",,W,2400",35,"H,,S",,,39,",,W",33,",,W",,,,,220,",,W",260,",,W",,,,,,,,,19.9,",,W",27.1,",,W",,,,,1,",,W",1,",,W",,,,,,,,,,,,,,,,,,,,,,,,,,,,,,,,,,,,,,
USW00014836,"LANSING CAPITAL CITY AIRPORT, MI US",42.77609,-84.59972,261.2,2/1/2024,,,,,33,",,W",29.93,",,W",28.97,",,W",36,",,W",8.5,",,W",,,,,,,,,,,,,0,",,W,2400",,,86,",,W",82,",,W",92,",,W",0,",,W,2400",0,",,W,2400",38,"H,,S",,,40,",,W",32,",,W",,,,,240,",,W",250,",,W",,,,,,,,,19.9,",,W",27.1,",,W",,,,,1,",,W",,,,,,,,,,,,,,,,,,,,,,,,,,,,,,,,,,,,,,,,
USW00014836,"LANSING CAPITAL CITY AIRPORT, MI US",42.77609,-84.59972,261.2,2/2/2024,,,,,27,",,W",30.17,",,W",29.18,",,W",30,",,W",8.05,",,W",,,,,,,,,,,,,0.03,",,W,2400",,,82,",,W",70,",,W",92,",,W",0,"T,,W,2400",0,",,W,2400",34,"H,,S",,,37,",,W",24,",,W",,,,,40,",,W",50,",,W",,,,,,,,,16.1,",,W",21.9,",,W",,,,,1,",,W",,,,,,,,,,,,,,,,,,,,,,,,,,,,,,,,,,,,,,,,
USW00014836,"LANSING CAPITAL CITY AIRPORT, MI US",42.77609,-84.59972,261.2,2/3/2024,,,,,24,",,W",30.19,",,W",29.23,",,W",27,",,W",2.68,",,W",,,,,,,,,,,,,0,",,W,2400",,,81,",,W",60,",,W",92,",,W",0,",,W,2400",0,",,W,2400",29,"H,,S",,,39,",,W",24,",,W",,,,,90,",,W",180,",,W",,,,,,,,,8.1,",,W",13,",,W",,,,,,,,,,,,,,,,,,,,,,,,,,,,,,,,,,,,,,,,,,,,,,
USW00014836,"LANSING CAPITAL CITY AIRPORT, MI US",42.77609,-84.59972,261.2,2/4/2024,,,,,22,",,W",30.1,",,W",29.14,",,W",28,",,W",2.01,",,W",,,,,,,,,,,,,0,",,W,2400",,,70,",,W",37,",,W",92,",,W",0,",,W,2400",0,",,W,2400",32,"H,,S",,,49,",,W",20,",,W",,,,,340,",,W",360,",,W",,,,,,,,,8.1,",,W",10.1,",,W",,,,,1,",,W",,,,,,,,,,,,,1,",,W",,,,,,,,,,,,,,,,,,,,,,,,,,
USW00014836,"LANSING CAPITAL CITY AIRPORT, MI US",42.77609,-84.59972,261.2,2/5/2024,,,,,25,",,W",30.15,",,W",29.18,",,W",27,",,W",4.7,",,W",,,,,,,,,,,,,0,",,W,2400",,,90,",,W",81,",,W",96,",,W",0,",,W,2400",0,",,W,2400",28,"H,,S",,,32,",,W",22,",,W",,,,,20,",,W",20,",,W",,,,,,,,,13,",,W",16.1,",,W",,,,,1,",,W",,,,,,,,,,,,,,,,,,,,,,,,,,,,,,,,,,,,,,,,
USW00014836,"LANSING CAPITAL CITY AIRPORT, MI US",42.77609,-84.59972,261.2,2/6/2024,,,,,27,",,W",30.25,",,W",29.27,",,W",31,",,W",4.92,",,W",,,,,,,,,,,,,0,",,W,2400",,,78,",,W",55,",,W",89,",,W",0,",,W,2400",0,",,W,2400",33,"H,,S",,,44,",,W",30,",,W",,,,,170,",,W",50,",,W",,,,,,,,,10.1,",,W",15,",,W",,,,,,,,,,,,,,,,,,,,,,,,,,,,,,,,,,,,,,,,,,,,,,
USW00014836,"LANSING CAPITAL CITY AIRPORT, MI US",42.77609,-84.59972,261.2,2/7/2024,,,,,25,",,W",30.22,",,W",29.26,",,W",33,",,W",5.14,",,W",,,,,,,,,,,,,0,",,W,2400",,,60,",,W",46,",,W",69,",,W",0,",,W,2400",0,",,W,2400",36,"H,,S",,,50,",,W",28,",,W",,,,,210,",,W",160,",,W",,,,,,,,,10.1,",,W",15,",,W",,,,,,,,,,,,,,,,,,,,,,,,,,,,,,,,,,,,,,,,,,,,,,
USW00014836,"LANSING CAPITAL CITY AIRPORT, MI US",42.77609,-84.59972,261.2,2/8/2024,,,,,32,",,W",29.92,",,W",29.01,",,W",42,",,W",13.65,",,W",,,,,,,,,,,,,0,"T,,W,2400",,,53,",,W",41,",,W",69,",,W",0,",,W,2400",0,",,W,2400",47,"H,,S",,,60,",,W",37,",,W",,,,,180,",,W",190,",,W",,,,,,,,,25.1,",,W",38,",,W",,,,,,,,,,,,,,,,,,,,,,,,,,,,,,,,,,,,,,,,,,,,,,
USW00014836,"LANSING CAPITAL CITY AIRPORT, MI US",42.77609,-84.59972,261.2,2/9/2024,,,,,37,",,W",29.75,",,W",28.81,",,W",45,",,W",14.99,",,W",,,,,,,,,,,,,0.11,",,W,2400",,,60,",,W",39,",,W",86,",,W",0,",,W,2400",0,",,W,2400",53,"H,,S",,,60,",,W",41,",,W",,,,,230,",,W",270,",,W",,,,,,,,,30,",,W",42.9,",,W",,,,,,,,,1,",,W",,,,,,,,,,,,,,,,,,,,,,,,,,,,,,,,,,,,
USW00014836,"LANSING CAPITAL CITY AIRPORT, MI US",42.77609,-84.59972,261.2,2/10/2024,,,,,27,",,W",29.92,",,W",28.94,",,W",32,",,W",10.51,",,W",,,,,,,,,,,,,0,",,W,2400",,,73,",,W",67,",,W",85,",,W",0,",,W,2400",0,",,W,2400",39,"H,,S",,,41,",,W",31,",,W",,,,,260,",,W",270,",,W",,,,,,,,,18.1,",,W",27.1,",,W",,,,,,,,,,,,,,,,,,,,,,,,,,,,,,,,,,,,,,,,,,,,,,
USW00014836,"LANSING CAPITAL CITY AIRPORT, MI US",42.77609,-84.59972,261.2,2/11/2024,,,,,22,",,W",30.05,",,W",29.09,",,W",29,",,W",6.04,",,W",,,,,,,,,,,,,0,",,W,2400",,,68,",,W",64,",,W",75,",,W",0,",,W,2400",0,",,W,2400",31,"H,,S",,,35,",,W",30,",,W",,,,,270,",,W",270,",,W",,,,,,,,,14.1,",,W",17,",,W",,,,,,,,,,,,,,,,,,,,,,,,,,,,,,,,,,,,,,,,,,,,,,
USW00014836,"LANSING CAPITAL CITY AIRPORT, MI US",42.77609,-84.59972,261.2,2/12/2024,,,,,21,",,W",29.91,",,W",28.97,",,W",28,",,W",3.13,",,W",,,,,,,,,,,,,0,",,W,2400",,,69,",,W",45,",,W",92,",,W",0,",,W,2400",0,",,W,2400",32,"H,,S",,,42,",,W",21,",,W",,,,,260,",,W",300,",,W",,,,,,,,,12.1,",,W",16.1,",,W",,,,,,,,,,,,,,,,,,,,,,,,,,,,,,,,,,,,,,,,,,,,,,
USW00014836,"LANSING CAPITAL CITY AIRPORT, MI US",42.77609,-84.59972,261.2,2/13/2024,,,,,20,",,W",29.96,",,W",28.97,",,W",27,",,W",6.93,",,W",,,,,,,,,,,,,0,"T,,W,2400",,,67,",,W",48,",,W",85,",,W",0,"T,,W,2400",0,",,W,2400",30,"H,,S",,,37,",,W",24,",,W",,,,,310,",,W",320,",,W",,,,,,,,,16.1,",,W",23,",,W",,,,,1,",,W",,,,,,,,,,,,,1,",,W",,,,,,,,,,,,,,,,,,,,,,,,,,
USW00014836,"LANSING CAPITAL CITY AIRPORT, MI US",42.77609,-84.59972,261.2,2/14/2024,,,,,17,",,W",30.22,",,W",29.25,",,W",27,",,W",3.8,",,W",,,,,,,,,,,,,0,",,W,2400",,,54,",,W",40,",,W",69,",,W",0,",,W,2400",0,",,W,2400",31,"H,,S",,,40,",,W",25,",,W",,,,,310,",,W",320,",,W",,,,,,,,,12.1,",,W",17,",,W",,,,,,,,,,,,,,,,,,,,,,,,,,,,,,,,,,,,,,,,,,,,,,
USW00014836,"LANSING CAPITAL CITY AIRPORT, MI US",42.77609,-84.59972,261.2,2/15/2024,,,,,23,",,W",29.95,",,W",29,",,W",29,",,W",13.42,",,W",,,,,,,,,,,,,0.19,",,W,2400",,,69,",,W",56,",,W",92,",,W",1.9,",,W,2400",0,",,W,2400",33,"H,,S",,,36,",,W",27,",,W",,,,,280,",,W",270,",,W",,,,,,,,,30,",,W",40.9,",,W",,,,,1,",,W",1,",,W",,,,,,,,,,,,,,,,,,,,,,,,,,,,,,,,,,,,,,
USW00014836,"LANSING CAPITAL CITY AIRPORT, MI US",42.77609,-84.59972,261.2,2/16/2024,,,,,15,",,W",30.09,",,W",29.13,",,W",22,",,W",7.16,",,W",,,,,,,,,,,,,0,"T,,W,2400",,,63,",,W",53,",,W",81,",,W",0,"T,,W,2400",0,",,W,2400",27,"H,,S",,,28,",,W",21,",,W",,,,,290,",,W",290,",,W",,,,,,,,,17,",,W",23,",,W",,,,,,,,,,,,,,,,,,,,,,,,,,,,,,,,,,,,,,,,,,,,,,
USW00014836,"LANSING CAPITAL CITY AIRPORT, MI US",42.77609,-84.59972,261.2,2/17/2024,,,,,9,",,W",29.99,",,W",29.03,",,W",17,",,W",15.43,",,W",,,,,,,,,,,,,0,"T,,W,2400",,,63,",,W",50,",,W",81,",,W",0,"T,,W,2400",0,",,W,2400",22,"H,,S",,,23,",,W",18,",,W",,,,,210,",,W",220,",,W",,,,,,,,,25.9,",,W",38.9,",,W",,,,,,,,,,,,,,,,,,,,,,,,,,,,,,,,,,,,,,,,,,,,,,
USW00014836,"LANSING CAPITAL CITY AIRPORT, MI US",42.77609,-84.59972,261.2,2/18/2024,,,,,17,",,W",29.82,",,W",28.82,",,W",24,",,W",14.54,",,W",,,,,,,,,,,,,0,"T,,W,2400",,,66,",,W",56,",,W",75,",,W",0,"T,,W,2400",0,",,W,2400",25,"H,,S",,,36,",,W",20,",,W",,,,,260,",,W",210,",,W",,,,,,,,,25.1,",,W",35.1,",,W",,,,,,,,,,,,,,,,,,,,,,,,,,,,,,,,,,,,,,,,,,,,,,
USW00014836,"LANSING CAPITAL CITY AIRPORT, MI US",42.77609,-84.59972,261.2,2/19/2024,,,,,18,",,W",30.19,",,W",29.2,",,W",25,",,W",3.58,",,W",,,,,,,,,,,,,0,",,W,2400",,,67,",,W",41,",,W",88,",,W",0,",,W,2400",0,",,W,2400",27,"H,,S",,,43,",,W",14,",,W",,,,,150,",,W",160,",,W",,,,,,,,,13,",,W",15,",,W",,,,,,,,,,,,,,,,,,,,,,,,,,,,,,,,,,,,,,,,,,,,,,
USW00014836,"LANSING CAPITAL CITY AIRPORT, MI US",42.77609,-84.59972,261.2,2/20/2024,,,,,24,",,W",30.24,",,W",29.28,",,W",32,",,W",8.28,",,W",,,,,,,,,,,,,0,",,W,2400",,,61,",,W",35,",,W",92,",,W",0,",,W,2400",0,",,W,2400",34,"H,,S",,,51,",,W",21,",,W",,,,,200,",,W",190,",,W",,,,,,,,,16.1,",,W",21.9,",,W",,,,,1,",,W",,,,,,,,,,,,,1,",,W",,,,,,,,,,,,,,,,,,,,,,,,,,
USW00014836,"LANSING CAPITAL CITY AIRPORT, MI US",42.77609,-84.59972,261.2,2/21/2024,,,,,31,",,W",29.97,",,W",29.05,",,W",41,",,W",10.29,",,W",,,,,,,,,,,,,0,",,W,2400",,,52,",,W",38,",,W",71,",,W",0,",,W,2400",0,",,W,2400",46,"H,,S",,,61,",,W",35,",,W",,,,,200,",,W",190,",,W",,,,,,,,,25.1,",,W",36,",,W",,,,,,,,,,,,,,,,,,,,,,,,,,,,,,,,,,,,,,,,,,,,,,
USW00014836,"LANSING CAPITAL CITY AIRPORT, MI US",42.77609,-84.59972,261.2,2/22/2024,,,,,33,",,W",29.72,",,W",28.79,",,W",38,",,W",2.01,",,W",,,,,,,,,,,,,0,",,W,2400",,,70,",,W",45,",,W",89,",,W",0,",,W,2400",0,",,W,2400",45,"H,,S",,,54,",,W",31,",,W",,,,,330,",,W",110,",,W",,,,,,,,,6.9,",,W",11,",,W",,,,,1,",,W",,,,,,,,,,,,,1,",,W",,,,,,,,,,,,,,,,,,,,,,,,,,
USW00014836,"LANSING CAPITAL CITY AIRPORT, MI US",42.77609,-84.59972,261.2,2/23/2024,,,,,25,",,W",29.68,",,W",28.7,",,W",31,",,W",9.17,",,W",,,,,,,,,,,,,0,"T,,W,2400",,,64,",,W",54,",,W",81,",,W",0,"T,,W,2400",0,",,W,2400",39,"H,,S",,,47,",,W",21,",,W",,,,,40,",,W",330,",,W",,,,,,,,,18.1,",,W",25.9,",,W",,,,,,,,,,,,,,,,,,,1,",,W",,,,,,,,,,,,,,,,,,,,,,,,,,
USW00014836,"LANSING CAPITAL CITY AIRPORT, MI US",42.77609,-84.59972,261.2,2/24/2024,,,,,8,",,W",30.03,",,W",29.03,",,W",19,",,W",8.28,",,W",,,,,,,,,,,,,0,",,W,2400",,,53,",,W",40,",,W",67,",,W",0,",,W,2400",0,",,W,2400",23,"H,,S",,,32,",,W",14,",,W",,,,,40,",,W",50,",,W",,,,,,,,,19.9,",,W",25.1,",,W",,,,,,,,,,,,,,,,,,,,,,,,,,,,,,,,,,,,,,,,,,,,,,
USW00014836,"LANSING CAPITAL CITY AIRPORT, MI US",42.77609,-84.59972,261.2,2/25/2024,,,,,23,",,W",29.84,",,W",28.9,",,W",32,",,W",11.86,",,W",,,,,,,,,,,,,0,",,W,2400",,,59,",,W",41,",,W",76,",,W",0,",,W,2400",0,",,W,2400",34,"H,,S",,,52,",,W",26,",,W",,,,,210,",,W",200,",,W",,,,,,,,,23.9,",,W",32,",,W",,,,,,,,,,,,,,,,,,,,,,,,,,,,,,,,,,,,,,,,,,,,,,
USW00014836,"LANSING CAPITAL CITY AIRPORT, MI US",42.77609,-84.59972,261.2,2/26/2024,,,,,32,",,W",29.81,",,W",28.89,",,W",39,",,W",9.84,",,W",,,,,,,,,,,,,0,",,W,2400",,,64,",,W",42,",,W",85,",,W",0,",,W,2400",0,",,W,2400",42,"H,,S",,,58,",,W",29,",,W",,,,,170,",,W",150,",,W",,,,,,,,,19.9,",,W",25.9,",,W",,,,,1,",,W",,,,,,,,,,,,,,,,,,,,,,,,,,,,,,,,,,,,,,,,
USW00014836,"LANSING CAPITAL CITY AIRPORT, MI US",42.77609,-84.59972,261.2,2/27/2024,,,,,49,",,W",29.42,",,W",28.53,",,W",55,",,W",14.09,",,W",,,,,,,,,,,,,0.41,",,W,2400",,,66,",,W",50,",,W",90,",,W",0,",,W,2400",0,",,W,2400",58,"H,,S",,,73,",,W",48,",,W",,,,,210,",,W",210,",,W",,,,,,,,,23,",,W",32,",,W",,,,,1,",,W",,,1,",,W",,,,,,,,,,,,,,,,,,,,,,,,,,,,,,,,,,,,
USW00014836,"LANSING CAPITAL CITY AIRPORT, MI US",42.77609,-84.59972,261.2,2/28/2024,,,,,24,",,W",29.72,",,W",28.68,",,W",29,",,W",16.11,",,W",,,,,,,,,,,,,0.19,",,W,2400",,,72,",,W",55,",,W",97,",,W",0,"T,,W,2400",0,"T,,W,2400",42,"H,,S",,,59,",,W",20,",,W",,,,,280,",,W",290,",,W",,,,,,,,,32,",,W",42.9,",,W",,,,,1,",,W",,,1,",,W",,,,,,,,,,,,,,,,,,,,,,,,,,,,,,,,,,,,
USW00014836,"LANSING CAPITAL CITY AIRPORT, MI US",42.77609,-84.59972,261.2,2/29/2024,,,,,11,",,W",30.4,",,W",29.4,",,W",22,",,W",10.07,",,W",,,,,,,,,,,,,0,",,W,2400",,,50,",,W",40,",,W",68,",,W",0,",,W,2400",0,",,W,2400",24,"H,,S",,,36,",,W",18,",,W",,,,,280,",,W",270,",,W",,,,,,,,,21,",,W",27.1,",,W",,,,,,,,,,,,,,,,,,,,,,,,,,,,,,,,,,,,,,,,,,,,,,
USW00014836,"LANSING CAPITAL CITY AIRPORT, MI US",42.77609,-84.59972,261.2,3/1/2024,,,,,19,",,W",30.25,",,W",29.3,",,W",31,",,W",9.17,",,W",,,,,,,,,,,,,0,",,W,2400",,,48,",,W",29,",,W",66,",,W",0,",,W,2400",0,",,W,2400",35,"H,,S",,,50,",,W",26,",,W",,,,,180,",,W",160,",,W",,,,,,,,,18.1,",,W",25.1,",,W",,,,,,,,,,,,,,,,,,,,,,,,,,,,,,,,,,,,,,,,,,,,,,
USW00014836,"LANSING CAPITAL CITY AIRPORT, MI US",42.77609,-84.59972,261.2,3/2/2024,,,,,35,",,W",30.11,",,W",29.15,",,W",40,",,W",6.71,",,W",,,,,,,,,,,,,0,",,W,2400",,,69,",,W",53,",,W",82,",,W",0,",,W,2400",0,",,W,2400",44,"H,,S",,,54,",,W",39,",,W",,,,,200,",,W",200,",,W",,,,,,,,,16.1,",,W",21,",,W",,,,,,,,,,,,,,,,,,,,,,,,,,,,,,,,,,,,,,,,,,,,,,
USW00014836,"LANSING CAPITAL CITY AIRPORT, MI US",42.77609,-84.59972,261.2,3/3/2024,,,,,41,",,W",30.04,",,W",29.1,",,W",46,",,W",13.42,",,W",,,,,,,,,,,,,0,",,W,2400",,,71,",,W",48,",,W",93,",,W",0,",,W,2400",0,",,W,2400",49,"H,,S",,,63,",,W",38,",,W",,,,,150,",,W",130,",,W",,,,,,,,,23,",,W",31.1,",,W",,,,,1,",,W",,,,,,,,,,,,,,,,,,,,,,,,,,,,,,,,,,,,,,,,
USW00014836,"LANSING CAPITAL CITY AIRPORT, MI US",42.77609,-84.59972,261.2,3/4/2024,,,,,50,",,W",29.95,",,W",29.03,",,W",54,",,W",11.41,",,W",,,,,,,,,,,,,0,",,W,2400",,,76,",,W",57,",,W",89,",,W",0,",,W,2400",0,",,W,2400",55,"H,,S",,,69,",,W",45,",,W",,,,,190,",,W",190,",,W",,,,,,,,,23,",,W",34,",,W",,,,,,,,,,,,,,,,,,,,,,,,,,,,,,,,,,,,,,,,,,,,,,
USW00014836,"LANSING CAPITAL CITY AIRPORT, MI US",42.77609,-84.59972,261.2,3/5/2024,,,,,45,",,W",29.95,",,W",28.99,",,W",46,",,W",10.07,",,W",,,,,,,,,,,,,0.45,",,W,2400",,,88,",,W",72,",,W",96,",,W",0,",,W,2400",0,",,W,2400",54,"H,,S",,,63,",,W",39,",,W",,,,,50,",,W",180,",,W",,,,,,,,,17,",,W",23.9,",,W",,,,,1,",,W",,,1,",,W",,,,,,,,,,,,,,,,,,,,,,,,,,,,,,,,,,,,
USW00014836,"LANSING CAPITAL CITY AIRPORT, MI US",42.77609,-84.59972,261.2,3/6/2024,,,,,31,",,W",30.1,",,W",29.13,",,W",36,",,W",12.08,",,W",,,,,,,,,,,,,0,",,W,2400",,,74,",,W",47,",,W",89,",,W",0,",,W,2400",0,",,W,2400",40,"H,,S",,,48,",,W",33,",,W",,,,,20,",,W",40,",,W",,,,,,,,,23,",,W",29.1,",,W",,,,,,,,,,,,,,,,,,,,,,,,,,,,,,,,,,,,,,,,,,,,,,
USW00014836,"LANSING CAPITAL CITY AIRPORT, MI US",42.77609,-84.59972,261.2,3/7/2024,,,,,31,",,W",30.14,",,W",29.18,",,W",37,",,W",6.26,",,W",,,,,,,,,,,,,0,",,W,2400",,,69,",,W",59,",,W",82,",,W",0,",,W,2400",0,",,W,2400",39,"H,,S",,,52,",,W",30,",,W",,,,,130,",,W",90,",,W",,,,,,,,,12.1,",,W",16.1,",,W",,,,,,,,,,,,,,,,,,,,,,,,,,,,,,,,,,,,,,,,,,,,,,
USW00014836,"LANSING CAPITAL CITY AIRPORT, MI US",42.77609,-84.59972,261.2,3/8/2024,,,,,41,",,W",29.96,",,W",29.05,",,W",43,",,W",8.72,",,W",,,,,,,,,,,,,0.65,",,W,2400",,,90,",,W",76,",,W",100,",,W",0,",,W,2400",0,",,W,2400",42,"H,,S",,,50,",,W",39,",,W",,,,,130,",,W",130,",,W",,,,,,,,,15,",,W",19,",,W",,,,,1,",,W",,,,,,,,,,,,,,,,,,,,,,,,,,,,,,,,,,,,,,,,
USW00014836,"LANSING CAPITAL CITY AIRPORT, MI US",42.77609,-84.59972,261.2,3/9/2024,,,,,34,",,W",29.72,",,W",28.77,",,W",37,",,W",12.75,",,W",,,,,,,,,,,,,0.08,",,W,2400",,,82,",,W",69,",,W",100,",,W",0,"T,,W,2400",0,",,W,2400",43,"H,,S",,,53,",,W",31,",,W",,,,,310,",,W",310,",,W",,,,,,,,,19.9,",,W",30,",,W",,,,,1,",,W",,,,,,,,,,,,,,,,,,,,,,,,,,,,,,,,,,,,,,,,
USW00014836,"LANSING CAPITAL CITY AIRPORT, MI US",42.77609,-84.59972,261.2,3/10/2024,,,,,21,",,W",29.94,",,W",28.95,",,W",28,",,W",14.54,",,W",,,,,,,,,,,,,0.03,",,W,2400",,,66,",,W",50,",,W",88,",,W",0.3,",,W,2400",0,"T,,W,2400",32,"H,,S",,,39,",,W",28,",,W",,,,,290,",,W",300,",,W",,,,,,,,,25.9,",,W",36.9,",,W",,,,,1,",,W",,,,,,,,,,,,,,,,,,,,,,,,,,,,,,,,,,,,,,,,
USW00014836,"LANSING CAPITAL CITY AIRPORT, MI US",42.77609,-84.59972,261.2,3/11/2024,,,,,27,",,W",30.03,",,W",29.08,",,W",36,",,W",10.29,",,W",,,,,,,,,,,,,0,",,W,2400",,,55,",,W",37,",,W",78,",,W",0,",,W,2400",0,",,W,2400",38,"H,,S",,,57,",,W",27,",,W",,,,,210,",,W",210,",,W",,,,,,,,,25.1,",,W",34,",,W",,,,,,,,,,,,,,,,,,,,,,,,,,,,,,,,,,,,,,,,,,,,,,
USW00014836,"LANSING CAPITAL CITY AIRPORT, MI US",42.77609,-84.59972,261.2,3/12/2024,,,,,37,",,W",29.82,",,W",28.9,",,W",47,",,W",12.75,",,W",,,,,,,,,,,,,0,",,W,2400",,,49,",,W",32,",,W",71,",,W",0,",,W,2400",0,",,W,2400",54,"H,,S",,,69,",,W",43,",,W",,,,,220,",,W",230,",,W",,,,,,,,,25.1,",,W",36,",,W",,,,,,,,,,,,,,,,,,,,,,,,,,,,,,,,,,,,,,,,,,,,,,
USW00014836,"LANSING CAPITAL CITY AIRPORT, MI US",42.77609,-84.59972,261.2,3/13/2024,,,,,34,",,W",29.87,",,W",28.92,",,W",47,",,W",5.37,",,W",,,,,,,,,,,,,0,"T,,W,2400",,,45,",,W",21,",,W",83,",,W",0,",,W,2400",0,",,W,2400",58,"H,,S",,,69,",,W",44,",,W",,,,,220,",,W",210,",,W",,,,,,,,,14.1,",,W",21,",,W",,,,,,,,,,,,,,,,,,,,,,,,,,,,,,,,,,,,,,,,,,,,,,
USW00014836,"LANSING CAPITAL CITY AIRPORT, MI US",42.77609,-84.59972,261.2,3/14/2024,,,,,41,",,W",29.9,",,W",28.95,",,W",45,",,W",9.4,",,W",,,,,,,,,,,,,0.36,",,W,2400",,,81,",,W",51,",,W",97,",,W",0,",,W,2400",0,",,W,2400",51,"H,,S",,,55,",,W",42,",,W",,,,,30,",,W",20,",,W",,,,,,,,,21.9,",,W",31.1,",,W",,,,,1,",,W",,,,,,,,,,,,,,,,,,,,,,,,,,,,,,,,,,,,,,,,
USW00014836,"LANSING CAPITAL CITY AIRPORT, MI US",42.77609,-84.59972,261.2,3/15/2024,,,,,33,",,W",30.03,",,W",29.07,",,W",39,",,W",7.61,",,W",,,,,,,,,,,,,0,",,W,2400",,,69,",,W",37,",,W",92,",,W",0,",,W,2400",0,",,W,2400",43,"H,,S",,,54,",,W",34,",,W",,,,,290,",,W",290,",,W",,,,,,,,,17,",,W",25.1,",,W",,,,,,,,,,,,,,,,,,,,,,,,,,,,,,,,,,,,,,,,,,,,,,
USW00014836,"LANSING CAPITAL CITY AIRPORT, MI US",42.77609,-84.59972,261.2,3/16/2024,,,,,31,",,W",29.72,",,W",28.8,",,W",38,",,W",14.32,",,W",,,,,,,,,,,,,0,"T,,W,2400",,,61,",,W",47,",,W",75,",,W",0,",,W,2400",0,",,W,2400",43,"H,,S",,,56,",,W",31,",,W",,,,,260,",,W",240,",,W",,,,,,,,,29.1,",,W",42.1,",,W",,,,,,,,,,,,,,,,,,,,,,,,,,,,,,,,,,,,,,,,,,,,,,
USW00014836,"LANSING CAPITAL CITY AIRPORT, MI US",42.77609,-84.59972,261.2,3/17/2024,,,,,22,",,W",29.78,",,W",28.8,",,W",29,",,W",11.41,",,W",,,,,,,,,,,,,0,"T,,W,2400",,,65,",,W",54,",,W",73,",,W",0,"T,,W,2400",0,",,W,2400",35,"H,,S",,,37,",,W",28,",,W",,,,,260,",,W",250,",,W",,,,,,,,,23.9,",,W",30,",,W",,,,,,,,,,,,,,,,,,,1,",,W",,,,,,,,,,,,,,,,,,,,,,,,,,
USW00014836,"LANSING CAPITAL CITY AIRPORT, MI US",42.77609,-84.59972,261.2,3/18/2024,,,,,19,",,W",29.98,",,W",29,",,W",26,",,W",11.86,",,W",,,,,,,,,,,,,0,"T,,W,2400",,,65,",,W",50,",,W",78,",,W",0,"T,,W,2400",0,",,W,2400",29,"H,,S",,,37,",,W",24,",,W",,,,,300,",,W",300,",,W",,,,,,,,,18.1,",,W",25.1,",,W",,,,,,,,,,,,,,,,,,,1,",,W",,,,,,,,,,,,,,,,,,,,,,,,,,
USW00014836,"LANSING CAPITAL CITY AIRPORT, MI US",42.77609,-84.59972,261.2,3/19/2024,,,,,20,",,W",29.78,",,W",28.83,",,W",30,",,W",12.3,",,W",,,,,,,,,,,,,0,",,W,2400",,,55,",,W",43,",,W",66,",,W",0,",,W,2400",0,",,W,2400",33,"H,,S",,,43,",,W",29,",,W",,,,,250,",,W",250,",,W",,,,,,,,,30,",,W",40,",,W",,,,,,,,,,,,,,,,,,,,,,,,,,,,,,,,,,,,,,,,,,,,,,
USW00014836,"LANSING CAPITAL CITY AIRPORT, MI US",42.77609,-84.59972,261.2,3/20/2024,,,,,14,",,W",29.95,",,W",28.92,",,W",24,",,W",12.3,",,W",,,,,,,,,,,,,0.02,",,W,2400",,,54,",,W",36,",,W",85,",,W",0.6,",,W,2400",0,",,W,2400",33,"H,,S",,,36,",,W",20,",,W",,,,,300,",,W",300,",,W",,,,,,,,,23.9,",,W",36,",,W",,,,,1,",,W",,,,,,,,,,,,,,,,,,,,,,,,,,,,,,,,,,,,,,,,
USW00014836,"LANSING CAPITAL CITY AIRPORT, MI US",42.77609,-84.59972,261.2,3/21/2024,,,,,10,",,W",30.31,",,W",29.33,",,W",21,",,W",5.37,",,W",,,,,,,,,,,,,0,",,W,2400",,,51,",,W",35,",,W",68,",,W",0,",,W,2400",0,",,W,2400",25,"H,,S",,,36,",,W",16,",,W",,,,,280,",,W",310,",,W",,,,,,,,,16.1,",,W",25.1,",,W",,,,,,,,,,,,,,,,,,,,,,,,,,,,,,,,,,,,,,,,,,,,,,
USW00014836,"LANSING CAPITAL CITY AIRPORT, MI US",42.77609,-84.59972,261.2,3/22/2024,,,,,22,",,W",30.2,",,W",29.24,",,W",26,",,W",6.71,",,W",,,,,,,,,,,,,0.38,",,W,2400",,,82,",,W",51,",,W",92,",,W",5,",,W,2400",2,",,W,2400",27,"H,,S",,,29,",,W",24,",,W",,,,,140,",,W",130,",,W",,,,,,,,,16.1,",,W",21.9,",,W",,,,,1,",,W",1,",,W",,,,,,,,,,,1,",,W",,,,,,,,,,,,,,,,,,,,,,,,,,
USW00014836,"LANSING CAPITAL CITY AIRPORT, MI US",42.77609,-84.59972,261.2,3/23/2024,,,,,17,",,W",30.27,",,W",29.28,",,W",24,",,W",4.92,",,W",,,,,,,,,,,,,0,",,W,2400",,,64,",,W",40,",,W",92,",,W",0,",,W,2400",5.1,",,W,2400",28,"H,,S",,,34,",,W",23,",,W",,,,,340,",,W",350,",,W",,,,,,,,,15,",,W",23,",,W",,,,,1,",,W",,,,,,,,,,,,,,,,,,,,,,,,,,,,,,,,,,,,,,,,
USW00014836,"LANSING CAPITAL CITY AIRPORT, MI US",42.77609,-84.59972,261.2,3/24/2024,,,,,17,",,W",30.25,",,W",29.28,",,W",26,",,W",10.07,",,W",,,,,,,,,,,,,0,",,W,2400",,,59,",,W",48,",,W",71,",,W",0,",,W,2400",1.2,",,W,2400",29,"H,,S",,,39,",,W",18,",,W",,,,,110,",,W",100,",,W",,,,,,,,,21.9,",,W",28,",,W",,,,,,,,,,,,,,,,,,,,,,,,,,,,,,,,,,,,,,,,,,,,,,
USW00014836,"LANSING CAPITAL CITY AIRPORT, MI US",42.77609,-84.59972,261.2,3/25/2024,,,,,29,",,W",29.92,",,W",29,",,W",40,",,W",14.32,",,W",,,,,,,,,,,,,0,",,W,2400",,,45,",,W",27,",,W",64,",,W",0,",,W,2400",0,",,W,2400",43,"H,,S",,,65,",,W",32,",,W",,,,,140,",,W",130,",,W",,,,,,,,,21,",,W",30,",,W",,,,,,,,,,,,,,,,,,,,,,,,,,,,,,,,,,,,,,,,,,,,,,
USW00014836,"LANSING CAPITAL CITY AIRPORT, MI US",42.77609,-84.59972,261.2,3/26/2024,,,,,39,",,W",29.62,",,W",28.69,",,W",45,",,W",18.12,",,W",,,,,,,,,,,,,0.39,",,W,2400",,,70,",,W",27,",,W",89,",,W",0,",,W,2400",0,",,W,2400",54,"H,,S",,,60,",,W",41,",,W",,,,,150,",,W",130,",,W",,,,,,,,,31.1,",,W",46.1,",,W",,,,,1,",,W",,,,,,,,,,,,,,,,,,,,,,,,,,,,,,,,,,,,,,,,
USW00014836,"LANSING CAPITAL CITY AIRPORT, MI US",42.77609,-84.59972,261.2,3/27/2024,,,,,24,",,W",29.99,",,W",29,",,W",29,",,W",14.54,",,W",,,,,,,,,,,,,0,",,W,2400",,,69,",,W",58,",,W",78,",,W",0,",,W,2400",0,",,W,2400",36,"H,,S",,,41,",,W",26,",,W",,,,,240,",,W",250,",,W",,,,,,,,,25.1,",,W",34,",,W",,,,,,,,,,,,,,,,,,,,,,,,,,,,,,,,,,,,,,,,,,,,,,
USW00014836,"LANSING CAPITAL CITY AIRPORT, MI US",42.77609,-84.59972,261.2,3/28/2024,,,,,20,",,W",30.09,",,W",29.12,",,W",30,",,W",10.74,",,W",,,,,,,,,,,,,0,",,W,2400",,,56,",,W",31,",,W",78,",,W",0,",,W,2400",0,",,W,2400",35,"H,,S",,,45,",,W",26,",,W",,,,,250,",,W",250,",,W",,,,,,,,,28,",,W",33.1,",,W",,,,,,,,,,,,,,,,,,,,,,,,,,,,,,,,,,,,,,,,,,,,,,
USW00014836,"LANSING CAPITAL CITY AIRPORT, MI US",42.77609,-84.59972,261.2,3/29/2024,,,,,23,",,W",30.05,",,W",29.09,",,W",32,",,W",3.36,",,W",,,,,,,,,,,,,0,",,W,2400",,,58,",,W",35,",,W",85,",,W",0,",,W,2400",0,",,W,2400",37,"H,,S",,,52,",,W",24,",,W",,,,,260,",,W",320,",,W",,,,,,,,,15,",,W",18.1,",,W",,,,,,,,,,,,,,,,,,,,,,,,,,,,,,,,,,,,,,,,,,,,,,
USW00014836,"LANSING CAPITAL CITY AIRPORT, MI US",42.77609,-84.59972,261.2,3/30/2024,,,,,34,",,W",29.86,",,W",28.9,",,W",38,",,W",5.37,",,W",,,,,,,,,,,,,0.09,",,W,2400",,,82,",,W",55,",,W",97,",,W",0,",,W,2400",0,",,W,2400",40,"H,,S",,,44,",,W",30,",,W",,,,,340,",,W",330,",,W",,,,,,,,,10.1,",,W",15,",,W",,,,,1,",,W",,,,,,,,,,,,,,,,,,,,,,,,,,,,,,,,,,,,,,,,
USW00014836,"LANSING CAPITAL CITY AIRPORT, MI US",42.77609,-84.59972,261.2,3/31/2024,,,,,35,",,W",29.99,",,W",29.03,",,W",38,",,W",4.7,",,W",,,,,,,,,,,,,0,",,W,2400",,,82,",,W",71,",,W",97,",,W",0,",,W,2400",0,",,W,2400",39,"H,,S",,,45,",,W",36,",,W",,,,,60,",,W",40,",,W",,,,,,,,,8.9,",,W",13,",,W",,,,,1,",,W",,,,,,,,,,,,,,,,,,,,,,,,,,,,,,,,,,,,,,,,
USW00014836,"LANSING CAPITAL CITY AIRPORT, MI US",42.77609,-84.59972,261.2,4/1/2024,,,,,34,",,W",29.94,",,W",28.99,",,W",39,",,W",10.07,",,W",,,,,,,,,,,,,0.25,",,W,2400",,,72,",,W",47,",,W",93,",,W",0,",,W,2400",0,",,W,2400",44,"H,,S",,,54,",,W",36,",,W",,,,,40,",,W",40,",,W",,,,,,,,,21,",,W",28,",,W",,,,,1,",,W",,,,,,,,,,,,,,,,,,,,,,,,,,,,,,,,,,,,,,,,
USW00014836,"LANSING CAPITAL CITY AIRPORT, MI US",42.77609,-84.59972,261.2,4/2/2024,,,,,40,",,W",29.53,",,W",28.63,",,W",41,",,W",12.3,",,W",,,,,,,,,,,,,0.28,",,W,2400",,,93,",,W",82,",,W",97,",,W",0,",,W,2400",0,",,W,2400",40,"H,,S",,,48,",,W",37,",,W",,,,,100,",,W",230,",,W",,,,,,,,,23,",,W",32,",,W",,,,,1,",,W",,,,,,,,,,,,,,,,,,,,,,,,,,,,,,,,,,,,,,,,
USW00014836,"LANSING CAPITAL CITY AIRPORT, MI US",42.77609,-84.59972,261.2,4/3/2024,,,,,32,",,W",29.3,",,W",28.35,",,W",36,",,W",10.51,",,W",,,,,,,,,,,,,0.03,",,W,2400",,,78,",,W",58,",,W",93,",,W",0,",,W,2400",0,",,W,2400",40,"H,,S",,,46,",,W",34,",,W",,,,,190,",,W",160,",,W",,,,,,,,,21,",,W",30,",,W",,,,,1,",,W",,,,,,,,,,,,,,,,,,,,,,,,,,,,,,,,,,,,,,,,
USW00014836,"LANSING CAPITAL CITY AIRPORT, MI US",42.77609,-84.59972,261.2,4/4/2024,,,,,33,",,W",29.59,",,W",28.59,",,W",36,",,W",7.61,",,W",,,,,,,,,,,,,0,"T,,W,2400",,,81,",,W",68,",,W",93,",,W",0,",,W,2400",0,",,W,2400",38,"H,,S",,,44,",,W",34,",,W",,,,,10,",,W",20,",,W",,,,,,,,,15,",,W",21,",,W",,,,,,,,,,,,,,,,,,,,,,,,,,,,,,,,,,,,,,,,,,,,,,
USW00014836,"LANSING CAPITAL CITY AIRPORT, MI US",42.77609,-84.59972,261.2,4/5/2024,,,,,25,",,W",30.04,",,W",29.05,",,W",35,",,W",9.4,",,W",,,,,,,,,,,,,0,",,W,2400",,,56,",,W",35,",,W",85,",,W",0,",,W,2400",0,",,W,2400",39,"H,,S",,,49,",,W",32,",,W",,,,,350,",,W",340,",,W",,,,,,,,,18.1,",,W",27.1,",,W",,,,,,,,,,,,,,,,,,,,,,,,,,,,,,,,,,,,,,,,,,,,,,
USW00014836,"LANSING CAPITAL CITY AIRPORT, MI US",42.77609,-84.59972,261.2,4/6/2024,,,,,27,",,W",30.19,",,W",29.23,",,W",37,",,W",4.92,",,W",,,,,,,,,,,,,0,",,W,2400",,,52,",,W",33,",,W",72,",,W",0,",,W,2400",0,",,W,2400",44,"H,,S",,,57,",,W",31,",,W",,,,,360,",,W",290,",,W",,,,,,,,,14.1,",,W",21,",,W",,,,,,,,,,,,,,,,,,,,,,,,,,,,,,,,,,,,,,,,,,,,,,
USW00014836,"LANSING CAPITAL CITY AIRPORT, MI US",42.77609,-84.59972,261.2,4/7/2024,,,,,26,",,W",30.11,",,W",29.18,",,W",39,",,W",10.07,",,W",,,,,,,,,,,,,0.04,",,W,2400",,,48,",,W",27,",,W",78,",,W",0,",,W,2400",0,",,W,2400",46,"H,,S",,,60,",,W",30,",,W",,,,,110,",,W",110,",,W",,,,,,,,,21.9,",,W",29.1,",,W",,,,,,,,,,,,,,,,,,,,,,,,,,,,,,,,,,,,,,,,,,,,,,
USW00014836,"LANSING CAPITAL CITY AIRPORT, MI US",42.77609,-84.59972,261.2,4/8/2024,,,,,38,",,W",29.94,",,W",29.01,",,W",48,",,W",10.51,",,W",,,,,,,,,,,,,0,"T,,W,2400",,,50,",,W",26,",,W",73,",,W",0,",,W,2400",0,",,W,2400",56,"H,,S",,,73,",,W",45,",,W",,,,,220,",,W",210,",,W",,,,,,,,,25.1,",,W",35.1,",,W",,,,,,,,,,,,,,,,,,,,,,,,,,,,,,,,,,,,,,,,,,,,,,
USW00014836,"LANSING CAPITAL CITY AIRPORT, MI US",42.77609,-84.59972,261.2,4/9/2024,,,,,37,",,W",29.87,",,W",28.95,",,W",49,",,W",11.86,",,W",,,,,,,,,,,,,0,",,W,2400",,,45,",,W",27,",,W",63,",,W",0,",,W,2400",0,",,W,2400",61,"H,,S",,,71,",,W",45,",,W",,,,,250,",,W",240,",,W",,,,,,,,,23.9,",,W",34,",,W",,,,,,,,,,,,,,,,,,,,,,,,,,,,,,,,,,,,,,,,,,,,,,
USW00014836,"LANSING CAPITAL CITY AIRPORT, MI US",42.77609,-84.59972,261.2,4/10/2024,,,,,37,",,W",29.94,",,W",29,",,W",45,",,W",4.03,",,W",,,,,,,,,,,,,0,",,W,2400",,,54,",,W",32,",,W",86,",,W",0,",,W,2400",0,",,W,2400",52,"H,,S",,,67,",,W",38,",,W",,,,,140,",,W",160,",,W",,,,,,,,,13,",,W",21,",,W",,,,,,,,,,,,,,,,,,,,,,,,,,,,,,,,,,,,,,,,,,,,,,
USW00014836,"LANSING CAPITAL CITY AIRPORT, MI US",42.77609,-84.59972,261.2,4/11/2024,,,,,45,",,W",29.53,",,W",28.64,",,W",47,",,W",10.51,",,W",,,,,,,,,,,,,0.82,",,W,2400",,,91,",,W",51,",,W",97,",,W",0,",,W,2400",0,",,W,2400",51,"H,,S",,,54,",,W",44,",,W",,,,,310,",,W",320,",,W",,,,,,,,,18.1,",,W",29.1,",,W",,,,,1,",,W",,,,,,,,,,,,,,,,,,,,,,,,,,,,,,,,,,,,,,,,
USW00014836,"LANSING CAPITAL CITY AIRPORT, MI US",42.77609,-84.59972,261.2,4/12/2024,,,,,39,",,W",29.57,",,W",28.59,",,W",43,",,W",19.01,",,W",,,,,,,,,,,,,0.26,",,W,2400",,,74,",,W",44,",,W",93,",,W",0,",,W,2400",0,",,W,2400",47,"H,,S",,,51,",,W",44,",,W",,,,,300,",,W",310,",,W",,,,,,,,,31.1,",,W",44.1,",,W",,,,,1,",,W",,,,,,,,,,,,,,,,,,,,,,,,,,,,,,,,,,,,,,,,
USW00014836,"LANSING CAPITAL CITY AIRPORT, MI US",42.77609,-84.59972,261.2,4/13/2024,,,,,31,",,W",29.96,",,W",29.02,",,W",41,",,W",12.75,",,W",,,,,,,,,,,,,0,",,W,2400",,,50,",,W",31,",,W",70,",,W",0,",,W,2400",0,",,W,2400",49,"H,,S",,,59,",,W",39,",,W",,,,,260,",,W",260,",,W",,,,,,,,,21.9,",,W",29.1,",,W",,,,,,,,,,,,,,,,,,,,,,,,,,,,,,,,,,,,,,,,,,,,,,
USW00014836,"LANSING CAPITAL CITY AIRPORT, MI US",42.77609,-84.59972,261.2,4/14/2024,,,,,42,",,W",29.7,",,W",28.78,",,W",52,",,W",11.86,",,W",,,,,,,,,,,,,0,",,W,2400",,,46,",,W",26,",,W",61,",,W",0,",,W,2400",0,",,W,2400",62,"H,,S",,,77,",,W",48,",,W",,,,,270,",,W",250,",,W",,,,,,,,,23.9,",,W",33.1,",,W",,,,,,,,,,,,,,,,,,,,,,,,,,,,,,,,,,,,,,,,,,,,,,
USW00014836,"LANSING CAPITAL CITY AIRPORT, MI US",42.77609,-84.59972,261.2,4/15/2024,,,,,37,",,W",29.98,",,W",29.01,",,W",48,",,W",6.26,",,W",,,,,,,,,,,,,0,",,W,2400",,,51,",,W",27,",,W",89,",,W",0,",,W,2400",0,",,W,2400",58,"H,,S",,,72,",,W",43,",,W",,,,,240,",,W",300,",,W",,,,,,,,,17,",,W",21,",,W",,,,,1,",,W",,,,,,,,,,,,,,,,,,,,,,,,,,,,,,,,,,,,,,,,
USW00014836,"LANSING CAPITAL CITY AIRPORT, MI US",42.77609,-84.59972,261.2,4/16/2024,,,,,36,",,W",30.06,",,W",29.15,",,W",47,",,W",12.08,",,W",,,,,,,,,,,,,0,"T,,W,2400",,,46,",,W",32,",,W",71,",,W",0,",,W,2400",0,",,W,2400",56,"H,,S",,,71,",,W",42,",,W",,,,,110,",,W",100,",,W",,,,,,,,,21.9,",,W",32,",,W",,,,,,,,,,,,,,,,,,,,,,,,,,,,,,,,,,,,,,,,,,,,,,
USW00014836,"LANSING CAPITAL CITY AIRPORT, MI US",42.77609,-84.59972,261.2,4/17/2024,,,,,49,",,W",29.74,",,W",28.8,",,W",54,",,W",15.21,",,W",,,,,,,,,,,,,0.5,",,W,2400",,,73,",,W",45,",,W",93,",,W",0,",,W,2400",0,",,W,2400",60,"H,,S",,,73,",,W",51,",,W",,,,,250,",,W",250,",,W",,,,,,,,,35.1,",,W",42.9,",,W",,,,,1,",,W",,,1,",,W",,,,,,,,,,,,,,,,,,,,,,,,,,,,,,,,,,,,
USW00014836,"LANSING CAPITAL CITY AIRPORT, MI US",42.77609,-84.59972,261.2,4/18/2024,,,,,42,",,W",30,",,W",29.05,",,W",48,",,W",8.28,",,W",,,,,,,,,,,,,0.1,",,W,2400",,,66,",,W",53,",,W",90,",,W",0,",,W,2400",0,",,W,2400",54,"H,,S",,,60,",,W",48,",,W",,,,,280,",,W",280,",,W",,,,,,,,,18.1,",,W",25.9,",,W",,,,,1,",,W",,,,,,,,,,,,,,,,,,,,,,,,,,,,,,,,,,,,,,,,
USW00014836,"LANSING CAPITAL CITY AIRPORT, MI US",42.77609,-84.59972,261.2,4/19/2024,,,,,32,",,W",29.99,",,W",29.05,",,W",41,",,W",14.09,",,W",,,,,,,,,,,,,0.16,",,W,2400",,,58,",,W",36,",,W",96,",,W",0,",,W,2400",0,",,W,2400",49,"H,,S",,,51,",,W",43,",,W",,,,,260,",,W",280,",,W",,,,,,,,,29.1,",,W",38,",,W",,,,,1,",,W",,,,,,,,,,,,,,,,,,,,,,,,,,,,,,,,,,,,,,,,
USW00014836,"LANSING CAPITAL CITY AIRPORT, MI US",42.77609,-84.59972,261.2,4/20/2024,,,,,23,",,W",30.13,",,W",29.15,",,W",33,",,W",11.41,",,W",,,,,,,,,,,,,0.01,",,W,2400",,,52,",,W",42,",,W",67,",,W",0,"T,,W,2400",0,",,W,2400",41,"H,,S",,,44,",,W",35,",,W",,,,,250,",,W",270,",,W",,,,,,,,,21.9,",,W",28,",,W",,,,,,,,,,,,,,,,,,,,,,,,,,,,,,,,,,,,,,,,,,,,,,
USW00014836,"LANSING CAPITAL CITY AIRPORT, MI US",42.77609,-84.59972,261.2,4/21/2024,,,,,25,",,W",30.11,",,W",29.15,",,W",36,",,W",11.18,",,W",,,,,,,,,,,,,0,",,W,2400",,,48,",,W",35,",,W",64,",,W",0,",,W,2400",0,",,W,2400",42,"H,,S",,,53,",,W",36,",,W",,,,,260,",,W",250,",,W",,,,,,,,,23,",,W",31.1,",,W",,,,,,,,,,,,,,,,,,,,,,,,,,,,,,,,,,,,,,,,,,,,,,
USW00014836,"LANSING CAPITAL CITY AIRPORT, MI US",42.77609,-84.59972,261.2,4/22/2024,,,,,28,",,W",30.03,",,W",29.1,",,W",41,",,W",9.84,",,W",,,,,,,,,,,,,0,",,W,2400",,,43,",,W",28,",,W",79,",,W",0,",,W,2400",0,",,W,2400",48,"H,,S",,,64,",,W",30,",,W",,,,,220,",,W",210,",,W",,,,,,,,,23,",,W",32,",,W",,,,,,,,,,,,,,,,,,,,,,,,,,,,,,,,,,,,,,,,,,,,,,
USW00014836,"LANSING CAPITAL CITY AIRPORT, MI US",42.77609,-84.59972,261.2,4/23/2024,,,,,40,",,W",29.79,",,W",28.87,",,W",48,",,W",15.88,",,W",,,,,,,,,,,,,0.38,",,W,2400",,,62,",,W",43,",,W",93,",,W",0,",,W,2400",0,",,W,2400",56,"H,,S",,,60,",,W",48,",,W",,,,,220,",,W",210,",,W",,,,,,,,,28,",,W",36.9,",,W",,,,,1,",,W",,,1,",,W",,,,,,,,,,,,,,,,,,,,,,,,,,,,,,,,,,,,
USW00014836,"LANSING CAPITAL CITY AIRPORT, MI US",42.77609,-84.59972,261.2,4/24/2024,,,,,30,",,W",30.18,",,W",29.17,",,W",36,",,W",8.72,",,W",,,,,,,,,,,,,0,",,W,2400",,,69,",,W",52,",,W",89,",,W",0,",,W,2400",0,",,W,2400",43,"H,,S",,,49,",,W",30,",,W",,,,,330,",,W",330,",,W",,,,,,,,,19.9,",,W",28,",,W",,,,,,,,,,,,,,,,,,,,,,,,,,,,,,,,,,,,,,,,,,,,,,
USW00014836,"LANSING CAPITAL CITY AIRPORT, MI US",42.77609,-84.59972,261.2,4/25/2024,,,,,25,",,W",30.36,",,W",29.39,",,W",35,",,W",4.25,",,W",,,,,,,,,,,,,0,",,W,2400",,,55,",,W",31,",,W",81,",,W",0,",,W,2400",0,",,W,2400",39,"H,,S",,,55,",,W",27,",,W",,,,,50,",,W",100,",,W",,,,,,,,,12.1,",,W",15,",,W",,,,,,,,,,,,,,,,,,,,,,,,,,,,,,,,,,,,,,,,,,,,,,
USW00014836,"LANSING CAPITAL CITY AIRPORT, MI US",42.77609,-84.59972,261.2,4/26/2024,,,,,32,",,W",30.19,",,W",29.27,",,W",42,",,W",11.63,",,W",,,,,,,,,,,,,0,"T,,W,2400",,,51,",,W",30,",,W",79,",,W",0,",,W,2400",0,",,W,2400",48,"H,,S",,,63,",,W",33,",,W",,,,,120,",,W",120,",,W",,,,,,,,,21.9,",,W",33.1,",,W",,,,,,,,,,,,,,,,,,,,,,,,,,,,,,,,,,,,,,,,,,,,,,
USW00014836,"LANSING CAPITAL CITY AIRPORT, MI US",42.77609,-84.59972,261.2,4/27/2024,,,,,57,",,W",29.93,",,W",29.01,",,W",61,",,W",16.11,",,W",,,,,,,,,,,,,0.16,",,W,2400",,,73,",,W",50,",,W",97,",,W",0,",,W,2400",0,",,W,2400",63,"H,,S",,,81,",,W",50,",,W",,,,,230,",,W",230,",,W",,,,,,,,,30,",,W",42.9,",,W",,,,,1,",,W",,,,,,,,,,,,,,,,,,,,,,,,,,,,,,,,,,,,,,,,
USW00014836,"LANSING CAPITAL CITY AIRPORT, MI US",42.77609,-84.59972,261.2,4/28/2024,,,,,60,",,W",29.97,",,W",29.05,",,W",62,",,W",8.28,",,W",,,,,,,,,,,,,0.31,",,W,2400",,,85,",,W",60,",,W",100,",,W",0,",,W,2400",0,",,W,2400",69,"H,,S",,,77,",,W",53,",,W",,,,,220,",,W",200,",,W",,,,,,,,,19.9,",,W",31.1,",,W",,,,,1,",,W",,,,,,,,,,,,,1,",,W",,,,,,,,,,,,,,,,,,,,,,,,,,
USW00014836,"LANSING CAPITAL CITY AIRPORT, MI US",42.77609,-84.59972,261.2,4/29/2024,,,,,56,",,W",29.86,",,W",28.95,",,W",59,",,W",9.4,",,W",,,,,,,,,,,,,0.05,",,W,2400",,,81,",,W",55,",,W",100,",,W",0,",,W,2400",0,",,W,2400",61,"H,,S",,,74,",,W",53,",,W",,,,,250,",,W",180,",,W",,,,,,,,,25.1,",,W",35.1,",,W",,,,,1,",,W",,,,,,,,,,,,,,,,,,,,,,,,,,,,,,,,,,,,,,,,
USW00014836,"LANSING CAPITAL CITY AIRPORT, MI US",42.77609,-84.59972,261.2,4/30/2024,,,,,44,",,W",29.9,",,W",28.95,",,W",51,",,W",10.51,",,W",,,,,,,,,,,,,0,",,W,2400",,,61,",,W",50,",,W",90,",,W",0,",,W,2400",0,",,W,2400",59,"H,,S",,,66,",,W",48,",,W",,,,,280,",,W",250,",,W",,,,,,,,,23,",,W",30,",,W",,,,,,,,,,,,,,,,,,,,,,,,,,,,,,,,,,,,,,,,,,,,,,
USW00014836,"LANSING CAPITAL CITY AIRPORT, MI US",42.77609,-84.59972,261.2,5/1/2024,,,,,44,",,W",29.88,",,W",28.95,",,W",53,",,W",12.53,",,W",,,,,,,,,,,,,0,"T,,W,2400",,,52,",,W",30,",,W",83,",,W",0,",,W,2400",0,",,W,2400",63,"H,,S",,,78,",,W",47,",,W",,,,,230,",,W",230,",,W",,,,,,,,,31.1,",,W",42.1,",,W",,,,,,,,,,,,,,,,,,,,,,,,,,,,,,,,,,,,,,,,,,,,,,
USW00014836,"LANSING CAPITAL CITY AIRPORT, MI US",42.77609,-84.59972,261.2,5/2/2024,,,,,47,",,W",29.99,",,W",29.06,",,W",54,",,W",7.16,",,W",,,,,,,,,,,,,0.02,",,W,2400",,,62,",,W",42,",,W",90,",,W",0,",,W,2400",0,",,W,2400",60,"H,,S",,,75,",,W",43,",,W",,,,,140,",,W",130,",,W",,,,,,,,,18.1,",,W",23.9,",,W",,,,,,,,,,,,,,,,,,,,,,,,,,,,,,,,,,,,,,,,,,,,,,
USW00014836,"LANSING CAPITAL CITY AIRPORT, MI US",42.77609,-84.59972,261.2,5/3/2024,,,,,59,",,W",29.99,",,W",29.05,",,W",60,",,W",5.59,",,W",,,,,,,,,,,,,0.85,",,W,2400",,,88,",,W",73,",,W",100,",,W",0,",,W,2400",0,",,W,2400",63,"H,,S",,,70,",,W",58,",,W",,,,,270,",,W",240,",,W",,,,,,,,,23.9,",,W",35.1,",,W",,,,,1,",,W",,,1,",,W",,,,,,,,,,,,,,,,,,,,,,,,,,,,,,,,,,,,
USW00014836,"LANSING CAPITAL CITY AIRPORT, MI US",42.77609,-84.59972,261.2,5/4/2024,,,,,59,",,W",29.97,",,W",29.05,",,W",61,",,W",6.71,",,W",,,,,,,,,,,,,0,",,W,2400",,,82,",,W",63,",,W",100,",,W",0,",,W,2400",0,",,W,2400",64,"H,,S",,,72,",,W",57,",,W",,,,,120,",,W",140,",,W",,,,,,,,,13,",,W",16.1,",,W",,,,,1,",,W",,,,,,,,,,,,,,,,,,,,,,,,,,,,,,,,,,,,,,,,
USW00014836,"LANSING CAPITAL CITY AIRPORT, MI US",42.77609,-84.59972,261.2,5/5/2024,,,,,53,",,W",29.98,",,W",29.03,",,W",56,",,W",5.59,",,W",,,,,,,,,,,,,0.01,",,W,2400",,,76,",,W",49,",,W",97,",,W",0,",,W,2400",0,",,W,2400",62,"H,,S",,,68,",,W",52,",,W",,,,,310,",,W",320,",,W",,,,,,,,,15,",,W",19,",,W",,,,,1,",,W",,,,,,,,,,,,,,,,,,,,,,,,,,,,,,,,,,,,,,,,
USW00014836,"LANSING CAPITAL CITY AIRPORT, MI US",42.77609,-84.59972,261.2,5/6/2024,,,,,44,",,W",30.02,",,W",29.1,",,W",51,",,W",7.61,",,W",,,,,,,,,,,,,0,",,W,2400",,,60,",,W",44,",,W",93,",,W",0,",,W,2400",0,",,W,2400",59,"H,,S",,,69,",,W",49,",,W",,,,,80,",,W",100,",,W",,,,,,,,,15,",,W",19,",,W",,,,,,,,,,,,,,,,,,,,,,,,,,,,,,,,,,,,,,,,,,,,,,
USW00014836,"LANSING CAPITAL CITY AIRPORT, MI US",42.77609,-84.59972,261.2,5/7/2024,,,,,48,",,W",29.7,",,W",28.82,",,W",53,",,W",9.17,",,W",,,,,,,,,,,,,0.6,",,W,2400",,,73,",,W",47,",,W",97,",,W",0,",,W,2400",0,",,W,2400",57,"H,,S",,,69,",,W",45,",,W",,,,,130,",,W",160,",,W",,,,,,,,,19.9,",,W",28,",,W",,,,,1,",,W",,,1,",,W",,,,,,,,,,,,,,,,,,,,,,,,,,,,,,,,,,,,
USW00014836,"LANSING CAPITAL CITY AIRPORT, MI US",42.77609,-84.59972,261.2,5/8/2024,,,,,49,",,W",29.7,",,W",28.75,",,W",55,",,W",10.74,",,W",,,,,,,,,,,,,0,",,W,2400",,,64,",,W",40,",,W",89,",,W",0,",,W,2400",0,",,W,2400",63,"H,,S",,,74,",,W",51,",,W",,,,,260,",,W",260,",,W",,,,,,,,,21,",,W",28,",,W",,,,,,,,,,,,,,,,,,,,,,,,,,,,,,,,,,,,,,,,,,,,,,
USW00014836,"LANSING CAPITAL CITY AIRPORT, MI US",42.77609,-84.59972,261.2,5/9/2024,,,,,44,",,W",29.83,",,W",28.88,",,W",49,",,W",7.83,",,W",,,,,,,,,,,,,0.02,",,W,2400",,,71,",,W",47,",,W",83,",,W",0,",,W,2400",0,",,W,2400",55,"H,,S",,,58,",,W",50,",,W",,,,,40,",,W",40,",,W",,,,,,,,,15,",,W",19.9,",,W",,,,,,,,,,,,,,,,,,,,,,,,,,,,,,,,,,,,,,,,,,,,,,
USW00014836,"LANSING CAPITAL CITY AIRPORT, MI US",42.77609,-84.59972,261.2,5/10/2024,,,,,39,",,W",29.86,",,W",28.94,",,W",47,",,W",5.82,",,W",,,,,,,,,,,,,0,",,W,2400",,,58,",,W",40,",,W",86,",,W",0,",,W,2400",0,",,W,2400",53,"H,,S",,,66,",,W",40,",,W",,,,,270,",,W",250,",,W",,,,,,,,,15,",,W",21.9,",,W",,,,,,,,,,,,,,,,,,,,,,,,,,,,,,,,,,,,,,,,,,,,,,
USW00014836,"LANSING CAPITAL CITY AIRPORT, MI US",42.77609,-84.59972,261.2,5/11/2024,,,,,43,",,W",29.71,",,W",28.77,",,W",48,",,W",11.86,",,W",,,,,,,,,,,,,0.12,",,W,2400",,,73,",,W",51,",,W",86,",,W",0,",,W,2400",0,",,W,2400",53,"H,,S",,,59,",,W",45,",,W",,,,,280,",,W",270,",,W",,,,,,,,,21,",,W",31.1,",,W",,,,,1,",,W",,,,,,,,,,,,,,,,,,,,,,,,,,,,,,,,,,,,,,,,
USW00014836,"LANSING CAPITAL CITY AIRPORT, MI US",42.77609,-84.59972,261.2,5/12/2024,,,,,44,",,W",29.86,",,W",28.93,",,W",51,",,W",8.28,",,W",,,,,,,,,,,,,0,",,W,2400",,,60,",,W",42,",,W",96,",,W",0,",,W,2400",0,",,W,2400",55,"H,,S",,,72,",,W",40,",,W",,,,,200,",,W",210,",,W",,,,,,,,,18.1,",,W",23.9,",,W",,,,,,,,,,,,,,,,,,,,,,,,,,,,,,,,,,,,,,,,,,,,,,
USW00014836,"LANSING CAPITAL CITY AIRPORT, MI US",42.77609,-84.59972,261.2,5/13/2024,,,,,54,",,W",29.79,",,W",28.85,",,W",59,",,W",9.62,",,W",,,,,,,,,,,,,0.15,",,W,2400",,,66,",,W",37,",,W",97,",,W",0,",,W,2400",0,",,W,2400",68,"H,,S",,,81,",,W",56,",,W",,,,,250,",,W",220,",,W",,,,,,,,,31.1,",,W",44.1,",,W",,,,,1,",,W",,,1,",,W",,,,,,,,,1,",,W",,,,,,,,,,,,,,,,,,,,,,,,,,
USW00014836,"LANSING CAPITAL CITY AIRPORT, MI US",42.77609,-84.59972,261.2,5/14/2024,,,,,50,",,W",29.8,",,W",28.9,",,W",53,",,W",8.72,",,W",,,,,,,,,,,,,0,"T,,W,2400",,,77,",,W",64,",,W",93,",,W",0,",,W,2400",0,",,W,2400",60,"H,,S",,,62,",,W",52,",,W",,,,,40,",,W",30,",,W",,,,,,,,,16.1,",,W",21.9,",,W",,,,,1,",,W",,,,,,,,,,,,,1,",,W",,,,,,,,,,,,,,,,,,,,,,,,,,
USW00014836,"LANSING CAPITAL CITY AIRPORT, MI US",42.77609,-84.59972,261.2,5/15/2024,,,,,44,",,W",29.86,",,W",28.92,",,W",51,",,W",8.5,",,W",,,,,,,,,,,,,0,",,W,2400",,,60,",,W",43,",,W",83,",,W",0,",,W,2400",0,",,W,2400",57,"H,,S",,,70,",,W",47,",,W",,,,,20,",,W",20,",,W",,,,,,,,,16.1,",,W",23.9,",,W",,,,,,,,,,,,,,,,,,,,,,,,,,,,,,,,,,,,,,,,,,,,,,
USW00014836,"LANSING CAPITAL CITY AIRPORT, MI US",42.77609,-84.59972,261.2,5/16/2024,,,,,49,",,W",29.85,",,W",28.94,",,W",55,",,W",3.8,",,W",,,,,,,,,,,,,0.01,",,W,2400",,,67,",,W",37,",,W",89,",,W",0,",,W,2400",0,",,W,2400",59,"H,,S",,,76,",,W",43,",,W",,,,,230,",,W",230,",,W",,,,,,,,,21.9,",,W",27.1,",,W",,,,,,,,,,,,,,,,,,,,,,,,,,,,,,,,,,,,,,,,,,,,,,
USW00014836,"LANSING CAPITAL CITY AIRPORT, MI US",42.77609,-84.59972,261.2,5/17/2024,,,,,59,",,W",29.79,",,W",28.87,",,W",63,",,W",4.25,",,W",,,,,,,,,,,,,0.13,",,W,2400",,,75,",,W",50,",,W",93,",,W",0,",,W,2400",0,",,W,2400",68,"H,,S",,,80,",,W",59,",,W",,,,,250,",,W",250,",,W",,,,,,,,,18.1,",,W",23,",,W",,,,,1,",,W",,,,,,,,,,,,,1,",,W",,,,,,,,,,,,,,,,,,,,,,,,,,
USW00014836,"LANSING CAPITAL CITY AIRPORT, MI US",42.77609,-84.59972,261.2,5/18/2024,,,,,56,",,W",29.87,",,W",28.94,",,W",62,",,W",3.8,",,W",,,,,,,,,,,,,0,",,W,2400",,,63,",,W",38,",,W",96,",,W",0,",,W,2400",0,",,W,2400",69,"H,,S",,,84,",,W",54,",,W",,,,,190,",,W",190,",,W",,,,,,,,,13,",,W",18.1,",,W",,,,,1,",,W",,,,,,,,,,,,,1,",,W",,,,,,,,,,,,,,,,,,,,,,,,,,
USW00014836,"LANSING CAPITAL CITY AIRPORT, MI US",42.77609,-84.59972,261.2,5/19/2024,,,,,58,",,W",29.93,",,W",29.01,",,W",64,",,W",7.61,",,W",,,,,,,,,,,,,0,"T,,W,2400",,,61,",,W",36,",,W",81,",,W",0,",,W,2400",0,",,W,2400",74,"H,,S",,,86,",,W",60,",,W",,,,,300,",,W",320,",,W",,,,,,,,,13,",,W",19,",,W",,,,,,,,,1,",,W",,,,,,,,,,,,,,,,,,,,,,,,,,,,,,,,,,,,
USW00014836,"LANSING CAPITAL CITY AIRPORT, MI US",42.77609,-84.59972,261.2,5/20/2024,,,,,61,",,W",29.89,",,W",28.97,",,W",64,",,W",7.38,",,W",,,,,,,,,,,,,0.26,",,W,2400",,,76,",,W",58,",,W",97,",,W",0,",,W,2400",0,",,W,2400",70,"H,,S",,,80,",,W",57,",,W",,,,,250,",,W",250,",,W",,,,,,,,,32,",,W",49,",,W",,,,,1,",,W",,,1,",,W",,,,,,,,,1,",,W",,,,,,,,,,,,,,,,,,,,,,,,,,
USW00014836,"LANSING CAPITAL CITY AIRPORT, MI US",42.77609,-84.59972,261.2,5/21/2024,,,,,61,",,W",29.81,",,W",28.9,",,W",65,",,W",6.93,",,W",,,,,,,,,,,,,0,"T,,W,2400",,,71,",,W",48,",,W",97,",,W",0,",,W,2400",0,",,W,2400",70,"H,,S",,,85,",,W",60,",,W",,,,,190,",,W",180,",,W",,,,,,,,,16.1,",,W",23.9,",,W",,,,,,,,,,,,,,,,,,,,,,,,,,,,,,,,,,,,,,,,,,,,,,
USW00014836,"LANSING CAPITAL CITY AIRPORT, MI US",42.77609,-84.59972,261.2,5/22/2024,,,,,56,",,W",29.71,",,W",28.81,",,W",63,",,W",16.55,",,W",,,,,,,,,,,,,0,",,W,2400",,,57,",,W",41,",,W",69,",,W",0,",,W,2400",0,",,W,2400",77,"H,,S",,,79,",,W",59,",,W",,,,,250,",,W",260,",,W",,,,,,,,,25.9,",,W",36.9,",,W",,,,,,,,,,,,,,,,,,,,,,,,,,,,,,,,,,,,,,,,,,,,,,
USW00014836,"LANSING CAPITAL CITY AIRPORT, MI US",42.77609,-84.59972,261.2,5/23/2024,,,,,45,",,W",29.91,",,W",28.99,",,W",55,",,W",8.28,",,W",,,,,,,,,,,,,0,",,W,2400",,,49,",,W",27,",,W",74,",,W",0,",,W,2400",0,",,W,2400",66,"H,,S",,,77,",,W",54,",,W",,,,,250,",,W",250,",,W",,,,,,,,,19.9,",,W",25.1,",,W",,,,,,,,,,,,,,,,,,,,,,,,,,,,,,,,,,,,,,,,,,,,,,
USW00014836,"LANSING CAPITAL CITY AIRPORT, MI US",42.77609,-84.59972,261.2,5/24/2024,,,,,49,",,W",29.85,",,W",28.93,",,W",57,",,W",5.37,",,W",,,,,,,,,,,,,0,",,W,2400",,,51,",,W",34,",,W",86,",,W",0,",,W,2400",0,",,W,2400",66,"H,,S",,,81,",,W",49,",,W",,,,,150,",,W",150,",,W",,,,,,,,,19.9,",,W",30,",,W",,,,,,,,,,,,,,,,,,,,,,,,,,,,,,,,,,,,,,,,,,,,,,
USW00014836,"LANSING CAPITAL CITY AIRPORT, MI US",42.77609,-84.59972,261.2,5/25/2024,,,,,52,",,W",29.82,",,W",28.89,",,W",58,",,W",7.16,",,W",,,,,,,,,,,,,0.08,",,W,2400",,,62,",,W",33,",,W",93,",,W",0,",,W,2400",0,",,W,2400",69,"H,,S",,,76,",,W",53,",,W",,,,,260,",,W",260,",,W",,,,,,,,,18.1,",,W",25.1,",,W",,,,,1,",,W",,,1,",,W",,,,,,,,,,,,,,,,,,,,,,,,,,,,,,,,,,,,
USW00014836,"LANSING CAPITAL CITY AIRPORT, MI US",42.77609,-84.59972,261.2,5/26/2024,,,,,56,",,W",29.74,",,W",28.79,",,W",59,",,W",7.16,",,W",,,,,,,,,,,,,0.51,",,W,2400",,,76,",,W",54,",,W",97,",,W",0,",,W,2400",0,",,W,2400",64,"H,,S",,,77,",,W",49,",,W",,,,,100,",,W",100,",,W",,,,,,,,,21,",,W",30,",,W",,,,,1,",,W",,,1,",,W",,,,,,,,,,,,,,,,,,,,,,,,,,,,,,,,,,,,
USW00014836,"LANSING CAPITAL CITY AIRPORT, MI US",42.77609,-84.59972,261.2,5/27/2024,,,,,56,",,W",29.58,",,W",28.67,",,W",57,",,W",12.97,",,W",,,,,,,,,,,,,0.01,",,W,2400",,,90,",,W",80,",,W",100,",,W",0,",,W,2400",0,",,W,2400",60,"H,,S",,,63,",,W",56,",,W",,,,,260,",,W",260,",,W",,,,,,,,,25.1,",,W",34,",,W",,,,,1,",,W",,,,,,,,,,,,,,,,,,,,,,,,,,,,,,,,,,,,,,,,
USW00014836,"LANSING CAPITAL CITY AIRPORT, MI US",42.77609,-84.59972,261.2,5/28/2024,,,,,53,",,W",29.91,",,W",28.98,",,W",55,",,W",7.61,",,W",,,,,,,,,,,,,0,"T,,W,2400",,,81,",,W",51,",,W",97,",,W",0,",,W,2400",0,",,W,2400",59,"H,,S",,,71,",,W",52,",,W",,,,,290,",,W",280,",,W",,,,,,,,,17,",,W",23,",,W",,,,,,,,,1,",,W",,,,,,,,,,,,,,,,,,,,,,,,,,,,,,,,,,,,
USW00014836,"LANSING CAPITAL CITY AIRPORT, MI US",42.77609,-84.59972,261.2,5/29/2024,,,,,50,",,W",30.09,",,W",29.15,",,W",54,",,W",5.82,",,W",,,,,,,,,,,,,0.01,",,W,2400",,,74,",,W",49,",,W",97,",,W",0,",,W,2400",0,",,W,2400",59,"H,,S",,,69,",,W",50,",,W",,,,,10,",,W",10,",,W",,,,,,,,,14.1,",,W",19,",,W",,,,,,,,,,,,,,,,,,,,,,,,,,,,,,,,,,,,,,,,,,,,,,
USW00014836,"LANSING CAPITAL CITY AIRPORT, MI US",42.77609,-84.59972,261.2,5/30/2024,,,,,39,",,W",30.22,",,W",29.28,",,W",49,",,W",2.91,",,W",,,,,,,,,,,,,0,",,W,2400",,,51,",,W",26,",,W",83,",,W",0,",,W,2400",0,",,W,2400",58,"H,,S",,,71,",,W",44,",,W",,,,,30,",,W",30,",,W",,,,,,,,,12.1,",,W",16.1,",,W",,,,,,,,,,,,,,,,,,,,,,,,,,,,,,,,,,,,,,,,,,,,,,
USW00014836,"LANSING CAPITAL CITY AIRPORT, MI US",42.77609,-84.59972,261.2,5/31/2024,,,,,42,",,W",30.24,",,W",29.3,",,W",52,",,W",4.7,",,W",,,,,,,,,,,,,0,",,W,2400",,,49,",,W",28,",,W",83,",,W",0,",,W,2400",0,",,W,2400",61,"H,,S",,,77,",,W",46,",,W",,,,,240,",,W",210,",,W",,,,,,,,,15,",,W",19,",,W",,,,,,,,,,,,,,,,,,,,,,,,,,,,,,,,,,,,,,,,,,,,,,
USW00014836,"LANSING CAPITAL CITY AIRPORT, MI US",42.77609,-84.59972,261.2,6/1/2024,,,,,52,",,W",30.07,",,W",29.16,",,W",57,",,W",6.49,",,W",,,,,,,,,,,,,0.09,",,W,2400",,,68,",,W",41,",,W",93,",,W",0,",,W,2400",0,",,W,2400",64,"H,,S",,,76,",,W",53,",,W",,,,,180,",,W",180,",,W",,,,,,,,,16.1,",,W",21.9,",,W",,,,,1,",,W",,,,,,,,,,,,,,,,,,,,,,,,,,,,,,,,,,,,,,,,
USW00014836,"LANSING CAPITAL CITY AIRPORT, MI US",42.77609,-84.59972,261.2,6/2/2024,,,,,61,",,W",29.93,",,W",29,",,W",63,",,W",6.49,",,W",,,,,,,,,,,,,0.01,",,W,2400",,,84,",,W",60,",,W",97,",,W",0,",,W,2400",0,",,W,2400",65,"H,,S",,,76,",,W",59,",,W",,,,,270,",,W",180,",,W",,,,,,,,,13,",,W",19,",,W",,,,,1,",,W",,,,,,,,,,,,,,,,,,,,,,,,,,,,,,,,,,,,,,,,
USW00014836,"LANSING CAPITAL CITY AIRPORT, MI US",42.77609,-84.59972,261.2,6/3/2024,,,,,59,",,W",29.91,",,W",29,",,W",62,",,W",5.14,",,W",,,,,,,,,,,,,0,",,W,2400",,,72,",,W",49,",,W",100,",,W",0,",,W,2400",0,",,W,2400",67,"H,,S",,,80,",,W",53,",,W",,,,,140,",,W",170,",,W",,,,,,,,,14.1,",,W",23.9,",,W",,,,,1,",,W",1,",,W",,,,,,,,,,,,,,,,,,,,,,,,,,,,,,,,,,,,,,
USW00014836,"LANSING CAPITAL CITY AIRPORT, MI US",42.77609,-84.59972,261.2,6/4/2024,,,,,63,",,W",29.83,",,W",28.92,",,W",67,",,W",9.17,",,W",,,,,,,,,,,,,0,",,W,2400",,,67,",,W",48,",,W",90,",,W",0,",,W,2400",0,",,W,2400",74,"H,,S",,,84,",,W",63,",,W",,,,,130,",,W",140,",,W",,,,,,,,,15,",,W",21,",,W",,,,,,,,,,,,,,,,,,,,,,,,,,,,,,,,,,,,,,,,,,,,,,
USW00014836,"LANSING CAPITAL CITY AIRPORT, MI US",42.77609,-84.59972,261.2,6/5/2024,,,,,63,",,W",29.62,",,W",28.72,",,W",66,",,W",9.62,",,W",,,,,,,,,,,,,0.25,",,W,2400",,,78,",,W",67,",,W",93,",,W",0,",,W,2400",0,",,W,2400",74,"H,,S",,,81,",,W",58,",,W",,,,,280,",,W",210,",,W",,,,,,,,,21,",,W",28,",,W",,,,,1,",,W",,,1,",,W",,,,,,,,,1,",,W",,,,,,,,,,,,,,,,,,,,,,,,,,
USW00014836,"LANSING CAPITAL CITY AIRPORT, MI US",42.77609,-84.59972,261.2,6/6/2024,,,,,51,",,W",29.59,",,W",28.66,",,W",58,",,W",13.87,",,W",,,,,,,,,,,,,0.09,",,W,2400",,,61,",,W",34,",,W",96,",,W",0,",,W,2400",0,",,W,2400",67,"H,,S",,,76,",,W",58,",,W",,,,,260,",,W",260,",,W",,,,,,,,,31.1,",,W",42.1,",,W",,,,,1,",,W",,,,,,,,,,,,,,,,,,,,,,,,,,,,,,,,,,,,,,,,
USW00014836,"LANSING CAPITAL CITY AIRPORT, MI US",42.77609,-84.59972,261.2,6/7/2024,,,,,48,",,W",29.73,",,W",28.79,",,W",54,",,W",10.51,",,W",,,,,,,,,,,,,0,"T,,W,2400",,,63,",,W",45,",,W",81,",,W",0,",,W,2400",0,",,W,2400",62,"H,,S",,,69,",,W",53,",,W",,,,,280,",,W",290,",,W",,,,,,,,,21,",,W",29.1,",,W",,,,,,,,,,,,,,,,,,,,,,,,,,,,,,,,,,,,,,,,,,,,,,
USW00014836,"LANSING CAPITAL CITY AIRPORT, MI US",42.77609,-84.59972,261.2,6/8/2024,,,,,51,",,W",29.83,",,W",28.9,",,W",55,",,W",5.14,",,W",,,,,,,,,,,,,0.31,",,W,2400",,,76,",,W",44,",,W",100,",,W",0,",,W,2400",0,",,W,2400",61,"H,,S",,,74,",,W",48,",,W",,,,,10,",,W",360,",,W",,,,,,,,,21,",,W",30,",,W",,,,,1,",,W",,,,,,,,,,,,,,,,,,,,,,,,,,,,,,,,,,,,,,,,
USW00014836,"LANSING CAPITAL CITY AIRPORT, MI US",42.77609,-84.59972,261.2,6/9/2024,,,,,50,",,W",29.79,",,W",28.86,",,W",55,",,W",12.08,",,W",,,,,,,,,,,,,0,",,W,2400",,,68,",,W",38,",,W",100,",,W",0,",,W,2400",0,",,W,2400",61,"H,,S",,,74,",,W",53,",,W",,,,,280,",,W",270,",,W",,,,,,,,,28,",,W",38.9,",,W",,,,,1,",,W",,,,,,,,,,,,,,,,,,,,,,,,,,,,,,,,,,,,,,,,
USW00014836,"LANSING CAPITAL CITY AIRPORT, MI US",42.77609,-84.59972,261.2,6/10/2024,,,,,41,",,W",29.89,",,W",28.95,",,W",50,",,W",8.72,",,W",,,,,,,,,,,,,0,",,W,2400",,,54,",,W",31,",,W",80,",,W",0,",,W,2400",0,",,W,2400",59,"H,,S",,,70,",,W",50,",,W",,,,,310,",,W",350,",,W",,,,,,,,,17,",,W",27.1,",,W",,,,,,,,,,,,,,,,,,,,,,,,,,,,,,,,,,,,,,,,,,,,,,
USW00014836,"LANSING CAPITAL CITY AIRPORT, MI US",42.77609,-84.59972,261.2,6/11/2024,,,,,44,",,W",29.99,",,W",29.05,",,W",52,",,W",3.58,",,W",,,,,,,,,,,,,0,",,W,2400",,,57,",,W",38,",,W",93,",,W",0,",,W,2400",0,",,W,2400",60,"H,,S",,,73,",,W",42,",,W",,,,,220,",,W",220,",,W",,,,,,,,,13,",,W",17,",,W",,,,,,,,,,,,,,,,,,,,,,,,,,,,,,,,,,,,,,,,,,,,,,
USW00014836,"LANSING CAPITAL CITY AIRPORT, MI US",42.77609,-84.59972,261.2,6/12/2024,,,,,53,",,W",29.91,",,W",29,",,W",61,",,W",8.5,",,W",,,,,,,,,,,,,0,"T,,W,2400",,,53,",,W",36,",,W",68,",,W",0,",,W,2400",0,",,W,2400",70,"H,,S",,,85,",,W",60,",,W",,,,,250,",,W",220,",,W",,,,,,,,,21,",,W",30,",,W",,,,,,,,,,,,,,,,,,,,,,,,,,,,,,,,,,,,,,,,,,,,,,
USW00014836,"LANSING CAPITAL CITY AIRPORT, MI US",42.77609,-84.59972,261.2,6/13/2024,,,,,64,",,W",29.83,",,W",28.92,",,W",68,",,W",12.08,",,W",,,,,,,,,,,,,0.01,",,W,2400",,,68,",,W",48,",,W",87,",,W",0,",,W,2400",0,",,W,2400",75,"H,,S",,,87,",,W",66,",,W",,,,,250,",,W",220,",,W",,,,,,,,,25.9,",,W",36,",,W",,,,,,,,,1,",,W",,,,,,,,,,,,,,,,,,,,,,,,,,,,,,,,,,,,
USW00014836,"LANSING CAPITAL CITY AIRPORT, MI US",42.77609,-84.59972,261.2,6/14/2024,,,,,55,",,W",29.97,",,W",29.03,",,W",61,",,W",5.14,",,W",,,,,,,,,,,,,0,",,W,2400",,,60,",,W",38,",,W",97,",,W",0,",,W,2400",0,",,W,2400",72,"H,,S",,,82,",,W",61,",,W",,,,,20,",,W",20,",,W",,,,,,,,,14.1,",,W",18.1,",,W",,,,,1,",,W",,,,,,,,,,,,,,,,,,,,,,,,,,,,,,,,,,,,,,,,
USW00014836,"LANSING CAPITAL CITY AIRPORT, MI US",42.77609,-84.59972,261.2,6/15/2024,,,,,51,",,W",30.14,",,W",29.21,",,W",58,",,W",5.14,",,W",,,,,,,,,,,,,0,",,W,2400",,,57,",,W",37,",,W",97,",,W",0,",,W,2400",0,",,W,2400",67,"H,,S",,,78,",,W",51,",,W",,,,,140,",,W",140,",,W",,,,,,,,,15,",,W",21,",,W",,,,,,,,,,,,,,,,,,,,,,,,,,,,,,,,,,,,,,,,,,,,,,
USW00014836,"LANSING CAPITAL CITY AIRPORT, MI US",42.77609,-84.59972,261.2,6/16/2024,,,,,54,",,W",30,",,W",29.1,",,W",62,",,W",12.75,",,W",,,,,,,,,,,,,0.12,",,W,2400",,,51,",,W",32,",,W",90,",,W",0,",,W,2400",0,",,W,2400",72,"H,,S",,,86,",,W",61,",,W",,,,,140,",,W",160,",,W",,,,,,,,,21.9,",,W",31.1,",,W",,,,,1,",,W",,,1,",,W",,,,,,,,,,,,,,,,,,,,,,,,,,,,,,,,,,,,
USW00014836,"LANSING CAPITAL CITY AIRPORT, MI US",42.77609,-84.59972,261.2,6/17/2024,,,,,70,",,W",29.97,",,W",29.04,",,W",73,",,W",10.96,",,W",,,,,,,,,,,,,2.49,",,W,2400",,,74,",,W",49,",,W",100,",,W",0,",,W,2400",0,",,W,2400",79,"H,,S",,,92,",,W",66,",,W",,,,,120,",,W",130,",,W",,,,,,,,,31.1,",,W",38.9,",,W",,,,,1,",,W",,,1,",,W",,,,,,,,,,,,,,,,,,,,,,,,,,,,,,,,,,,,
USW00014836,"LANSING CAPITAL CITY AIRPORT, MI US",42.77609,-84.59972,261.2,6/18/2024,,,,,69,",,W",30.05,",,W",29.13,",,W",73,",,W",11.41,",,W",,,,,,,,,,,,,0,",,W,2400",,,68,",,W",59,",,W",79,",,W",0,",,W,2400",0,",,W,2400",81,"H,,S",,,86,",,W",75,",,W",,,,,180,",,W",210,",,W",,,,,,,,,21,",,W",29.1,",,W",,,,,,,,,,,,,,,,,,,,,,,,,,,,,,,,,,,,,,,,,,,,,,
USW00014836,"LANSING CAPITAL CITY AIRPORT, MI US",42.77609,-84.59972,261.2,6/19/2024,,,,,69,",,W",30.2,",,W",29.26,",,W",73,",,W",7.83,",,W",,,,,,,,,,,,,0,",,W,2400",,,67,",,W",52,",,W",85,",,W",0,",,W,2400",0,",,W,2400",82,"H,,S",,,91,",,W",74,",,W",,,,,210,",,W",190,",,W",,,,,,,,,16.1,",,W",23,",,W",,,,,,,,,,,,,,,,,,,,,,,,,,,,,,,,,,,,,,,,,,,,,,
USW00014836,"LANSING CAPITAL CITY AIRPORT, MI US",42.77609,-84.59972,261.2,6/20/2024,,,,,71,",,W",30.25,",,W",29.33,",,W",73,",,W",4.47,",,W",,,,,,,,,,,,,0.19,",,W,2400",,,82,",,W",65,",,W",97,",,W",0,",,W,2400",0,",,W,2400",79,"H,,S",,,88,",,W",69,",,W",,,,,280,",,W",340,",,W",,,,,,,,,13,",,W",19,",,W",,,,,1,",,W",,,1,",,W",,,,,,,,,,,,,,,,,,,,,,,,,,,,,,,,,,,,
USW00014836,"LANSING CAPITAL CITY AIRPORT, MI US",42.77609,-84.59972,261.2,6/21/2024,,,,,71,",,W",30.16,",,W",29.25,",,W",73,",,W",4.7,",,W",,,,,,,,,,,,,0,",,W,2400",,,83,",,W",57,",,W",100,",,W",0,",,W,2400",0,",,W,2400",75,"H,,S",,,89,",,W",66,",,W",,,,,320,",,W",320,",,W",,,,,,,,,15,",,W",21,",,W",,,,,1,",,W",,,,,,,,,,,,,1,",,W",,,,,,,,,,,,,,,,,,,,,,,,,,
USW00014836,"LANSING CAPITAL CITY AIRPORT, MI US",42.77609,-84.59972,261.2,6/22/2024,,,,,69,",,W",29.89,",,W",28.97,",,W",72,",,W",9.62,",,W",,,,,,,,,,,,,0.01,",,W,2400",,,71,",,W",55,",,W",96,",,W",0,",,W,2400",0,",,W,2400",79,"H,,S",,,87,",,W",72,",,W",,,,,210,",,W",230,",,W",,,,,,,,,21,",,W",30,",,W",,,,,,,,,,,,,,,,,,,,,,,,,,,,,,,,,,,,,,,,,,,,,,
USW00014836,"LANSING CAPITAL CITY AIRPORT, MI US",42.77609,-84.59972,261.2,6/23/2024,,,,,64,",,W",29.7,",,W",28.77,",,W",66,",,W",12.3,",,W",,,,,,,,,,,,,0.39,",,W,2400",,,83,",,W",66,",,W",100,",,W",0,",,W,2400",0,",,W,2400",73,"H,,S",,,78,",,W",64,",,W",,,,,210,",,W",200,",,W",,,,,,,,,25.1,",,W",36,",,W",,,,,1,",,W",,,1,",,W",,,,,,,,,,,,,,,,,,,,,,,,,,,,,,,,,,,,
USW00014836,"LANSING CAPITAL CITY AIRPORT, MI US",42.77609,-84.59972,261.2,6/24/2024,,,,,60,",,W",29.93,",,W",29,",,W",64,",,W",4.7,",,W",,,,,,,,,,,,,0.02,",,W,2400",,,71,",,W",49,",,W",100,",,W",0,",,W,2400",0,",,W,2400",69,"H,,S",,,82,",,W",58,",,W",,,,,220,",,W",210,",,W",,,,,,,,,12.1,",,W",17,",,W",,,,,1,",,W",,,,,,,,,,,,,,,,,,,,,,,,,,,,,,,,,,,,,,,,
USW00014836,"LANSING CAPITAL CITY AIRPORT, MI US",42.77609,-84.59972,261.2,6/25/2024,,,,,66,",,W",29.75,",,W",28.86,",,W",69,",,W",12.75,",,W",,,,,,,,,,,,,0.39,",,W,2400",,,78,",,W",60,",,W",96,",,W",0,",,W,2400",0,",,W,2400",73,"H,,S",,,83,",,W",65,",,W",,,,,230,",,W",240,",,W",,,,,,,,,29.1,",,W",42.1,",,W",,,,,1,",,W",,,1,",,W",,,,,,,,,,,,,,,,,,,,,,,,,,,,,,,,,,,,
USW00014836,"LANSING CAPITAL CITY AIRPORT, MI US",42.77609,-84.59972,261.2,6/26/2024,,,,,64,",,W",29.78,",,W",28.85,",,W",67,",,W",6.71,",,W",,,,,,,,,,,,,0,"T,,W,2400",,,76,",,W",42,",,W",100,",,W",0,",,W,2400",0,",,W,2400",74,"H,,S",,,81,",,W",62,",,W",,,,,290,",,W",270,",,W",,,,,,,,,16.1,",,W",21.9,",,W",,,,,1,",,W",1,",,W",,,,,,,,,,,,,,,,,,,,,,,,,,,,,,,,,,,,,,
USW00014836,"LANSING CAPITAL CITY AIRPORT, MI US",42.77609,-84.59972,261.2,6/27/2024,,,,,50,",,W",29.99,",,W",29.05,",,W",56,",,W",6.71,",,W",,,,,,,,,,,,,0,",,W,2400",,,64,",,W",46,",,W",90,",,W",0,",,W,2400",0,",,W,2400",65,"H,,S",,,72,",,W",54,",,W",,,,,10,",,W",340,",,W",,,,,,,,,15,",,W",21,",,W",,,,,,,,,,,,,,,,,,,,,,,,,,,,,,,,,,,,,,,,,,,,,,
USW00014836,"LANSING CAPITAL CITY AIRPORT, MI US",42.77609,-84.59972,261.2,6/28/2024,,,,,55,",,W",29.94,",,W",29.02,",,W",60,",,W",8.95,",,W",,,,,,,,,,,,,0.01,",,W,2400",,,70,",,W",43,",,W",93,",,W",0,",,W,2400",0,",,W,2400",64,"H,,S",,,71,",,W",60,",,W",,,,,140,",,W",140,",,W",,,,,,,,,17,",,W",21.9,",,W",,,,,,,,,,,,,,,,,,,,,,,,,,,,,,,,,,,,,,,,,,,,,,
USW00014836,"LANSING CAPITAL CITY AIRPORT, MI US",42.77609,-84.59972,261.2,6/29/2024,,,,,69,",,W",29.83,",,W",28.91,",,W",71,",,W",10.07,",,W",,,,,,,,,,,,,0.54,",,W,2400",,,85,",,W",65,",,W",100,",,W",0,",,W,2400",0,",,W,2400",73,"H,,S",,,84,",,W",67,",,W",,,,,250,",,W",250,",,W",,,,,,,,,21.9,",,W",29.1,",,W",,,,,1,",,W",,,1,",,W",,,,,,,,,,,,,,,,,,,,,,,,,,,,,,,,,,,,
USW00014836,"LANSING CAPITAL CITY AIRPORT, MI US",42.77609,-84.59972,261.2,6/30/2024,,,,,50,",,W",30.17,",,W",29.2,",,W",56,",,W",10.29,",,W",,,,,,,,,,,,,0,",,W,2400",,,64,",,W",44,",,W",81,",,W",0,",,W,2400",0,",,W,2400",66,"H,,S",,,72,",,W",53,",,W",,,,,310,",,W",340,",,W",,,,,,,,,18.1,",,W",30,",,W",,,,,,,,,,,,,,,,,,,,,,,,,,,,,,,,,,,,,,,,,,,,,,
USW00014836,"LANSING CAPITAL CITY AIRPORT, MI US",42.77609,-84.59972,261.2,7/1/2024,,,,,48,",,W",30.28,",,W",29.34,",,W",54,",,W",3.8,",,W",,,,,,,,,,,,,0,",,W,2400",,,61,",,W",41,",,W",90,",,W",0,",,W,2400",0,",,W,2400",61,"H,,S",,,74,",,W",46,",,W",,,,,70,",,W",100,",,W",,,,,,,,,13,",,W",19,",,W",,,,,,,,,,,,,,,,,,,,,,,,,,,,,,,,,,,,,,,,,,,,,,
USW00014836,"LANSING CAPITAL CITY AIRPORT, MI US",42.77609,-84.59972,261.2,7/2/2024,,,,,55,",,W",30.08,",,W",29.17,",,W",60,",,W",8.5,",,W",,,,,,,,,,,,,0,"T,,W,2400",,,67,",,W",51,",,W",89,",,W",0,",,W,2400",0,",,W,2400",65,"H,,S",,,74,",,W",52,",,W",,,,,140,",,W",150,",,W",,,,,,,,,17,",,W",23,",,W",,,,,,,,,,,,,,,,,,,,,,,,,,,,,,,,,,,,,,,,,,,,,,
USW00014836,"LANSING CAPITAL CITY AIRPORT, MI US",42.77609,-84.59972,261.2,7/3/2024,,,,,63,",,W",29.89,",,W",28.97,",,W",68,",,W",9.62,",,W",,,,,,,,,,,,,0,"T,,W,2400",,,68,",,W",49,",,W",88,",,W",0,",,W,2400",0,",,W,2400",74,"H,,S",,,84,",,W",67,",,W",,,,,240,",,W",220,",,W",,,,,,,,,16.1,",,W",23.9,",,W",,,,,1,",,W",,,,,,,,,,,,,,,,,,,,,,,,,,,,,,,,,,,,,,,,
USW00014836,"LANSING CAPITAL CITY AIRPORT, MI US",42.77609,-84.59972,261.2,7/4/2024,,,,,65,",,W",29.9,",,W",28.99,",,W",68,",,W",3.58,",,W",,,,,,,,,,,,,0,"T,,W,2400",,,74,",,W",60,",,W",87,",,W",0,",,W,2400",0,",,W,2400",74,"H,,S",,,81,",,W",63,",,W",,,,,250,",,W",230,",,W",,,,,,,,,8.9,",,W",12.1,",,W",,,,,1,",,W",,,,,,,,,,,,,1,",,W",,,,,,,,,,,,,,,,,,,,,,,,,,
USW00014836,"LANSING CAPITAL CITY AIRPORT, MI US",42.77609,-84.59972,261.2,7/5/2024,,,,,66,",,W",29.8,",,W",28.89,",,W",67,",,W",6.04,",,W",,,,,,,,,,,,,0.43,",,W,2400",,,86,",,W",64,",,W",100,",,W",0,",,W,2400",0,",,W,2400",72,"H,,S",,,81,",,W",62,",,W",,,,,270,",,W",240,",,W",,,,,,,,,17,",,W",23,",,W",,,,,1,",,W",,,1,",,W",,,,,,,,,,,,,,,,,,,,,,,,,,,,,,,,,,,,
USW00014836,"LANSING CAPITAL CITY AIRPORT, MI US",42.77609,-84.59972,261.2,7/6/2024,,,,,61,",,W",29.9,",,W",28.95,",,W",64,",,W",8.5,",,W",,,,,,,,,,,,,0,",,W,2400",,,78,",,W",56,",,W",97,",,W",0,",,W,2400",0,",,W,2400",69,"H,,S",,,78,",,W",61,",,W",,,,,260,",,W",270,",,W",,,,,,,,,16.1,",,W",23.9,",,W",,,,,,,,,,,,,,,,,,,,,,,,,,,,,,,,,,,,,,,,,,,,,,
USW00014836,"LANSING CAPITAL CITY AIRPORT, MI US",42.77609,-84.59972,261.2,7/7/2024,,,,,61,",,W",30.02,",,W",29.1,",,W",64,",,W",3.36,",,W",,,,,,,,,,,,,0,",,W,2400",,,71,",,W",51,",,W",97,",,W",0,",,W,2400",0,",,W,2400",69,"H,,S",,,83,",,W",56,",,W",,,,,200,",,W",270,",,W",,,,,,,,,10.1,",,W",15,",,W",,,,,1,",,W",,,,,,,,,,,,,,,,,,,,,,,,,,,,,,,,,,,,,,,,
USW00014836,"LANSING CAPITAL CITY AIRPORT, MI US",42.77609,-84.59972,261.2,7/8/2024,,,,,67,",,W",29.97,",,W",29.05,",,W",70,",,W",6.04,",,W",,,,,,,,,,,,,0.1,",,W,2400",,,75,",,W",57,",,W",97,",,W",0,",,W,2400",0,",,W,2400",75,"H,,S",,,85,",,W",68,",,W",,,,,250,",,W",260,",,W",,,,,,,,,21,",,W",25.1,",,W",,,,,1,",,W",,,,,,,,,,,,,,,,,,,,,,,,,,,,,,,,,,,,,,,,
USW00014836,"LANSING CAPITAL CITY AIRPORT, MI US",42.77609,-84.59972,261.2,7/9/2024,,,,,68,",,W",29.9,",,W",29,",,W",70,",,W",4.47,",,W",,,,,,,,,,,,,0.12,",,W,2400",,,85,",,W",57,",,W",100,",,W",0,",,W,2400",0,",,W,2400",74,"H,,S",,,85,",,W",68,",,W",,,,,140,",,W",150,",,W",,,,,,,,,16.1,",,W",21.9,",,W",,,,,1,",,W",,,,,,,,,,,,,,,,,,,,,,,,,,,,,,,,,,,,,,,,
USW00014836,"LANSING CAPITAL CITY AIRPORT, MI US",42.77609,-84.59972,261.2,7/10/2024,,,,,63,",,W",29.8,",,W",28.85,",,W",64,",,W",11.86,",,W",,,,,,,,,,,,,2.1,",,W,2400",,,93,",,W",71,",,W",100,",,W",0,",,W,2400",0,",,W,2400",67,"H,,S",,,72,",,W",63,",,W",,,,,30,",,W",20,",,W",,,,,,,,,23,",,W",36.9,",,W",,,,,1,",,W",,,,,,,,,,,,,,,,,,,,,,,,,,,,,,,,,,,,,,,,
USW00014836,"LANSING CAPITAL CITY AIRPORT, MI US",42.77609,-84.59972,261.2,7/11/2024,,,,,63,",,W",30.06,",,W",29.11,",,W",66,",,W",3.58,",,W",,,,,,,,,,,,,0,",,W,2400",,,78,",,W",56,",,W",100,",,W",0,",,W,2400",0,",,W,2400",69,"H,,S",,,82,",,W",59,",,W",,,,,70,",,W",70,",,W",,,,,,,,,10.1,",,W",13,",,W",,,,,1,",,W",1,",,W",,,,,,,,,,,,,,,,,,,,,,,,,,,,,,,,,,,,,,
USW00014836,"LANSING CAPITAL CITY AIRPORT, MI US",42.77609,-84.59972,261.2,7/12/2024,,,,,65,",,W",30.12,",,W",29.18,",,W",68,",,W",2.68,",,W",,,,,,,,,,,,,0.03,",,W,2400",,,77,",,W",56,",,W",97,",,W",0,",,W,2400",0,",,W,2400",73,"H,,S",,,84,",,W",63,",,W",,,,,290,",,W",280,",,W",,,,,,,,,13,",,W",16.1,",,W",,,,,1,",,W",,,1,",,W",,,,,,,,,,,,,,,,,,,,,,,,,,,,,,,,,,,,
USW00014836,"LANSING CAPITAL CITY AIRPORT, MI US",42.77609,-84.59972,261.2,7/13/2024,,,,,66,",,W",30.13,",,W",29.21,",,W",70,",,W",4.03,",,W",,,,,,,,,,,,,0,",,W,2400",,,72,",,W",45,",,W",100,",,W",0,",,W,2400",0,",,W,2400",76,"H,,S",,,88,",,W",64,",,W",,,,,250,",,W",260,",,W",,,,,,,,,13,",,W",16.1,",,W",,,,,1,",,W",,,,,,,,,,,,,,,,,,,,,,,,,,,,,,,,,,,,,,,,
USW00014836,"LANSING CAPITAL CITY AIRPORT, MI US",42.77609,-84.59972,261.2,7/14/2024,,,,,69,",,W",29.93,",,W",29.03,",,W",72,",,W",10.51,",,W",,,,,,,,,,,,,0,",,W,2400",,,74,",,W",55,",,W",90,",,W",0,",,W,2400",0,",,W,2400",78,"H,,S",,,85,",,W",71,",,W",,,,,240,",,W",210,",,W",,,,,,,,,18.1,",,W",25.9,",,W",,,,,,,,,,,,,,,,,,,,,,,,,,,,,,,,,,,,,,,,,,,,,,
USW00014836,"LANSING CAPITAL CITY AIRPORT, MI US",42.77609,-84.59972,261.2,7/15/2024,,,,,70,",,W",29.8,",,W",28.91,",,W",72,",,W",6.93,",,W",,,,,,,,,,,,,1.18,",,W,2400",,,82,",,W",63,",,W",100,",,W",0,",,W,2400",0,",,W,2400",76,"H,,S",,,86,",,W",66,",,W",,,,,290,",,W",300,",,W",,,,,,,,,35.1,",,W",49,",,W",,,,,1,",,W",,,1,",,W",,,,,,,,,,,,,,,,,,,,,,,,,,,,,,,,,,,,
USW00014836,"LANSING CAPITAL CITY AIRPORT, MI US",42.77609,-84.59972,261.2,7/16/2024,,,,,68,",,W",29.76,",,W",28.84,",,W",70,",,W",11.18,",,W",,,,,,,,,,,,,0.13,",,W,2400",,,80,",,W",61,",,W",97,",,W",0,",,W,2400",0,",,W,2400",76,"H,,S",,,84,",,W",68,",,W",,,,,240,",,W",270,",,W",,,,,,,,,21.9,",,W",30,",,W",,,,,1,",,W",,,1,",,W",,,,,,,,,,,,,,,,,,,,,,,,,,,,,,,,,,,,
USW00014836,"LANSING CAPITAL CITY AIRPORT, MI US",42.77609,-84.59972,261.2,7/17/2024,,,,,59,",,W",29.91,",,W",28.97,",,W",64,",,W",6.93,",,W",,,,,,,,,,,,,0,"T,,W,2400",,,69,",,W",47,",,W",97,",,W",0,",,W,2400",0,",,W,2400",72,"H,,S",,,81,",,W",60,",,W",,,,,300,",,W",310,",,W",,,,,,,,,18.1,",,W",28,",,W",,,,,,,,,,,,,,,,,,,,,,,,,,,,,,,,,,,,,,,,,,,,,,
USW00014836,"LANSING CAPITAL CITY AIRPORT, MI US",42.77609,-84.59972,261.2,7/18/2024,,,,,54,",,W",30.14,",,W",29.2,",,W",58,",,W",4.7,",,W",,,,,,,,,,,,,0,",,W,2400",,,72,",,W",48,",,W",97,",,W",0,",,W,2400",0,",,W,2400",64,"H,,S",,,74,",,W",53,",,W",,,,,10,",,W",30,",,W",,,,,,,,,13,",,W",19,",,W",,,,,,,,,,,,,,,,,,,,,,,,,,,,,,,,,,,,,,,,,,,,,,
USW00014836,"LANSING CAPITAL CITY AIRPORT, MI US",42.77609,-84.59972,261.2,7/19/2024,,,,,55,",,W",30.16,",,W",29.23,",,W",60,",,W",3.36,",,W",,,,,,,,,,,,,0,",,W,2400",,,67,",,W",43,",,W",100,",,W",0,",,W,2400",0,",,W,2400",66,"H,,S",,,78,",,W",53,",,W",,,,,270,",,W",270,",,W",,,,,,,,,12.1,",,W",16.1,",,W",,,,,,,,,,,,,,,,,,,,,,,,,,,,,,,,,,,,,,,,,,,,,,
USW00014836,"LANSING CAPITAL CITY AIRPORT, MI US",42.77609,-84.59972,261.2,7/20/2024,,,,,58,",,W",30.11,",,W",29.18,",,W",62,",,W",4.47,",,W",,,,,,,,,,,,,0,",,W,2400",,,69,",,W",48,",,W",96,",,W",0,",,W,2400",0,",,W,2400",68,"H,,S",,,81,",,W",56,",,W",,,,,250,",,W",240,",,W",,,,,,,,,12.1,",,W",15,",,W",,,,,,,,,,,,,,,,,,,,,,,,,,,,,,,,,,,,,,,,,,,,,,
USW00014836,"LANSING CAPITAL CITY AIRPORT, MI US",42.77609,-84.59972,261.2,7/21/2024,,,,,62,",,W",30.09,",,W",29.16,",,W",66,",,W",1.57,",,W",,,,,,,,,,,,,0,",,W,2400",,,72,",,W",54,",,W",96,",,W",0,",,W,2400",0,",,W,2400",71,"H,,S",,,82,",,W",59,",,W",,,,,310,",,W",60,",,W",,,,,,,,,6.9,",,W",13,",,W",,,,,,,,,,,,,,,,,,,,,,,,,,,,,,,,,,,,,,,,,,,,,,
USW00014836,"LANSING CAPITAL CITY AIRPORT, MI US",42.77609,-84.59972,261.2,7/22/2024,,,,,64,",,W",30.02,",,W",29.1,",,W",67,",,W",2.91,",,W",,,,,,,,,,,,,0,",,W,2400",,,80,",,W",60,",,W",100,",,W",0,",,W,2400",0,",,W,2400",72,"H,,S",,,80,",,W",62,",,W",,,,,250,",,W",250,",,W",,,,,,,,,12.1,",,W",14.1,",,W",,,,,1,",,W",,,,,,,,,,,,,,,,,,,,,,,,,,,,,,,,,,,,,,,,
USW00014836,"LANSING CAPITAL CITY AIRPORT, MI US",42.77609,-84.59972,261.2,7/23/2024,,,,,62,",,W",30,",,W",29.08,",,W",66,",,W",4.03,",,W",,,,,,,,,,,,,0.12,",,W,2400",,,75,",,W",44,",,W",94,",,W",0,",,W,2400",0,",,W,2400",71,"H,,S",,,84,",,W",61,",,W",,,,,240,",,W",240,",,W",,,,,,,,,25.1,",,W",33.1,",,W",,,,,1,",,W",,,1,",,W",,,,,,,,,,,,,,,,,,,,,,,,,,,,,,,,,,,,
USW00014836,"LANSING CAPITAL CITY AIRPORT, MI US",42.77609,-84.59972,261.2,7/24/2024,,,,,63,",,W",30.07,",,W",29.13,",,W",66,",,W",6.93,",,W",,,,,,,,,,,,,0.01,",,W,2400",,,79,",,W",62,",,W",96,",,W",0,",,W,2400",0,",,W,2400",70,"H,,S",,,76,",,W",64,",,W",,,,,290,",,W",270,",,W",,,,,,,,,14.1,",,W",19.9,",,W",,,,,1,",,W",,,,,,,,,,,,,,,,,,,,,,,,,,,,,,,,,,,,,,,,
USW00014836,"LANSING CAPITAL CITY AIRPORT, MI US",42.77609,-84.59972,261.2,7/25/2024,,,,,58,",,W",30.2,",,W",29.26,",,W",61,",,W",3.8,",,W",,,,,,,,,,,,,0,",,W,2400",,,73,",,W",45,",,W",100,",,W",0,",,W,2400",0,",,W,2400",68,"H,,S",,,78,",,W",56,",,W",,,,,310,",,W",340,",,W",,,,,,,,,10.1,",,W",14.1,",,W",,,,,,,,,,,,,,,,,,,,,,,,,,,,,,,,,,,,,,,,,,,,,,
USW00014836,"LANSING CAPITAL CITY AIRPORT, MI US",42.77609,-84.59972,261.2,7/26/2024,,,,,56,",,W",30.21,",,W",29.28,",,W",61,",,W",2.91,",,W",,,,,,,,,,,,,0,",,W,2400",,,68,",,W",45,",,W",100,",,W",0,",,W,2400",0,",,W,2400",68,"H,,S",,,80,",,W",55,",,W",,,,,30,",,W",30,",,W",,,,,,,,,10.1,",,W",14.1,",,W",,,,,,,,,,,,,,,,,,,,,,,,,,,,,,,,,,,,,,,,,,,,,,
USW00014836,"LANSING CAPITAL CITY AIRPORT, MI US",42.77609,-84.59972,261.2,7/27/2024,,,,,57,",,W",30.14,",,W",29.21,",,W",62,",,W",3.8,",,W",,,,,,,,,,,,,0,",,W,2400",,,65,",,W",45,",,W",96,",,W",0,",,W,2400",0,",,W,2400",69,"H,,S",,,81,",,W",54,",,W",,,,,190,",,W",110,",,W",,,,,,,,,13,",,W",17,",,W",,,,,,,,,,,,,,,,,,,,,,,,,,,,,,,,,,,,,,,,,,,,,,
USW00014836,"LANSING CAPITAL CITY AIRPORT, MI US",42.77609,-84.59972,261.2,7/28/2024,,,,,65,",,W",30.03,",,W",29.13,",,W",68,",,W",5.14,",,W",,,,,,,,,,,,,0,"T,,W,2400",,,72,",,W",54,",,W",93,",,W",0,",,W,2400",0,",,W,2400",74,"H,,S",,,87,",,W",61,",,W",,,,,210,",,W",200,",,W",,,,,,,,,17,",,W",21.9,",,W",,,,,,,,,,,,,,,,,,,,,,,,,,,,,,,,,,,,,,,,,,,,,,
USW00014836,"LANSING CAPITAL CITY AIRPORT, MI US",42.77609,-84.59972,261.2,7/29/2024,,,,,71,",,W",29.86,",,W",28.97,",,W",72,",,W",8.5,",,W",,,,,,,,,,,,,1.54,",,W,2400",,,87,",,W",61,",,W",100,",,W",0,",,W,2400",0,",,W,2400",77,"H,,S",,,86,",,W",70,",,W",,,,,190,",,W",190,",,W",,,,,,,,,21.9,",,W",28,",,W",,,,,1,",,W",,,1,",,W",,,,,,,,,,,,,,,,,,,,,,,,,,,,,,,,,,,,
USW00014836,"LANSING CAPITAL CITY AIRPORT, MI US",42.77609,-84.59972,261.2,7/30/2024,,,,,70,",,W",29.79,",,W",28.87,",,W",72,",,W",9.62,",,W",,,,,,,,,,,,,0.01,",,W,2400",,,81,",,W",61,",,W",100,",,W",0,",,W,2400",0,",,W,2400",75,"H,,S",,,86,",,W",69,",,W",,,,,260,",,W",280,",,W",,,,,,,,,18.1,",,W",23.9,",,W",,,,,1,",,W",,,,,,,,,,,,,,,,,,,,,,,,,,,,,,,,,,,,,,,,
USW00014836,"LANSING CAPITAL CITY AIRPORT, MI US",42.77609,-84.59972,261.2,7/31/2024,,,,,70,",,W",29.9,",,W",28.97,",,W",72,",,W",5.59,",,W",,,,,,,,,,,,,0,",,W,2400",,,77,",,W",54,",,W",100,",,W",0,",,W,2400",0,",,W,2400",77,"H,,S",,,89,",,W",66,",,W",,,,,220,",,W",210,",,W",,,,,,,,,18.1,",,W",23,",,W",,,,,1,",,W",,,,,,,,,,,,,,,,,,,,,,,,,,,,,,,,,,,,,,,,
USW00014836,"LANSING CAPITAL CITY AIRPORT, MI US",42.77609,-84.59972,261.2,8/1/2024,,,,,70,",,W",29.93,",,W",29.02,",,W",72,",,W",2.91,",,W",,,,,,,,,,,,,0,"T,,W,2400",,,83,",,W",63,",,W",100,",,W",0,",,W,2400",0,",,W,2400",77,"H,,S",,,88,",,W",66,",,W",,,,,250,",,W",70,",,W",,,,,,,,,10.1,",,W",14.1,",,W",,,,,1,",,W",,,1,",,W",,,,,,,,,,,,,,,,,,,,,,,,,,,,,,,,,,,,
USW00014836,"LANSING CAPITAL CITY AIRPORT, MI US",42.77609,-84.59972,261.2,8/2/2024,,,,,71,",,W",29.87,",,W",28.95,",,W",73,",,W",4.92,",,W",,,,,,,,,,,,,0.3,",,W,2400",,,86,",,W",67,",,W",100,",,W",0,",,W,2400",0,",,W,2400",76,"H,,S",,,85,",,W",69,",,W",,,,,340,",,W",40,",,W",,,,,,,,,14.1,",,W",17,",,W",,,,,1,",,W",,,1,",,W",,,,,,,,,,,,,,,,,,,,,,,,,,,,,,,,,,,,
USW00014836,"LANSING CAPITAL CITY AIRPORT, MI US",42.77609,-84.59972,261.2,8/3/2024,,,,,67,",,W",29.91,",,W",28.98,",,W",70,",,W",3.8,",,W",,,,,,,,,,,,,0,",,W,2400",,,76,",,W",49,",,W",100,",,W",0,",,W,2400",0,",,W,2400",76,"H,,S",,,87,",,W",65,",,W",,,,,310,",,W",310,",,W",,,,,,,,,14.1,",,W",19,",,W",,,,,1,",,W",,,,,,,,,,,,,,,,,,,,,,,,,,,,,,,,,,,,,,,,
USW00014836,"LANSING CAPITAL CITY AIRPORT, MI US",42.77609,-84.59972,261.2,8/4/2024,,,,,65,",,W",29.98,",,W",29.05,",,W",68,",,W",2.46,",,W",,,,,,,,,,,,,0,",,W,2400",,,74,",,W",48,",,W",100,",,W",0,",,W,2400",0,",,W,2400",74,"H,,S",,,85,",,W",62,",,W",,,,,310,",,W",310,",,W",,,,,,,,,10.1,",,W",13,",,W",,,,,,,,,,,,,,,,,,,,,,,,,,,,,,,,,,,,,,,,,,,,,,
USW00014836,"LANSING CAPITAL CITY AIRPORT, MI US",42.77609,-84.59972,261.2,8/5/2024,,,,,69,",,W",29.99,",,W",29.06,",,W",71,",,W",4.03,",,W",,,,,,,,,,,,,0.3,",,W,2400",,,85,",,W",79,",,W",94,",,W",0,",,W,2400",0,",,W,2400",74,"H,,S",,,80,",,W",68,",,W",,,,,260,",,W",270,",,W",,,,,,,,,23,",,W",31.1,",,W",,,,,1,",,W",,,1,",,W",,,,,,,,,,,,,,,,,,,,,,,,,,,,,,,,,,,,
USW00014836,"LANSING CAPITAL CITY AIRPORT, MI US",42.77609,-84.59972,261.2,8/6/2024,,,,,61,",,W",29.99,",,W",29.05,",,W",63,",,W",10.51,",,W",,,,,,,,,,,,,0.91,",,W,2400",,,89,",,W",70,",,W",100,",,W",0,",,W,2400",0,",,W,2400",67,"H,,S",,,71,",,W",60,",,W",,,,,60,",,W",60,",,W",,,,,,,,,21,",,W",28,",,W",,,,,1,",,W",,,1,",,W",,,,,,,,,,,,,,,,,,,,,,,,,,,,,,,,,,,,
USW00014836,"LANSING CAPITAL CITY AIRPORT, MI US",42.77609,-84.59972,261.2,8/7/2024,,,,,56,",,W",30.01,",,W",29.08,",,W",60,",,W",7.61,",,W",,,,,,,,,,,,,0,",,W,2400",,,72,",,W",50,",,W",97,",,W",0,",,W,2400",0,",,W,2400",66,"H,,S",,,76,",,W",56,",,W",,,,,60,",,W",60,",,W",,,,,,,,,19.9,",,W",25.9,",,W",,,,,,,,,,,,,,,,,,,,,,,,,,,,,,,,,,,,,,,,,,,,,,
USW00014836,"LANSING CAPITAL CITY AIRPORT, MI US",42.77609,-84.59972,261.2,8/8/2024,,,,,59,",,W",29.91,",,W",28.99,",,W",63,",,W",3.8,",,W",,,,,,,,,,,,,0,",,W,2400",,,72,",,W",54,",,W",100,",,W",0,",,W,2400",0,",,W,2400",68,"H,,S",,,80,",,W",54,",,W",,,,,270,",,W",270,",,W",,,,,,,,,12.1,",,W",17,",,W",,,,,,,,,,,,,,,,,,,,,,,,,,,,,,,,,,,,,,,,,,,,,,
USW00014836,"LANSING CAPITAL CITY AIRPORT, MI US",42.77609,-84.59972,261.2,8/9/2024,,,,,56,",,W",29.91,",,W",28.98,",,W",61,",,W",10.29,",,W",,,,,,,,,,,,,0,",,W,2400",,,69,",,W",50,",,W",90,",,W",0,",,W,2400",0,",,W,2400",69,"H,,S",,,74,",,W",60,",,W",,,,,280,",,W",260,",,W",,,,,,,,,19.9,",,W",32,",,W",,,,,,,,,,,,,,,,,,,,,,,,,,,,,,,,,,,,,,,,,,,,,,
USW00014836,"LANSING CAPITAL CITY AIRPORT, MI US",42.77609,-84.59972,261.2,8/10/2024,,,,,53,",,W",30.02,",,W",29.08,",,W",57,",,W",12.08,",,W",,,,,,,,,,,,,0,"T,,W,2400",,,71,",,W",55,",,W",90,",,W",0,",,W,2400",0,",,W,2400",63,"H,,S",,,71,",,W",56,",,W",,,,,260,",,W",260,",,W",,,,,,,,,25.1,",,W",33.1,",,W",,,,,,,,,,,,,,,,,,,,,,,,,,,,,,,,,,,,,,,,,,,,,,
USW00014836,"LANSING CAPITAL CITY AIRPORT, MI US",42.77609,-84.59972,261.2,8/11/2024,,,,,54,",,W",30.04,",,W",29.1,",,W",59,",,W",9.62,",,W",,,,,,,,,,,,,0,",,W,2400",,,66,",,W",44,",,W",90,",,W",0,",,W,2400",0,",,W,2400",66,"H,,S",,,75,",,W",58,",,W",,,,,260,",,W",260,",,W",,,,,,,,,23,",,W",31.1,",,W",,,,,,,,,,,,,,,,,,,,,,,,,,,,,,,,,,,,,,,,,,,,,,
USW00014836,"LANSING CAPITAL CITY AIRPORT, MI US",42.77609,-84.59972,261.2,8/12/2024,,,,,58,",,W",30.08,",,W",29.15,",,W",61,",,W",2.68,",,W",,,,,,,,,,,,,0,",,W,2400",,,73,",,W",45,",,W",96,",,W",0,",,W,2400",0,",,W,2400",67,"H,,S",,,80,",,W",53,",,W",,,,,350,",,W",350,",,W",,,,,,,,,14.1,",,W",17,",,W",,,,,,,,,,,,,,,,,,,,,,,,,,,,,,,,,,,,,,,,,,,,,,
USW00014836,"LANSING CAPITAL CITY AIRPORT, MI US",42.77609,-84.59972,261.2,8/13/2024,,,,,61,",,W",30.12,",,W",29.19,",,W",64,",,W",2.01,",,W",,,,,,,,,,,,,0,",,W,2400",,,74,",,W",45,",,W",100,",,W",0,",,W,2400",0,",,W,2400",70,"H,,S",,,82,",,W",59,",,W",,,,,320,",,W",20,",,W",,,,,,,,,8.9,",,W",13,",,W",,,,,1,",,W",,,,,,,,,,,,,,,,,,,,,,,,,,,,,,,,,,,,,,,,
USW00014836,"LANSING CAPITAL CITY AIRPORT, MI US",42.77609,-84.59972,261.2,8/14/2024,,,,,61,",,W",30.15,",,W",29.23,",,W",64,",,W",1.34,",,W",,,,,,,,,,,,,0,",,W,2400",,,73,",,W",47,",,W",100,",,W",0,",,W,2400",0,",,W,2400",70,"H,,S",,,84,",,W",58,",,W",,,,,40,",,W",80,",,W",,,,,,,,,8.1,",,W",10.1,",,W",,,,,,,,,,,,,,,,,,,,,,,,,,,,,,,,,,,,,,,,,,,,,,
USW00014836,"LANSING CAPITAL CITY AIRPORT, MI US",42.77609,-84.59972,261.2,8/15/2024,,,,,61,",,W",30.05,",,W",29.13,",,W",64,",,W",7.38,",,W",,,,,,,,,,,,,0.25,",,W,2400",,,75,",,W",54,",,W",96,",,W",0,",,W,2400",0,",,W,2400",70,"H,,S",,,79,",,W",60,",,W",,,,,180,",,W",190,",,W",,,,,,,,,21,",,W",27.1,",,W",,,,,1,",,W",,,,,,,,,,,,,,,,,,,,,,,,,,,,,,,,,,,,,,,,
USW00014836,"LANSING CAPITAL CITY AIRPORT, MI US",42.77609,-84.59972,261.2,8/16/2024,,,,,67,",,W",29.83,",,W",28.94,",,W",69,",,W",7.61,",,W",,,,,,,,,,,,,0.19,",,W,2400",,,88,",,W",67,",,W",100,",,W",0,",,W,2400",0,",,W,2400",69,"H,,S",,,82,",,W",64,",,W",,,,,210,",,W",140,",,W",,,,,,,,,14.1,",,W",19,",,W",,,,,1,",,W",,,1,",,W",,,,,,,,,,,,,,,,,,,,,,,,,,,,,,,,,,,,
USW00014836,"LANSING CAPITAL CITY AIRPORT, MI US",42.77609,-84.59972,261.2,8/17/2024,,,,,68,",,W",29.72,",,W",28.82,",,W",68,",,W",8.95,",,W",,,,,,,,,,,,,0.69,",,W,2400",,,93,",,W",69,",,W",100,",,W",0,",,W,2400",0,",,W,2400",72,"H,,S",,,79,",,W",65,",,W",,,,,280,",,W",300,",,W",,,,,,,,,21,",,W",29.1,",,W",,,,,1,",,W",,,1,",,W",,,,,,,,,1,",,W",,,,,,,,,,,,,,,,,,,,,,,,,,
USW00014836,"LANSING CAPITAL CITY AIRPORT, MI US",42.77609,-84.59972,261.2,8/18/2024,,,,,66,",,W",29.84,",,W",28.92,",,W",67,",,W",7.61,",,W",,,,,,,,,,,,,0.09,",,W,2400",,,90,",,W",76,",,W",100,",,W",0,",,W,2400",0,",,W,2400",69,"H,,S",,,78,",,W",65,",,W",,,,,360,",,W",10,",,W",,,,,,,,,21,",,W",29.1,",,W",,,,,1,",,W",,,,,,,,,,,,,,,,,,,,,,,,,,,,,,,,,,,,,,,,
USW00014836,"LANSING CAPITAL CITY AIRPORT, MI US",42.77609,-84.59972,261.2,8/19/2024,,,,,54,",,W",30.06,",,W",29.12,",,W",58,",,W",8.5,",,W",,,,,,,,,,,,,0,",,W,2400",,,75,",,W",53,",,W",97,",,W",0,",,W,2400",0,",,W,2400",65,"H,,S",,,73,",,W",51,",,W",,,,,360,",,W",330,",,W",,,,,,,,,18.1,",,W",25.9,",,W",,,,,,,,,,,,,,,,,,,,,,,,,,,,,,,,,,,,,,,,,,,,,,
USW00014836,"LANSING CAPITAL CITY AIRPORT, MI US",42.77609,-84.59972,261.2,8/20/2024,,,,,49,",,W",30.23,",,W",29.28,",,W",53,",,W",4.7,",,W",,,,,,,,,,,,,0,",,W,2400",,,74,",,W",45,",,W",97,",,W",0,",,W,2400",0,",,W,2400",58,"H,,S",,,69,",,W",49,",,W",,,,,20,",,W",10,",,W",,,,,,,,,15,",,W",19,",,W",,,,,,,,,,,,,,,,,,,,,,,,,,,,,,,,,,,,,,,,,,,,,,
USW00014836,"LANSING CAPITAL CITY AIRPORT, MI US",42.77609,-84.59972,261.2,8/21/2024,,,,,51,",,W",30.27,",,W",29.33,",,W",55,",,W",3.36,",,W",,,,,,,,,,,,,0,",,W,2400",,,73,",,W",44,",,W",100,",,W",0,",,W,2400",0,",,W,2400",60,"H,,S",,,74,",,W",46,",,W",,,,,350,",,W",350,",,W",,,,,,,,,15,",,W",21,",,W",,,,,,,,,,,,,,,,,,,,,,,,,,,,,,,,,,,,,,,,,,,,,,
USW00014836,"LANSING CAPITAL CITY AIRPORT, MI US",42.77609,-84.59972,261.2,8/22/2024,,,,,53,",,W",30.27,",,W",29.33,",,W",57,",,W",2.46,",,W",,,,,,,,,,,,,0,",,W,2400",,,72,",,W",46,",,W",97,",,W",0,",,W,2400",0,",,W,2400",62,"H,,S",,,76,",,W",50,",,W",,,,,280,",,W",240,",,W",,,,,,,,,10.1,",,W",18.1,",,W",,,,,,,,,,,,,,,,,,,,,,,,,,,,,,,,,,,,,,,,,,,,,,
USW00014836,"LANSING CAPITAL CITY AIRPORT, MI US",42.77609,-84.59972,261.2,8/23/2024,,,,,55,",,W",30.25,",,W",29.31,",,W",60,",,W",3.8,",,W",,,,,,,,,,,,,0,",,W,2400",,,71,",,W",48,",,W",97,",,W",0,",,W,2400",0,",,W,2400",65,"H,,S",,,77,",,W",54,",,W",,,,,210,",,W",260,",,W",,,,,,,,,13,",,W",21.9,",,W",,,,,,,,,,,,,,,,,,,,,,,,,,,,,,,,,,,,,,,,,,,,,,
USW00014836,"LANSING CAPITAL CITY AIRPORT, MI US",42.77609,-84.59972,261.2,8/24/2024,,,,,60,",,W",30.19,",,W",29.26,",,W",64,",,W",2.91,",,W",,,,,,,,,,,,,0,",,W,2400",,,71,",,W",51,",,W",91,",,W",0,",,W,2400",0,",,W,2400",70,"H,,S",,,83,",,W",58,",,W",,,,,240,",,W",240,",,W",,,,,,,,,14.1,",,W",18.1,",,W",,,,,,,,,,,,,,,,,,,,,,,,,,,,,,,,,,,,,,,,,,,,,,
USW00014836,"LANSING CAPITAL CITY AIRPORT, MI US",42.77609,-84.59972,261.2,8/25/2024,,,,,68,",,W",30.17,",,W",29.24,",,W",71,",,W",2.91,",,W",,,,,,,,,,,,,0,",,W,2400",,,78,",,W",55,",,W",97,",,W",0,",,W,2400",0,",,W,2400",75,"H,,S",,,88,",,W",64,",,W",,,,,210,",,W",210,",,W",,,,,,,,,14.1,",,W",19,",,W",,,,,1,",,W",,,,,,,,,,,,,,,,,,,,,,,,,,,,,,,,,,,,,,,,
USW00014836,"LANSING CAPITAL CITY AIRPORT, MI US",42.77609,-84.59972,261.2,8/26/2024,,,,,69,",,W",30.11,",,W",29.19,",,W",73,",,W",5.82,",,W",,,,,,,,,,,,,0,",,W,2400",,,70,",,W",53,",,W",87,",,W",0,",,W,2400",0,",,W,2400",79,"H,,S",,,90,",,W",71,",,W",,,,,200,",,W",200,",,W",,,,,,,,,14.1,",,W",19,",,W",,,,,,,,,,,,,,,,,,,,,,,,,,,,,,,,,,,,,,,,,,,,,,
USW00014836,"LANSING CAPITAL CITY AIRPORT, MI US",42.77609,-84.59972,261.2,8/27/2024,,,,,70,",,W",30.01,",,W",29.08,",,W",72,",,W",8.72,",,W",,,,,,,,,,,,,0.47,",,W,2400",,,81,",,W",49,",,W",100,",,W",0,",,W,2400",0,",,W,2400",80,"H,,S",,,92,",,W",69,",,W",,,,,310,",,W",310,",,W",,,,,,,,,46.1,",,W",65.1,",,W",,,,,1,",,W",,,1,",,W",,,,,,,,,,,,,,,,,,,,,,,,,,,,,,,,,,,,
USW00014836,"LANSING CAPITAL CITY AIRPORT, MI US",42.77609,-84.59972,261.2,8/28/2024,,,,,71,",,W",30.06,",,W",29.11,",,W",72,",,W",6.93,",,W",,,,,,,,,,,,,0.05,",,W,2400",,,88,",,W",76,",,W",100,",,W",0,",,W,2400",0,",,W,2400",75,"H,,S",,,83,",,W",67,",,W",,,,,260,",,W",240,",,W",,,,,,,,,19.9,",,W",23.9,",,W",,,,,1,",,W",,,1,",,W",,,,,,,,,,,,,,,,,,,,,,,,,,,,,,,,,,,,
USW00014836,"LANSING CAPITAL CITY AIRPORT, MI US",42.77609,-84.59972,261.2,8/29/2024,,,,,67,",,W",30.17,",,W",29.24,",,W",68,",,W",4.7,",,W",,,,,,,,,,,,,0,",,W,2400",,,89,",,W",69,",,W",100,",,W",0,",,W,2400",0,",,W,2400",71,"H,,S",,,81,",,W",63,",,W",,,,,150,",,W",150,",,W",,,,,,,,,8.9,",,W",13,",,W",,,,,1,",,W",,,,,,,,,,,,,,,,,,,,,,,,,,,,,,,,,,,,,,,,
USW00014836,"LANSING CAPITAL CITY AIRPORT, MI US",42.77609,-84.59972,261.2,8/30/2024,,,,,70,",,W",29.96,",,W",29.11,",,W",71,",,W",8.72,",,W",,,,,,,,,,,,,0,",,W,2400",,,83,",,W",61,",,W",100,",,W",0,",,W,2400",0,",,W,2400",74,"H,,S",,,86,",,W",69,",,W",,,,,180,",,W",150,",,W",,,,,,,,,16.1,",,W",21.9,",,W",,,,,1,",,W",,,1,",,W",,,,,,,,,,,,,,,,,,,,,,,,,,,,,,,,,,,,
USW00014836,"LANSING CAPITAL CITY AIRPORT, MI US",42.77609,-84.59972,261.2,8/31/2024,,,,,62,",,W",29.99,",,W",29.08,",,W",66,",,W",6.71,",,W",,,,,,,,,,,1511,",,W",0,",,W,2400",,,72,",,W",51,",,W",100,",,W",0,",,W,2400",0,",,W,2400",73,"H,,S",,,82,",,W",63,",,W",,,,,280,",,W",260,",,W",,,,,,,,,14.1,",,W",21.9,",,W",,,,,,,,,,,,,,,,,,,,,,,,,,,,,,,,,,,,,,,,,,,,,,
USW00014836,"LANSING CAPITAL CITY AIRPORT, MI US",42.77609,-84.59972,261.2,9/1/2024,,,,,54,",,W",30,",,W",29.08,",,W",60,",,W",8.95,",,W",,,,,,,,,,,,,0,",,W,2400",,,65,",,W",43,",,W",90,",,W",0,",,W,2400",0,",,W,2400",69,"H,,S",,,77,",,W",55,",,W",,,,,350,",,W",310,",,W",,,,,,,,,16.1,",,W",23.9,",,W",,,,,,,,,,,,,,,,,,,1,",,W",,,,,,,,,,,,,,,,,,,,,,,,,,
USW00014836,"LANSING CAPITAL CITY AIRPORT, MI US",42.77609,-84.59972,261.2,9/2/2024,,,,,46,",,W",30.3,",,W",29.36,",,W",52,",,W",4.03,",,W",,,,,,,,,,,,,0,",,W,2400",,,64,",,W",39,",,W",93,",,W",0,",,W,2400",0,",,W,2400",60,"H,,S",,,71,",,W",47,",,W",,,,,40,",,W",10,",,W",,,,,,,,,14.1,",,W",19,",,W",,,,,,,,,,,,,,,,,,,,,,,,,,,,,,,,,,,,,,,,,,,,,,
USW00014836,"LANSING CAPITAL CITY AIRPORT, MI US",42.77609,-84.59972,261.2,9/3/2024,,,,,47,",,W",30.35,",,W",29.41,",,W",54,",,W",2.24,",,W",,,,,,,,,,,,,0,",,W,2400",,,64,",,W",33,",,W",93,",,W",0,",,W,2400",0,",,W,2400",60,"H,,S",,,76,",,W",47,",,W",,,,,200,",,W",200,",,W",,,,,,,,,10.1,",,W",14.1,",,W",,,,,,,,,,,,,,,,,,,,,,,,,,,,,,,,,,,,,,,,,,,,,,
USW00014836,"LANSING CAPITAL CITY AIRPORT, MI US",42.77609,-84.59972,261.2,9/4/2024,,,,,51,",,W",30.32,",,W",29.38,",,W",57,",,W",4.92,",,W",,,,,,,,,,,,,0,",,W,2400",,,65,",,W",40,",,W",96,",,W",0,",,W,2400",0,",,W,2400",63,"H,,S",,,77,",,W",49,",,W",,,,,100,",,W",110,",,W",,,,,,,,,12.1,",,W",17,",,W",,,,,,,,,,,,,,,,,,,,,,,,,,,,,,,,,,,,,,,,,,,,,,
USW00014836,"LANSING CAPITAL CITY AIRPORT, MI US",42.77609,-84.59972,261.2,9/5/2024,,,,,61,",,W",30.13,",,W",29.18,",,W",64,",,W",5.82,",,W",,,,,,,,,,,,,0.09,",,W,2400",,,72,",,W",48,",,W",96,",,W",0,",,W,2400",0,",,W,2400",70,"H,,S",,,86,",,W",56,",,W",,,,,240,",,W",210,",,W",,,,,,,,,17,",,W",27.1,",,W",,,,,1,",,W",,,1,",,W",,,,,,,,,,,,,,,,,,,,,,,,,,,,,,,,,,,,
USW00014836,"LANSING CAPITAL CITY AIRPORT, MI US",42.77609,-84.59972,261.2,9/6/2024,,,,,56,",,W",30.05,",,W",29.12,",,W",58,",,W",8.72,",,W",,,,,,,,,,,,,0.06,",,W,2400",,,83,",,W",60,",,W",100,",,W",0,",,W,2400",0,",,W,2400",65,"H,,S",,,66,",,W",51,",,W",,,,,350,",,W",340,",,W",,,,,,,,,16.1,",,W",25.1,",,W",,,,,1,",,W",,,,,,,,,,,,,,,,,,,,,,,,,,,,,,,,,,,,,,,,
USW00014836,"LANSING CAPITAL CITY AIRPORT, MI US",42.77609,-84.59972,261.2,9/7/2024,,,,,42,",,W",30.12,",,W",29.18,",,W",47,",,W",8.72,",,W",,,,,,,,,,,,,0,",,W,2400",,,72,",,W",44,",,W",97,",,W",0,",,W,2400",0,",,W,2400",53,"H,,S",,,62,",,W",44,",,W",,,,,310,",,W",310,",,W",,,,,,,,,17,",,W",25.9,",,W",,,,,,,,,,,,,,,,,,,,,,,,,,,,,,,,,,,,,,,,,,,,,,
USW00014836,"LANSING CAPITAL CITY AIRPORT, MI US",42.77609,-84.59972,261.2,9/8/2024,,,,,45,",,W",30.11,",,W",29.17,",,W",51,",,W",9.17,",,W",,,,,,,,,,,,,0,",,W,2400",,,67,",,W",42,",,W",93,",,W",0,",,W,2400",0,",,W,2400",55,"H,,S",,,71,",,W",42,",,W",,,,,260,",,W",250,",,W",,,,,,,,,21.9,",,W",31.1,",,W",,,,,,,,,,,,,,,,,,,,,,,,,,,,,,,,,,,,,,,,,,,,,,
USW00014836,"LANSING CAPITAL CITY AIRPORT, MI US",42.77609,-84.59972,261.2,9/9/2024,,,,,56,",,W",30.07,",,W",29.14,",,W",60,",,W",11.63,",,W",,,,,,,,,,,,,0,",,W,2400",,,73,",,W",54,",,W",97,",,W",0,",,W,2400",0,",,W,2400",64,"H,,S",,,79,",,W",56,",,W",,,,,260,",,W",250,",,W",,,,,,,,,21.9,",,W",31.1,",,W",,,,,,,,,,,,,,,,,,,,,,,,,,,,,,,,,,,,,,,,,,,,,,
USW00014836,"LANSING CAPITAL CITY AIRPORT, MI US",42.77609,-84.59972,261.2,9/10/2024,,,,,57,",,W",30.12,",,W",29.2,",,W",60,",,W",2.01,",,W",,,,,,,,,,,,,0,",,W,2400",,,78,",,W",45,",,W",100,",,W",0,",,W,2400",0,",,W,2400",65,"H,,S",,,81,",,W",49,",,W",,,,,250,",,W",250,",,W",,,,,,,,,10.1,",,W",14.1,",,W",,,,,1,",,W",1,",,W",,,,,,,,,,,,,,,,,,,,,,,,,,,,,,,,,,,,,,
USW00014836,"LANSING CAPITAL CITY AIRPORT, MI US",42.77609,-84.59972,261.2,9/11/2024,,,,,57,",,W",30.1,",,W",29.17,",,W",61,",,W",2.91,",,W",,,,,,,,,,,,,0,",,W,2400",,,70,",,W",35,",,W",100,",,W",0,",,W,2400",0,",,W,2400",69,"H,,S",,,84,",,W",56,",,W",,,,,210,",,W",230,",,W",,,,,,,,,8.9,",,W",13,",,W",,,,,1,",,W",,,,,,,,,,,,,,,,,,,,,,,,,,,,,,,,,,,,,,,,
USW00014836,"LANSING CAPITAL CITY AIRPORT, MI US",42.77609,-84.59972,261.2,9/12/2024,,,,,59,",,W",30.13,",,W",29.2,",,W",63,",,W",4.25,",,W",,,,,,,,,,,,,0,",,W,2400",,,72,",,W",40,",,W",100,",,W",0,",,W,2400",0,",,W,2400",69,"H,,S",,,84,",,W",56,",,W",,,,,140,",,W",140,",,W",,,,,,,,,14.1,",,W",21,",,W",,,,,1,",,W",,,,,,,,,,,,,,,,,,,,,,,,,,,,,,,,,,,,,,,,
USW00014836,"LANSING CAPITAL CITY AIRPORT, MI US",42.77609,-84.59972,261.2,9/13/2024,,,,,60,",,W",30.16,",,W",29.23,",,W",64,",,W",5.82,",,W",,,,,,,,,,,,,0,",,W,2400",,,72,",,W",49,",,W",96,",,W",0,",,W,2400",0,",,W,2400",70,"H,,S",,,83,",,W",59,",,W",,,,,70,",,W",110,",,W",,,,,,,,,15,",,W",19.9,",,W",,,,,,,,,,,,,,,,,,,,,,,,,,,,,,,,,,,,,,,,,,,,,,
USW00014836,"LANSING CAPITAL CITY AIRPORT, MI US",42.77609,-84.59972,261.2,9/14/2024,,,,,60,",,W",30.18,",,W",29.24,",,W",64,",,W",5.59,",,W",,,,,,,,,,,,,0,",,W,2400",,,73,",,W",44,",,W",97,",,W",0,",,W,2400",0,",,W,2400",69,"H,,S",,,85,",,W",56,",,W",,,,,100,",,W",90,",,W",,,,,,,,,14.1,",,W",19.9,",,W",,,,,,,,,,,,,,,,,,,,,,,,,,,,,,,,,,,,,,,,,,,,,,
USW00014836,"LANSING CAPITAL CITY AIRPORT, MI US",42.77609,-84.59972,261.2,9/15/2024,,,,,59,",,W",30.21,",,W",29.28,",,W",64,",,W",6.26,",,W",,,,,,,,,,,,,0,",,W,2400",,,66,",,W",40,",,W",93,",,W",0,",,W,2400",0,",,W,2400",72,"H,,S",,,86,",,W",58,",,W",,,,,130,",,W",110,",,W",,,,,,,,,14.1,",,W",19.9,",,W",,,,,,,,,,,,,,,,,,,,,,,,,,,,,,,,,,,,,,,,,,,,,,
USW00014836,"LANSING CAPITAL CITY AIRPORT, MI US",42.77609,-84.59972,261.2,9/16/2024,,,,,55,",,W",30.2,",,W",29.27,",,W",61,",,W",4.25,",,W",,,,,,,,,,,,,0,",,W,2400",,,63,",,W",33,",,W",97,",,W",0,",,W,2400",0,",,W,2400",71,"H,,S",,,84,",,W",57,",,W",,,,,90,",,W",70,",,W",,,,,,,,,13,",,W",23,",,W",,,,,1,",,W",,,,,,,,,,,,,,,,,,,,,,,,,,,,,,,,,,,,,,,,
USW00014836,"LANSING CAPITAL CITY AIRPORT, MI US",42.77609,-84.59972,261.2,9/17/2024,,,,,53,",,W",30.12,",,W",29.2,",,W",59,",,W",3.58,",,W",,,,,,,,,,,,,0,",,W,2400",,,67,",,W",32,",,W",100,",,W",0,",,W,2400",0,",,W,2400",67,"H,,S",,,82,",,W",52,",,W",,,,,60,",,W",70,",,W",,,,,,,,,13,",,W",17,",,W",,,,,,,,,,,,,,,,,,,,,,,,,,,,,,,,,,,,,,,,,,,,,,
USW00014836,"LANSING CAPITAL CITY AIRPORT, MI US",42.77609,-84.59972,261.2,9/18/2024,,,,,60,",,W",30.02,",,W",29.1,",,W",63,",,W",3.13,",,W",,,,,,,,,,,,,0,",,W,2400",,,79,",,W",56,",,W",100,",,W",0,",,W,2400",0,",,W,2400",66,"H,,S",,,83,",,W",52,",,W",,,,,100,",,W",100,",,W",,,,,,,,,10.1,",,W",13,",,W",,,,,1,",,W",,,,,,,,,,,,,,,,,,,,,,,,,,,,,,,,,,,,,,,,
USW00014836,"LANSING CAPITAL CITY AIRPORT, MI US",42.77609,-84.59972,261.2,9/19/2024,,,,,60,",,W",29.96,",,W",29.05,",,W",64,",,W",2.68,",,W",,,,,,,,,,,,,0,",,W,2400",,,75,",,W",47,",,W",100,",,W",0,",,W,2400",0,",,W,2400",69,"H,,S",,,84,",,W",56,",,W",,,,,150,",,W",150,",,W",,,,,,,,,10.1,",,W",13,",,W",,,,,1,",,W",1,",,W",,,,,,,,,,,,,,,,,,,,,,,,,,,,,,,,,,,,,,
USW00014836,"LANSING CAPITAL CITY AIRPORT, MI US",42.77609,-84.59972,261.2,9/20/2024,,,,,62,",,W",29.87,",,W",28.95,",,W",66,",,W",7.38,",,W",,,,,,,,,,,,,0,",,W,2400",,,74,",,W",44,",,W",97,",,W",0,",,W,2400",0,",,W,2400",71,"H,,S",,,86,",,W",63,",,W",,,,,210,",,W",210,",,W",,,,,,,,,19.9,",,W",25.1,",,W",,,,,,,,,,,,,,,,,,,,,,,,,,,,,,,,,,,,,,,,,,,,,,
USW00014836,"LANSING CAPITAL CITY AIRPORT, MI US",42.77609,-84.59972,261.2,9/21/2024,,,,,60,",,W",29.91,",,W",28.98,",,W",64,",,W",2.46,",,W",,,,,,,,,,,,,0,",,W,2400",,,73,",,W",32,",,W",100,",,W",0,",,W,2400",0,",,W,2400",71,"H,,S",,,87,",,W",59,",,W",,,,,300,",,W",300,",,W",,,,,,,,,10.1,",,W",15,",,W",,,,,1,",,W",1,",,W",,,,,,,,,,,,,,,,,,,,,,,,,,,,,,,,,,,,,,
USW00014836,"LANSING CAPITAL CITY AIRPORT, MI US",42.77609,-84.59972,261.2,9/22/2024,,,,,61,",,W",29.86,",,W",28.95,",,W",63,",,W",4.92,",,W",,,,,,,,,,,,,0.39,",,W,2400",,,81,",,W",56,",,W",100,",,W",0,",,W,2400",0,",,W,2400",68,"H,,S",,,79,",,W",58,",,W",,,,,330,",,W",330,",,W",,,,,,,,,12.1,",,W",16.1,",,W",,,,,1,",,W",,,,,,,,,,,,,,,,,,,,,,,,,,,,,,,,,,,,,,,,
USW00014836,"LANSING CAPITAL CITY AIRPORT, MI US",42.77609,-84.59972,261.2,9/23/2024,,,,,56,",,W",29.97,",,W",29.03,",,W",58,",,W",5.82,",,W",,,,,,,,,,,,,0,",,W,2400",,,88,",,W",78,",,W",100,",,W",0,",,W,2400",0,",,W,2400",61,"H,,S",,,65,",,W",56,",,W",,,,,330,",,W",350,",,W",,,,,,,,,15,",,W",23,",,W",,,,,,,,,,,,,,,,,,,,,,,,,,,,,,,,,,,,,,,,,,,,,,
USW00014836,"LANSING CAPITAL CITY AIRPORT, MI US",42.77609,-84.59972,261.2,9/24/2024,,,,,61,",,W",29.81,",,W",28.9,",,W",62,",,W",7.16,",,W",,,,,,,,,,,,,0.08,",,W,2400",,,93,",,W",76,",,W",100,",,W",0,",,W,2400",0,",,W,2400",62,"H,,S",,,72,",,W",56,",,W",,,,,210,",,W",210,",,W",,,,,,,,,17,",,W",21.9,",,W",,,,,1,",,W",,,,,,,,,,,,,1,",,W",,,,,,,,,,,,,,,,,,,,,,,,,,
USW00014836,"LANSING CAPITAL CITY AIRPORT, MI US",42.77609,-84.59972,261.2,9/25/2024,,,,,59,",,W",29.87,",,W",28.92,",,W",62,",,W",8.28,",,W",,,,,,,,,,,,,0,"T,,W,2400",,,80,",,W",55,",,W",97,",,W",0,",,W,2400",0,",,W,2400",67,"H,,S",,,76,",,W",55,",,W",,,,,230,",,W",210,",,W",,,,,,,,,18.1,",,W",25.9,",,W",,,,,1,",,W",,,,,,,,,,,,,1,",,W",,,,,,,,,,,,,,,,,,,,,,,,,,
USW00014836,"LANSING CAPITAL CITY AIRPORT, MI US",42.77609,-84.59972,261.2,9/26/2024,,,,,54,",,W",30.05,",,W",29.11,",,W",57,",,W",2.46,",,W",,,,,,,,,,,1041,",,W",0,",,W,2400",,,82,",,W",61,",,W",100,",,W",0,",,W,2400",0,",,W,2400",61,"H,,S",,,70,",,W",49,",,W",,,,,50,",,W",40,",,W",,,,,,,,,10.1,",,W",14.1,",,W",,,,,,,,,,,,,,,,,,,,,,,,,,,,,,,,,,,,,,,,,,,,,,
USW00014836,"LANSING CAPITAL CITY AIRPORT, MI US",42.77609,-84.59972,261.2,9/27/2024,,,,,54,",,W",29.92,",,W",28.99,",,W",58,",,W",12.75,",,W",,,,,,,,,,,1249,",,W",0,",,W,2400",,,71,",,W",46,",,W",97,",,W",0,",,W,2400",0,",,W,2400",63,"H,,S",,,74,",,W",54,",,W",,,,,70,",,W",80,",,W",,,,,,,,,25.1,",,W",36,",,W",,,,,,,,,,,,,,,,,,,,,,,,,,,,,,,,,,,,,,,,,,,,,,
USW00014836,"LANSING CAPITAL CITY AIRPORT, MI US",42.77609,-84.59972,261.2,9/28/2024,,,,,59,",,W",29.86,",,W",28.94,",,W",62,",,W",10.07,",,W",,,,,,,,,,,1910,",,W",0,"T,,W,2400",,,77,",,W",68,",,W",93,",,W",0,",,W,2400",0,",,W,2400",67,"H,,S",,,74,",,W",63,",,W",,,,,30,",,W",30,",,W",,,,,,,,,17,",,W",25.9,",,W",,,,,1,",,W",,,,,,,,,,,,,,,,,,,,,,,,,,,,,,,,,,,,,,,,
USW00014836,"LANSING CAPITAL CITY AIRPORT, MI US",42.77609,-84.59972,261.2,9/29/2024,,,,,61,",,W",29.99,",,W",29.05,",,W",64,",,W",9.62,",,W",,,,,,,,,,,1404,",,W",0.03,",,W,2400",,,82,",,W",57,",,W",100,",,W",0,",,W,2400",0,",,W,2400",67,"H,,S",,,77,",,W",61,",,W",,,,,30,",,W",50,",,W",,,,,,,,,17,",,W",23.9,",,W",,,,,1,",,W",,,,,,,,,,,,,,,,,,,,,,,,,,,,,,,,,,,,,,,,
USW00014836,"LANSING CAPITAL CITY AIRPORT, MI US",42.77609,-84.59972,261.2,9/30/2024,,,,,60,",,W",30.01,",,W",29.09,",,W",61,",,W",3.8,",,W",,,,,,,,,,,1446,",,W",0,",,W,2400",,,91,",,W",71,",,W",100,",,W",0,",,W,2400",0,",,W,2400",63,"H,,S",,,72,",,W",55,",,W",,,,,110,",,W",120,",,W",,,,,,,,,12.1,",,W",16.1,",,W",,,,,1,",,W",,,,,,,,,,,,,,,,,,,,,,,,,,,,,,,,,,,,,,,,
USW00014836,"LANSING CAPITAL CITY AIRPORT, MI US",42.77609,-84.59972,261.2,10/1/2024,,,,,56,",,W",30,",,W",29.05,",,W",58,",,W",4.92,",,W",,,,,,,,,,,,,0.05,",,W,2400",,,90,",,W",72,",,W",100,",,W",0,",,W,2400",0,",,W,2400",62,"H,,S",,,73,",,W",45,",,W",,,,,320,",,W",310,",,W",,,,,,,,,21.9,",,W",29.1,",,W",,,,,1,",,W",,,,,,,,,,,,,1,",,W",,,,,,,,,,,,,,,,,,,,,,,,,,
USW00014836,"LANSING CAPITAL CITY AIRPORT, MI US",42.77609,-84.59972,261.2,10/2/2024,,,,,42,",,W",30.05,",,W",29.11,",,W",48,",,W",4.03,",,W",,,,,,,,,,,,,0,",,W,2400",,,67,",,W",39,",,W",100,",,W",0,",,W,2400",0,",,W,2400",54,"H,,S",,,69,",,W",41,",,W",,,,,250,",,W",190,",,W",,,,,,,,,13,",,W",17,",,W",,,,,,,,,,,,,,,,,,,,,,,,,,,,,,,,,,,,,,,,,,,,,,
USW00014836,"LANSING CAPITAL CITY AIRPORT, MI US",42.77609,-84.59972,261.2,10/3/2024,,,,,48,",,W",30.07,",,W",29.1,",,W",54,",,W",4.47,",,W",,,,,,,,,,,,,0,",,W,2400",,,63,",,W",36,",,W",90,",,W",0,",,W,2400",0,",,W,2400",60,"H,,S",,,78,",,W",50,",,W",,,,,270,",,W",230,",,W",,,,,,,,,13,",,W",17,",,W",,,,,,,,,,,,,,,,,,,,,,,,,,,,,,,,,,,,,,,,,,,,,,
USW00014836,"LANSING CAPITAL CITY AIRPORT, MI US",42.77609,-84.59972,261.2,10/4/2024,,,,,48,",,W",30.24,",,W",29.28,",,W",52,",,W",4.03,",,W",,,,,,,,,,,,,0,",,W,2400",,,69,",,W",46,",,W",89,",,W",0,",,W,2400",0,",,W,2400",59,"H,,S",,,71,",,W",48,",,W",,,,,350,",,W",340,",,W",,,,,,,,,8.9,",,W",14.1,",,W",,,,,,,,,,,,,,,,,,,,,,,,,,,,,,,,,,,,,,,,,,,,,,
USW00014836,"LANSING CAPITAL CITY AIRPORT, MI US",42.77609,-84.59972,261.2,10/5/2024,,,,,46,",,W",30.2,",,W",29.29,",,W",51,",,W",8.95,",,W",,,,,,,,,,,,,0,",,W,2400",,,68,",,W",39,",,W",93,",,W",0,",,W,2400",0,",,W,2400",56,"H,,S",,,71,",,W",39,",,W",,,,,150,",,W",150,",,W",,,,,,,,,18.1,",,W",28,",,W",,,,,,,,,,,,,,,,,,,,,,,,,,,,,,,,,,,,,,,,,,,,,,
USW00014836,"LANSING CAPITAL CITY AIRPORT, MI US",42.77609,-84.59972,261.2,10/6/2024,,,,,47,",,W",29.88,",,W",28.96,",,W",55,",,W",16.11,",,W",,,,,,,,,,,,,0,",,W,2400",,,53,",,W",22,",,W",78,",,W",0,",,W,2400",0,",,W,2400",66,"H,,S",,,76,",,W",55,",,W",,,,,250,",,W",270,",,W",,,,,,,,,32,",,W",42.1,",,W",,,,,,,,,,,,,,,,,,,1,",,W",,,,,,,,,,,,,,,,,,,,,,,,,,
USW00014836,"LANSING CAPITAL CITY AIRPORT, MI US",42.77609,-84.59972,261.2,10/7/2024,,,,,38,",,W",30.05,",,W",29.12,",,W",47,",,W",7.61,",,W",,,,,,,,,,,,,0,",,W,2400",,,54,",,W",29,",,W",77,",,W",0,",,W,2400",0,",,W,2400",57,"H,,S",,,66,",,W",44,",,W",,,,,310,",,W",290,",,W",,,,,,,,,15,",,W",21,",,W",,,,,,,,,,,,,,,,,,,,,,,,,,,,,,,,,,,,,,,,,,,,,,
USW00014836,"LANSING CAPITAL CITY AIRPORT, MI US",42.77609,-84.59972,261.2,10/8/2024,,,,,37,",,W",30.01,",,W",29.06,",,W",46,",,W",6.26,",,W",,,,,,,,,,,,,0,",,W,2400",,,59,",,W",30,",,W",93,",,W",0,",,W,2400",0,",,W,2400",53,"H,,S",,,70,",,W",39,",,W",,,,,280,",,W",270,",,W",,,,,,,,,21.9,",,W",32,",,W",,,,,,,,,,,,,,,,,,,,,,,,,,,,,,,,,,,,,,,,,,,,,,
USW00014836,"LANSING CAPITAL CITY AIRPORT, MI US",42.77609,-84.59972,261.2,10/9/2024,,,,,38,",,W",30.1,",,W",29.16,",,W",44,",,W",3.36,",,W",,,,,,,,,,,,,0,",,W,2400",,,64,",,W",26,",,W",93,",,W",0,",,W,2400",0,",,W,2400",51,"H,,S",,,65,",,W",35,",,W",,,,,270,",,W",320,",,W",,,,,,,,,16.1,",,W",21.9,",,W",,,,,,,,,,,,,,,,,,,,,,,,,,,,,,,,,,,,,,,,,,,,,,
USW00014836,"LANSING CAPITAL CITY AIRPORT, MI US",42.77609,-84.59972,261.2,10/10/2024,,,,,38,",,W",30.24,",,W",29.28,",,W",44,",,W",0.89,",,W",,,,,,,,,,,,,0,",,W,2400",,,68,",,W",36,",,W",97,",,W",0,",,W,2400",0,",,W,2400",49,"H,,S",,,66,",,W",34,",,W",,,,,180,",,W",220,",,W",,,,,,,,,6.9,",,W",11,",,W",,,,,,,,,,,,,,,,,,,,,,,,,,,,,,,,,,,,,,,,,,,,,,
USW00014836,"LANSING CAPITAL CITY AIRPORT, MI US",42.77609,-84.59972,261.2,10/11/2024,,,,,45,",,W",30.08,",,W",29.14,",,W",53,",,W",9.17,",,W",,,,,,,,,,,,,0,",,W,2400",,,54,",,W",32,",,W",79,",,W",0,",,W,2400",0,",,W,2400",58,"H,,S",,,79,",,W",45,",,W",,,,,230,",,W",230,",,W",,,,,,,,,21,",,W",27.1,",,W",,,,,,,,,,,,,,,,,,,,,,,,,,,,,,,,,,,,,,,,,,,,,,
USW00014836,"LANSING CAPITAL CITY AIRPORT, MI US",42.77609,-84.59972,261.2,10/12/2024,,,,,46,",,W",30.05,",,W",29.1,",,W",50,",,W",7.61,",,W",,,,,,,,,,,,,0.57,",,W,2400",,,76,",,W",45,",,W",100,",,W",0,",,W,2400",0,",,W,2400",58,"H,,S",,,67,",,W",46,",,W",,,,,50,",,W",360,",,W",,,,,,,,,14.1,",,W",23,",,W",,,,,1,",,W",,,,,,,,,,,,,,,,,,,,,,,,,,,,,,,,,,,,,,,,
USW00014836,"LANSING CAPITAL CITY AIRPORT, MI US",42.77609,-84.59972,261.2,10/13/2024,,,,,47,",,W",29.8,",,W",28.86,",,W",48,",,W",6.26,",,W",,,,,,,,,,,,,0.39,",,W,2400",,,95,",,W",89,",,W",100,",,W",0,",,W,2400",0,",,W,2400",50,"H,,S",,,53,",,W",44,",,W",,,,,70,",,W",70,",,W",,,,,,,,,12.1,",,W",16.1,",,W",,,,,1,",,W",,,,,,,,,,,,,,,,,,,,,,,,,,,,,,,,,,,,,,,,
USW00014836,"LANSING CAPITAL CITY AIRPORT, MI US",42.77609,-84.59972,261.2,10/14/2024,,,,,38,",,W",30.03,",,W",29.03,",,W",42,",,W",5.59,",,W",,,,,,,,,,,,,0.04,",,W,2400",,,78,",,W",54,",,W",97,",,W",0,",,W,2400",0,",,W,2400",46,"H,,S",,,53,",,W",36,",,W",,,,,350,",,W",360,",,W",,,,,,,,,14.1,",,W",23,",,W",,,,,,,,,,,,,,,,,,,,,,,,,,,,,,,,,,,,,,,,,,,,,,
USW00014836,"LANSING CAPITAL CITY AIRPORT, MI US",42.77609,-84.59972,261.2,10/15/2024,,,,,33,",,W",30.17,",,W",29.21,",,W",38,",,W",8.05,",,W",,,,,,,,,,,,,0,",,W,2400",,,71,",,W",46,",,W",93,",,W",0,",,W,2400",0,",,W,2400",42,"H,,S",,,52,",,W",35,",,W",,,,,10,",,W",330,",,W",,,,,,,,,18.1,",,W",25.1,",,W",,,,,,,,,,,,,,,,,,,,,,,,,,,,,,,,,,,,,,,,,,,,,,
USW00014836,"LANSING CAPITAL CITY AIRPORT, MI US",42.77609,-84.59972,261.2,10/16/2024,,,,,35,",,W",30.32,",,W",29.36,",,W",41,",,W",6.49,",,W",,,,,,,,,,,,,0,",,W,2400",,,70,",,W",42,",,W",93,",,W",0,",,W,2400",0,",,W,2400",45,"H,,S",,,57,",,W",36,",,W",,,,,310,",,W",340,",,W",,,,,,,,,15,",,W",21,",,W",,,,,,,,,,,,,,,,,,,,,,,,,,,,,,,,,,,,,,,,,,,,,,
USW00014836,"LANSING CAPITAL CITY AIRPORT, MI US",42.77609,-84.59972,261.2,10/17/2024,,,,,37,",,W",30.35,",,W",29.39,",,W",42,",,W",3.13,",,W",,,,,,,,,,,,,0,",,W,2400",,,72,",,W",44,",,W",100,",,W",0,",,W,2400",0,",,W,2400",46,"H,,S",,,61,",,W",33,",,W",,,,,220,",,W",210,",,W",,,,,,,,,12.1,",,W",17,",,W",,,,,,,,,,,,,,,,,,,,,,,,,,,,,,,,,,,,,,,,,,,,,,
USW00014836,"LANSING CAPITAL CITY AIRPORT, MI US",42.77609,-84.59972,261.2,10/18/2024,,,,,35,",,W",30.48,",,W",29.52,",,W",43,",,W",3.58,",,W",,,,,,,,,,,,,0,",,W,2400",,,60,",,W",29,",,W",86,",,W",0,",,W,2400",0,",,W,2400",50,"H,,S",,,67,",,W",36,",,W",,,,,190,",,W",180,",,W",,,,,,,,,13,",,W",18.1,",,W",,,,,,,,,,,,,,,,,,,,,,,,,,,,,,,,,,,,,,,,,,,,,,
USW00014836,"LANSING CAPITAL CITY AIRPORT, MI US",42.77609,-84.59972,261.2,10/19/2024,,,,,39,",,W",30.47,",,W",29.52,",,W",46,",,W",2.91,",,W",,,,,,,,,,,,,0,",,W,2400",,,62,",,W",31,",,W",97,",,W",0,",,W,2400",0,",,W,2400",52,"H,,S",,,70,",,W",37,",,W",,,,,230,",,W",230,",,W",,,,,,,,,13,",,W",18.1,",,W",,,,,1,",,W",,,,,,,,,,,,,,,,,,,,,,,,,,,,,,,,,,,,,,,,
USW00014836,"LANSING CAPITAL CITY AIRPORT, MI US",42.77609,-84.59972,261.2,10/20/2024,,,,,41,",,W",30.29,",,W",29.36,",,W",51,",,W",8.72,",,W",,,,,,,,,,,,,0,",,W,2400",,,51,",,W",32,",,W",83,",,W",0,",,W,2400",0,",,W,2400",58,"H,,S",,,76,",,W",42,",,W",,,,,220,",,W",210,",,W",,,,,,,,,18.1,",,W",23.9,",,W",,,,,,,,,,,,,,,,,,,,,,,,,,,,,,,,,,,,,,,,,,,,,,
USW00014836,"LANSING CAPITAL CITY AIRPORT, MI US",42.77609,-84.59972,261.2,10/21/2024,,,,,43,",,W",30.2,",,W",29.26,",,W",53,",,W",7.38,",,W",,,,,,,,,,,,,0,",,W,2400",,,51,",,W",28,",,W",72,",,W",0,",,W,2400",0,",,W,2400",65,"H,,S",,,79,",,W",51,",,W",,,,,240,",,W",250,",,W",,,,,,,,,17,",,W",21.9,",,W",,,,,,,,,,,,,,,,,,,,,,,,,,,,,,,,,,,,,,,,,,,,,,
USW00014836,"LANSING CAPITAL CITY AIRPORT, MI US",42.77609,-84.59972,261.2,10/22/2024,,,,,44,",,W",30.07,",,W",29.13,",,W",53,",,W",7.16,",,W",,,,,,,,,,,,,0.03,",,W,2400",,,53,",,W",33,",,W",77,",,W",0,",,W,2400",0,",,W,2400",60,"H,,S",,,75,",,W",47,",,W",,,,,200,",,W",190,",,W",,,,,,,,,25.9,",,W",38,",,W",,,,,,,,,1,",,W",,,,,,,,,,,,,,,,,,,,,,,,,,,,,,,,,,,,
USW00014836,"LANSING CAPITAL CITY AIRPORT, MI US",42.77609,-84.59972,261.2,10/23/2024,,,,,44,",,W",29.99,",,W",29.03,",,W",50,",,W",10.29,",,W",,,,,,,,,,,,,0,",,W,2400",,,65,",,W",43,",,W",93,",,W",0,",,W,2400",0,",,W,2400",61,"H,,S",,,66,",,W",38,",,W",,,,,310,",,W",300,",,W",,,,,,,,,21.9,",,W",34,",,W",,,,,,,,,,,,,,,,,,,,,,,,,,,,,,,,,,,,,,,,,,,,,,
USW00014836,"LANSING CAPITAL CITY AIRPORT, MI US",42.77609,-84.59972,261.2,10/24/2024,,,,,36,",,W",30.18,",,W",29.23,",,W",42,",,W",2.46,",,W",,,,,,,,,,,,,0,",,W,2400",,,68,",,W",41,",,W",96,",,W",0,",,W,2400",0,",,W,2400",47,"H,,S",,,61,",,W",33,",,W",,,,,250,",,W",190,",,W",,,,,,,,,10.1,",,W",14.1,",,W",,,,,,,,,,,,,,,,,,,,,,,,,,,,,,,,,,,,,,,,,,,,,,
USW00014836,"LANSING CAPITAL CITY AIRPORT, MI US",42.77609,-84.59972,261.2,10/25/2024,,,,,43,",,W",30.1,",,W",29.12,",,W",46,",,W",8.5,",,W",,,,,,,,,,,,,0.05,",,W,2400",,,80,",,W",60,",,W",93,",,W",0,",,W,2400",0,",,W,2400",49,"H,,S",,,61,",,W",44,",,W",,,,,300,",,W",310,",,W",,,,,,,,,17,",,W",23.9,",,W",,,,,,,,,,,,,,,,,,,,,,,,,,,,,,,,,,,,,,,,,,,,,,
USW00014836,"LANSING CAPITAL CITY AIRPORT, MI US",42.77609,-84.59972,261.2,10/26/2024,,,,,33,",,W",30.4,",,W",29.41,",,W",40,",,W",4.92,",,W",,,,,,,,,,,,,0,",,W,2400",,,66,",,W",38,",,W",96,",,W",0,",,W,2400",0,",,W,2400",47,"H,,S",,,56,",,W",35,",,W",,,,,310,",,W",330,",,W",,,,,,,,,16.1,",,W",23,",,W",,,,,,,,,,,,,,,,,,,1,",,W",,,,,,,,,,,,,,,,,,,,,,,,,,
USW00014836,"LANSING CAPITAL CITY AIRPORT, MI US",42.77609,-84.59972,261.2,10/27/2024,,,,,30,",,W",30.38,",,W",29.43,",,W",38,",,W",4.47,",,W",,,,,,,,,,,,,0,",,W,2400",,,61,",,W",38,",,W",92,",,W",0,",,W,2400",0,",,W,2400",42,"H,,S",,,57,",,W",27,",,W",,,,,210,",,W",210,",,W",,,,,,,,,14.1,",,W",21,",,W",,,,,,,,,,,,,,,,,,,,,,,,,,,,,,,,,,,,,,,,,,,,,,
USW00014836,"LANSING CAPITAL CITY AIRPORT, MI US",42.77609,-84.59972,261.2,10/28/2024,,,,,32,",,W",30.21,",,W",29.28,",,W",42,",,W",7.16,",,W",,,,,,,,,,,,,0,",,W,2400",,,54,",,W",34,",,W",73,",,W",0,",,W,2400",0,",,W,2400",48,"H,,S",,,61,",,W",36,",,W",,,,,160,",,W",170,",,W",,,,,,,,,17,",,W",23,",,W",,,,,,,,,,,,,,,,,,,,,,,,,,,,,,,,,,,,,,,,,,,,,,
USW00014836,"LANSING CAPITAL CITY AIRPORT, MI US",42.77609,-84.59972,261.2,10/29/2024,,,,,55,",,W",29.98,",,W",29.05,",,W",60,",,W",15.21,",,W",,,,,,,,,,,,,0.18,",,W,2400",,,68,",,W",56,",,W",86,",,W",0,",,W,2400",0,",,W,2400",62,"H,,S",,,77,",,W",51,",,W",,,,,210,",,W",220,",,W",,,,,,,,,23.9,",,W",34,",,W",,,,,,,,,1,",,W",,,,,,,,,,,,,,,,,,,,,,,,,,,,,,,,,,,,
USW00014836,"LANSING CAPITAL CITY AIRPORT, MI US",42.77609,-84.59972,261.2,10/30/2024,,,,,57,",,W",30.02,",,W",29.1,",,W",62,",,W",16.33,",,W",,,,,,,,,,,,,0,",,W,2400",,,66,",,W",55,",,W",87,",,W",0,",,W,2400",0,",,W,2400",71,"H,,S",,,77,",,W",64,",,W",,,,,210,",,W",200,",,W",,,,,,,,,25.9,",,W",40,",,W",,,,,,,,,,,,,,,,,,,,,,,,,,,,,,,,,,,,,,,,,,,,,,
USW00014836,"LANSING CAPITAL CITY AIRPORT, MI US",42.77609,-84.59972,261.2,10/31/2024,,,,,54,",,W",29.82,",,W",28.9,",,W",58,",,W",19.46,",,W",,,,,,,,,,,,,0.01,",,W,2400",,,71,",,W",61,",,W",87,",,W",0,",,W,2400",0,",,W,2400",67,"H,,S",,,69,",,W",49,",,W",,,,,250,",,W",260,",,W",,,,,,,,,32,",,W",46.1,",,W",,,,,,,,,,,,,,,,,,,,,,,,,,,,,,,,,,,,,,,,,,,,,,
USW00014836,"LANSING CAPITAL CITY AIRPORT, MI US",42.77609,-84.59972,261.2,11/1/2024,,,,,35,",,W",30.21,",,W",29.21,",,W",40,",,W",11.41,",,W",,,,,,,,,,,,,0,"T,,W,2400",,,70,",,W",56,",,W",93,",,W",0,",,W,2400",0,",,W,2400",48,"H,,S",,,49,",,W",34,",,W",,,,,260,",,W",270,",,W",,,,,,,,,28,",,W",38,",,W",,,,,1,",,W",,,,,,,,,,,,,,,,,,,,,,,,,,,,,,,,,,,,,,,,
USW00014836,"LANSING CAPITAL CITY AIRPORT, MI US",42.77609,-84.59972,261.2,11/2/2024,,,,,31,",,W",30.42,",,W",29.44,",,W",36,",,W",2.01,",,W",,,,,,,,,,,,,0,",,W,2400",,,71,",,W",42,",,W",96,",,W",0,",,W,2400",0,",,W,2400",40,"H,,S",,,55,",,W",27,",,W",,,,,50,",,W",70,",,W",,,,,,,,,6.9,",,W",10.1,",,W",,,,,1,",,W",,,,,,,,,,,,,,,,,,,,,,,,,,,,,,,,,,,,,,,,
USW00014836,"LANSING CAPITAL CITY AIRPORT, MI US",42.77609,-84.59972,261.2,11/3/2024,,,,,37,",,W",30.25,",,W",29.32,",,W",44,",,W",11.18,",,W",,,,,,,,,,,,,0.01,",,W,2400",,,62,",,W",32,",,W",83,",,W",0,",,W,2400",0,",,W,2400",47,"H,,S",,,62,",,W",34,",,W",,,,,130,",,W",120,",,W",,,,,,,,,21,",,W",30,",,W",,,,,,,,,,,,,,,,,,,,,,,,,,,,,,,,,,,,,,,,,,,,,,
USW00014836,"LANSING CAPITAL CITY AIRPORT, MI US",42.77609,-84.59972,261.2,11/4/2024,,,,,58,",,W",29.95,",,W",29.03,",,W",59,",,W",11.41,",,W",,,,,,,,,,,,,0.84,",,W,2400",,,89,",,W",77,",,W",100,",,W",0,",,W,2400",0,",,W,2400",58,"H,,S",,,66,",,W",53,",,W",,,,,180,",,W",170,",,W",,,,,,,,,23,",,W",33.1,",,W",,,,,1,",,W",,,,,,,,,,,,,,,,,,,,,,,,,,,,,,,,,,,,,,,,
USW00014836,"LANSING CAPITAL CITY AIRPORT, MI US",42.77609,-84.59972,261.2,11/5/2024,,,,,60,",,W",29.79,",,W",28.87,",,W",62,",,W",13.42,",,W",,,,,,,,,,,,,0.5,",,W,2400",,,83,",,W",68,",,W",100,",,W",0,",,W,2400",0,",,W,2400",65,"H,,S",,,69,",,W",59,",,W",,,,,210,",,W",180,",,W",,,,,,,,,30,",,W",40.9,",,W",,,,,1,",,W",,,,,,,,,,,,,,,,,,,,,,,,,,,,,,,,,,,,,,,,
USW00014836,"LANSING CAPITAL CITY AIRPORT, MI US",42.77609,-84.59972,261.2,11/6/2024,,,,,51,",,W",30,",,W",29.02,",,W",53,",,W",9.4,",,W",,,,,,,,,,,,,0,"T,,W,2400",,,87,",,W",72,",,W",100,",,W",0,",,W,2400",0,",,W,2400",59,"H,,S",,,60,",,W",47,",,W",,,,,280,",,W",290,",,W",,,,,,,,,17,",,W",23,",,W",,,,,1,",,W",,,,,,,,,,,,,,,,,,,,,,,,,,,,,,,,,,,,,,,,
USW00014836,"LANSING CAPITAL CITY AIRPORT, MI US",42.77609,-84.59972,261.2,11/7/2024,,,,,41,",,W",30.26,",,W",29.3,",,W",45,",,W",7.61,",,W",,,,,,,,,,,,,0,",,W,2400",,,72,",,W",51,",,W",93,",,W",0,",,W,2400",0,",,W,2400",51,"H,,S",,,58,",,W",44,",,W",,,,,250,",,W",260,",,W",,,,,,,,,14.1,",,W",21.9,",,W",,,,,,,,,,,,,,,,,,,,,,,,,,,,,,,,,,,,,,,,,,,,,,
USW00014836,"LANSING CAPITAL CITY AIRPORT, MI US",42.77609,-84.59972,261.2,11/8/2024,,,,,39,",,W",30.21,",,W",29.23,",,W",44,",,W",8.95,",,W",,,,,,,,,,,,,0,",,W,2400",,,71,",,W",51,",,W",93,",,W",0,",,W,2400",0,",,W,2400",49,"H,,S",,,59,",,W",40,",,W",,,,,300,",,W",290,",,W",,,,,,,,,21.9,",,W",27.1,",,W",,,,,,,,,,,,,,,,,,,,,,,,,,,,,,,,,,,,,,,,,,,,,,
USW00014836,"LANSING CAPITAL CITY AIRPORT, MI US",42.77609,-84.59972,261.2,11/9/2024,,,,,36,",,W",30.3,",,W",29.35,",,W",40,",,W",6.26,",,W",,,,,,,,,,,,,0,",,W,2400",,,74,",,W",59,",,W",92,",,W",0,",,W,2400",0,",,W,2400",43,"H,,S",,,55,",,W",29,",,W",,,,,110,",,W",100,",,W",,,,,,,,,16.1,",,W",21,",,W",,,,,,,,,,,,,,,,,,,,,,,,,,,,,,,,,,,,,,,,,,,,,,
USW00014836,"LANSING CAPITAL CITY AIRPORT, MI US",42.77609,-84.59972,261.2,11/10/2024,,,,,46,",,W",29.85,",,W",28.95,",,W",48,",,W",9.84,",,W",,,,,,,,,,,,,0.53,",,W,2400",,,86,",,W",71,",,W",100,",,W",0,",,W,2400",0,",,W,2400",49,"H,,S",,,59,",,W",44,",,W",,,,,270,",,W",220,",,W",,,,,,,,,21.9,",,W",31.1,",,W",,,,,1,",,W",,,,,,,,,,,,,,,,,,,,,,,,,,,,,,,,,,,,,,,,
USW00014836,"LANSING CAPITAL CITY AIRPORT, MI US",42.77609,-84.59972,261.2,11/11/2024,,,,,40,",,W",29.85,",,W",28.87,",,W",44,",,W",15.21,",,W",,,,,,,,,,,,,0,",,W,2400",,,72,",,W",56,",,W",83,",,W",0,",,W,2400",0,",,W,2400",51,"H,,S",,,56,",,W",40,",,W",,,,,290,",,W",290,",,W",,,,,,,,,32,",,W",47,",,W",,,,,,,,,,,,,,,,,,,,,,,,,,,,,,,,,,,,,,,,,,,,,,
USW00014836,"LANSING CAPITAL CITY AIRPORT, MI US",42.77609,-84.59972,261.2,11/12/2024,,,,,30,",,W",30.36,",,W",29.36,",,W",35,",,W",7.16,",,W",,,,,,,,,,,,,0,",,W,2400",,,71,",,W",52,",,W",82,",,W",0,",,W,2400",0,",,W,2400",40,"H,,S",,,48,",,W",32,",,W",,,,,360,",,W",10,",,W",,,,,,,,,17,",,W",23.9,",,W",,,,,,,,,,,,,,,,,,,,,,,,,,,,,,,,,,,,,,,,,,,,,,
USW00014836,"LANSING CAPITAL CITY AIRPORT, MI US",42.77609,-84.59972,261.2,11/13/2024,,,,,31,",,W",30.24,",,W",29.31,",,W",37,",,W",10.07,",,W",,,,,,,,,,,,,0.06,",,W,2400",,,68,",,W",37,",,W",92,",,W",0,",,W,2400",0,",,W,2400",39,"H,,S",,,53,",,W",27,",,W",,,,,120,",,W",130,",,W",,,,,,,,,19.9,",,W",28,",,W",,,,,,,,,,,,,,,,,,,,,,,,,,,,,,,,,,,,,,,,,,,,,,
USW00014836,"LANSING CAPITAL CITY AIRPORT, MI US",42.77609,-84.59972,261.2,11/14/2024,,,,,43,",,W",29.86,",,W",28.92,",,W",45,",,W",7.61,",,W",,,,,,,,,,,,,0.17,",,W,2400",,,95,",,W",77,",,W",100,",,W",0,",,W,2400",0,",,W,2400",45,"H,,S",,,47,",,W",43,",,W",,,,,130,",,W",120,",,W",,,,,,,,,15,",,W",21.9,",,W",,,,,1,",,W",1,",,W",,,,,,,,,,,,,,,,,,,,,,,,,,,,,,,,,,,,,,
USW00014836,"LANSING CAPITAL CITY AIRPORT, MI US",42.77609,-84.59972,261.2,11/15/2024,,,,,44,",,W",30.07,",,W",29.1,",,W",46,",,W",4.7,",,W",,,,,,,,,,,,,0,",,W,2400",,,90,",,W",80,",,W",100,",,W",0,",,W,2400",0,",,W,2400",46,"H,,S",,,49,",,W",45,",,W",,,,,320,",,W",310,",,W",,,,,,,,,10.1,",,W",14.1,",,W",,,,,1,",,W",,,,,,,,,,,,,,,,,,,,,,,,,,,,,,,,,,,,,,,,
USW00014836,"LANSING CAPITAL CITY AIRPORT, MI US",42.77609,-84.59972,261.2,11/16/2024,,,,,40,",,W",30.16,",,W",29.21,",,W",43,",,W",5.82,",,W",,,,,,,,,,,,,0,",,W,2400",,,77,",,W",68,",,W",96,",,W",0,",,W,2400",0,",,W,2400",47,"H,,S",,,48,",,W",45,",,W",,,,,170,",,W",180,",,W",,,,,,,,,16.1,",,W",25.1,",,W",,,,,,,,,,,,,,,,,,,,,,,,,,,,,,,,,,,,,,,,,,,,,,
USW00014836,"LANSING CAPITAL CITY AIRPORT, MI US",42.77609,-84.59972,261.2,11/17/2024,,,,,43,",,W",29.97,",,W",29.03,",,W",45,",,W",10.51,",,W",,,,,,,,,,,,,0,",,W,2400",,,82,",,W",74,",,W",96,",,W",0,",,W,2400",0,",,W,2400",47,"H,,S",,,53,",,W",43,",,W",,,,,210,",,W",210,",,W",,,,,,,,,17,",,W",23.9,",,W",,,,,,,,,,,,,,,,,,,,,,,,,,,,,,,,,,,,,,,,,,,,,,
USW00014836,"LANSING CAPITAL CITY AIRPORT, MI US",42.77609,-84.59972,261.2,11/18/2024,,,,,43,",,W",29.97,",,W",29.04,",,W",46,",,W",5.82,",,W",,,,,,,,,,,,,0.06,",,W,2400",,,82,",,W",59,",,W",100,",,W",0,",,W,2400",0,",,W,2400",49,"H,,S",,,56,",,W",36,",,W",,,,,120,",,W",120,",,W",,,,,,,,,15,",,W",23.9,",,W",,,,,1,",,W",1,",,W",,,,,,,,,,,,,,,,,,,,,,,,,,,,,,,,,,,,,,
USW00014836,"LANSING CAPITAL CITY AIRPORT, MI US",42.77609,-84.59972,261.2,11/19/2024,,,,,48,",,W",29.7,",,W",28.77,",,W",51,",,W",11.41,",,W",,,,,,,,,,,,,0.08,",,W,2400",,,82,",,W",68,",,W",100,",,W",0,",,W,2400",0,",,W,2400",53,"H,,S",,,63,",,W",49,",,W",,,,,240,",,W",110,",,W",,,,,,,,,21.9,",,W",33.1,",,W",,,,,1,",,W",,,,,,,,,,,,,,,,,,,,,,,,,,,,,,,,,,,,,,,,
USW00014836,"LANSING CAPITAL CITY AIRPORT, MI US",42.77609,-84.59972,261.2,11/20/2024,,,,,39,",,W",29.71,",,W",28.77,",,W",41,",,W",9.4,",,W",,,,,,,,,,,,,0.11,",,W,2400",,,85,",,W",77,",,W",93,",,W",0,",,W,2400",0,",,W,2400",46,"H,,S",,,50,",,W",34,",,W",,,,,270,",,W",270,",,W",,,,,,,,,23.9,",,W",33.1,",,W",,,,,1,",,W",,,,,,,,,,,,,,,,,,,,,,,,,,,,,,,,,,,,,,,,
USW00014836,"LANSING CAPITAL CITY AIRPORT, MI US",42.77609,-84.59972,261.2,11/21/2024,,,,,31,",,W",29.65,",,W",28.7,",,W",33,",,W",8.28,",,W",,,,,,,,,,,,,0.03,",,W,2400",,,92,",,W",79,",,W",100,",,W",0.4,",,W,2400",0,"T,,W,2400",34,"H,,S",,,37,",,W",31,",,W",,,,,220,",,W",230,",,W",,,,,,,,,17,",,W",23,",,W",,,,,1,",,W",,,,,,,,,,,,,,,,,,,,,,,,,,,,,,,,,,,,,,,,
USW00014836,"LANSING CAPITAL CITY AIRPORT, MI US",42.77609,-84.59972,261.2,11/22/2024,,,,,36,",,W",29.82,",,W",28.87,",,W",38,",,W",10.96,",,W",,,,,,,,,,,,,0,",,W,2400",,,86,",,W",73,",,W",96,",,W",0,",,W,2400",0,",,W,2400",38,"H,,S",,,46,",,W",31,",,W",,,,,310,",,W",330,",,W",,,,,,,,,21,",,W",36,",,W",,,,,1,",,W",,,,,,,,,,,,,1,",,W",,,,,,,,,,,,,,,,,,,,,,,,,,
USW00014836,"LANSING CAPITAL CITY AIRPORT, MI US",42.77609,-84.59972,261.2,11/23/2024,,,,,37,",,W",29.95,",,W",29.01,",,W",40,",,W",10.29,",,W",,,,,,,,,,,,,0.01,",,W,2400",,,83,",,W",71,",,W",97,",,W",0,",,W,2400",0,",,W,2400",42,"H,,S",,,44,",,W",40,",,W",,,,,310,",,W",320,",,W",,,,,,,,,19.9,",,W",28,",,W",,,,,1,",,W",,,,,,,,,,,,,,,,,,,,,,,,,,,,,,,,,,,,,,,,
USW00014836,"LANSING CAPITAL CITY AIRPORT, MI US",42.77609,-84.59972,261.2,11/24/2024,,,,,36,",,W",29.99,",,W",29.05,",,W",39,",,W",7.61,",,W",,,,,,,,,,,,,0,",,W,2400",,,82,",,W",68,",,W",89,",,W",0,",,W,2400",0,",,W,2400",41,"H,,S",,,46,",,W",38,",,W",,,,,110,",,W",130,",,W",,,,,,,,,13,",,W",18.1,",,W",,,,,,,,,,,,,,,,,,,,,,,,,,,,,,,,,,,,,,,,,,,,,,
USW00014836,"LANSING CAPITAL CITY AIRPORT, MI US",42.77609,-84.59972,261.2,11/25/2024,,,,,41,",,W",29.86,",,W",28.91,",,W",43,",,W",8.72,",,W",,,,,,,,,,,,,0.03,",,W,2400",,,91,",,W",86,",,W",96,",,W",0,",,W,2400",0,",,W,2400",43,"H,,S",,,47,",,W",40,",,W",,,,,280,",,W",280,",,W",,,,,,,,,25.1,",,W",33.1,",,W",,,,,1,",,W",,,,,,,,,,,,,,,,,,,,,,,,,,,,,,,,,,,,,,,,
USW00014836,"LANSING CAPITAL CITY AIRPORT, MI US",42.77609,-84.59972,261.2,11/26/2024,,,,,27,",,W",30.02,",,W",29.05,",,W",32,",,W",14.76,",,W",,,,,,,,,,,,,0.01,",,W,2400",,,71,",,W",53,",,W",93,",,W",0,",,W,2400",0,",,W,2400",39,"H,,S",,,41,",,W",29,",,W",,,,,240,",,W",260,",,W",,,,,,,,,25.9,",,W",34,",,W",,,,,,,,,,,,,,,,,,,,,,,,,,,,,,,,,,,,,,,,,,,,,,
USW00014836,"LANSING CAPITAL CITY AIRPORT, MI US",42.77609,-84.59972,261.2,11/27/2024,,,,,27,",,W",29.96,",,W",29.01,",,W",31,",,W",3.36,",,W",,,,,,,,,,,,,0,",,W,2400",,,78,",,W",67,",,W",85,",,W",0,",,W,2400",0,",,W,2400",33,"H,,S",,,40,",,W",27,",,W",,,,,40,",,W",20,",,W",,,,,,,,,8.9,",,W",14.1,",,W",,,,,,,,,,,,,,,,,,,,,,,,,,,,,,,,,,,,,,,,,,,,,,
USW00014836,"LANSING CAPITAL CITY AIRPORT, MI US",42.77609,-84.59972,261.2,11/28/2024,,,,,23,",,W",29.91,",,W",28.93,",,W",29,",,W",8.95,",,W",,,,,,,,,,,,,0,",,W,2400",,,72,",,W",61,",,W",82,",,W",0,",,W,2400",0,",,W,2400",32,"H,,S",,,34,",,W",29,",,W",,,,,260,",,W",250,",,W",,,,,,,,,21,",,W",28,",,W",,,,,,,,,,,,,,,,,,,1,",,W",,,,,,,,,,,,,,,,,,,,,,,,,,
USW00014836,"LANSING CAPITAL CITY AIRPORT, MI US",42.77609,-84.59972,261.2,11/29/2024,,,,,21,",,W",30,",,W",29.02,",,W",24,",,W",12.97,",,W",,,,,,,,,,,,,0.09,",,W,2400",,,83,",,W",72,",,W",92,",,W",0.8,",,W,2400",1.2,",,W,2400",27,"H,,S",,,29,",,W",23,",,W",,,,,260,",,W",270,",,W",,,,,,,,,23,",,W",31.1,",,W",,,,,1,",,W",,,,,,,,,,,,,1,",,W",,,,,,,,,,,,,,,,,,,,,,,,,,
USW00014836,"LANSING CAPITAL CITY AIRPORT, MI US",42.77609,-84.59972,261.2,11/30/2024,,,,,19,",,W",30.06,",,W",29.08,",,W",22,",,W",10.74,",,W",,,,,,,,,,,,,0.13,",,W,2400",,,83,",,W",75,",,W",89,",,W",1.2,",,W,2400",1.2,",,W,2400",24,"H,,S",,,25,",,W",22,",,W",,,,,260,",,W",270,",,W",,,,,,,,,23.9,",,W",29.1,",,W",,,,,1,",,W",,,,,,,,,,,,,,,,,,,,,,,,,,,,,,,,,,,,,,,,
USW00014836,"LANSING CAPITAL CITY AIRPORT, MI US",42.77609,-84.59972,261.2,12/1/2024,,,,,19,",,W",30.14,",,W",29.14,",,W",23,",,W",9.17,",,W",,,,,,,,,,,,,0,"T,,W,2400",,,78,",,W",69,",,W",89,",,W",0,"T,,W,2400",2,",,W,2400",24,"H,,S",,,30,",,W",22,",,W",,,,,280,",,W",260,",,W",,,,,,,,,17,",,W",21.9,",,W",,,,,,,,,,,,,,,,,,,,,,,,,,,,,,,,,,,,,,,,,,,,,,
USW00014836,"LANSING CAPITAL CITY AIRPORT, MI US",42.77609,-84.59972,261.2,12/2/2024,,,,,21,",,W",30.3,",,W",29.31,",,W",25,",,W",7.16,",,W",,,,,,,,,,,1434,",,W",0,",,W,2400",,,78,",,W",64,",,W",88,",,W",0,",,W,2400",1.2,",,W,2400",27,"H,,S",,,33,",,W",22,",,W",,,,,260,",,W",270,",,W",,,,,,,,,12.1,",,W",16.1,",,W",,,,,,,,,,,,,,,,,,,,,,,,,,,,,,,,,,,,,,,,,,,,,,
USW00014836,"LANSING CAPITAL CITY AIRPORT, MI US",42.77609,-84.59972,261.2,12/3/2024,,,,,22,",,W",30.35,",,W",29.38,",,W",27,",,W",8.05,",,W",,,,,,,,,,,2257,",,W",0,"T,,W,2400",,,77,",,W",66,",,W",92,",,W",0,"T,,W,2400",0,",,W,2400",28,"H,,S",,,34,",,W",23,",,W",,,,,210,",,W",210,",,W",,,,,,,,,23,",,W",30,",,W",,,,,,,,,,,,,,,,,,,,,,,,,,,,,,,,,,,,,,,,,,,,,,
USW00014836,"LANSING CAPITAL CITY AIRPORT, MI US",42.77609,-84.59972,261.2,12/4/2024,,,,,22,",,W",29.71,",,W",28.81,",,W",26,",,W",17.9,",,W",,,,,,,,,,,2147,",,W",0.17,",,W,2400",,,81,",,W",72,",,W",96,",,W",3.1,",,W,2400",0,",,W,2400",27,"H,,S",,,32,",,W",23,",,W",,,,,280,",,W",290,",,W",,,,,,,,,28,",,W",38.9,",,W",,,,,,,,,,,,,,,,,,,,,,,,,,,,,,,,,,,,,,,,,,,,,,
USW00014836,"LANSING CAPITAL CITY AIRPORT, MI US",42.77609,-84.59972,261.2,12/5/2024,,,,,14,",,W",30.06,",,W",29,",,W",20,",,W",13.87,",,W",,,,,,,,,,,233,",,W",0,"T,,W,2400",,,70,",,W",56,",,W",85,",,W",0,"T,,W,2400",3.1,",,W,2400",25,"H,,S",,,31,",,W",16,",,W",,,,,290,",,W",300,",,W",,,,,,,,,30,",,W",42.1,",,W",,,,,,,,,,,,,,,,,,,,,,,,,,,,,,,,,,,,,,,,,,,,,,
USW00014836,"LANSING CAPITAL CITY AIRPORT, MI US",42.77609,-84.59972,261.2,12/6/2024,,,,,17,",,W",30.24,",,W",29.27,",,W",23,",,W",12.53,",,W",,,,,,,,,,,1308,",,W",0,"T,,W,2400",,,70,",,W",58,",,W",88,",,W",0,"T,,W,2400",2,",,W,2400",24,"H,,S",,,29,",,W",17,",,W",,,,,240,",,W",250,",,W",,,,,,,,,25.1,",,W",33.1,",,W",,,,,,,,,,,,,,,,,,,,,,,,,,,,,,,,,,,,,,,,,,,,,,
USW00014836,"LANSING CAPITAL CITY AIRPORT, MI US",42.77609,-84.59972,261.2,12/7/2024,,,,,21,",,W",29.93,",,W",29.02,",,W",28,",,W",11.86,",,W",,,,,,,,,,,1922,",,W",0,",,W,2400",,,63,",,W",57,",,W",72,",,W",0,",,W,2400",1.2,",,W,2400",29,"H,,S",,,41,",,W",26,",,W",,,,,210,",,W",200,",,W",,,,,,,,,23.9,",,W",34,",,W",,,,,,,,,,,,,,,,,,,,,,,,,,,,,,,,,,,,,,,,,,,,,,
USW00014836,"LANSING CAPITAL CITY AIRPORT, MI US",42.77609,-84.59972,261.2,12/8/2024,,,,,33,",,W",29.78,",,W",28.82,",,W",38,",,W",7.38,",,W",,,,,,,,,,,3,",,W",0,",,W,2400",,,75,",,W",65,",,W",89,",,W",0,",,W,2400",0,"T,,W,2400",42,"H,,S",,,48,",,W",33,",,W",,,,,230,",,W",230,",,W",,,,,,,,,19.9,",,W",25.1,",,W",,,,,,,,,,,,,,,,,,,,,,,,,,,,,,,,,,,,,,,,,,,,,,
USW00014836,"LANSING CAPITAL CITY AIRPORT, MI US",42.77609,-84.59972,261.2,12/9/2024,,,,,40,",,W",29.72,",,W",28.75,",,W",42,",,W",9.4,",,W",,,,,,,,,,,1337,",,W",0.02,",,W,2400",,,85,",,W",71,",,W",100,",,W",0,",,W,2400",0,",,W,2400",42,"H,,S",,,51,",,W",36,",,W",,,,,250,",,W",250,",,W",,,,,,,,,21,",,W",25.9,",,W",,,,,1,",,W",,,,,,,,,,,,,,,,,,,,,,,,,,,,,,,,,,,,,,,,
USW00014836,"LANSING CAPITAL CITY AIRPORT, MI US",42.77609,-84.59972,261.2,12/10/2024,,,,,32,",,W",29.86,",,W",28.9,",,W",36,",,W",6.26,",,W",,,,,,,,,,,1935,",,W",0.01,",,W,2400",,,76,",,W",67,",,W",92,",,W",0,",,W,2400",0,",,W,2400",40,"H,,S",,,42,",,W",33,",,W",,,,,260,",,W",280,",,W",,,,,,,,,15,",,W",21.9,",,W",,,,,1,",,W",,,,,,,,,,,,,,,,,,,,,,,,,,,,,,,,,,,,,,,,
USW00014836,"LANSING CAPITAL CITY AIRPORT, MI US",42.77609,-84.59972,261.2,12/11/2024,,,,,24,",,W",29.82,",,W",28.85,",,W",27,",,W",14.09,",,W",,,,,,,,,,,2227,",,W",0.13,",,W,2400",,,81,",,W",65,",,W",96,",,W",1,",,W,2400",0,",,W,2400",32,"H,,S",,,33,",,W",19,",,W",,,,,260,",,W",260,",,W",,,,,,,,,29.1,",,W",38.9,",,W",,,,,,,,,,,,,,,,,,,,,,,,,,,,,,,,,,,,,,,,,,,,,,
USW00014836,"LANSING CAPITAL CITY AIRPORT, MI US",42.77609,-84.59972,261.2,12/12/2024,,,,,7,",,W",30.27,",,W",29.21,",,W",12,",,W",14.99,",,W",,,,,,,,,,,431,",,W",0,"T,,W,2400",,,73,",,W",59,",,W",81,",,W",0,"T,,W,2400",1.2,",,W,2400",17,"H,,S",,,19,",,W",9,",,W",,,,,290,",,W",290,",,W",,,,,,,,,28,",,W",38,",,W",,,,,,,,,,,,,,,,,,,,,,,,,,,,,,,,,,,,,,,,,,,,,,
USW00014836,"LANSING CAPITAL CITY AIRPORT, MI US",42.77609,-84.59972,261.2,12/13/2024,,,,,5,",,W",30.71,",,W",29.67,",,W",12,",,W",3.58,",,W",,,,,,,,,,,10,",,W",0,",,W,2400",,,68,",,W",57,",,W",80,",,W",0,",,W,2400",1.2,",,W,2400",15,"H,,S",,,20,",,W",11,",,W",,,,,240,",,W",230,",,W",,,,,,,,,12.1,",,W",15,",,W",,,,,,,,,,,,,,,,,,,,,,,,,,,,,,,,,,,,,,,,,,,,,,
USW00014836,"LANSING CAPITAL CITY AIRPORT, MI US",42.77609,-84.59972,261.2,12/14/2024,,,,,16,",,W",30.69,",,W",29.7,",,W",21,",,W",9.4,",,W",,,,,,,,,,,2008,",,W",0,",,W,2400",,,73,",,W",61,",,W",85,",,W",0,",,W,2400",0,"T,,W,2400",18,"H,,S",,,33,",,W",8,",,W",,,,,110,",,W",110,",,W",,,,,,,,,17,",,W",23.9,",,W",,,,,,,,,,,,,,,,,,,,,,,,,,,,,,,,,,,,,,,,,,,,,,
USW00014836,"LANSING CAPITAL CITY AIRPORT, MI US",42.77609,-84.59972,261.2,12/15/2024,,,,,36,",,W",30.27,",,W",29.33,",,W",37,",,W",9.62,",,W",,,,,,,,,,,648,",,W",0.23,",,W,2400",,,96,",,W",85,",,W",100,",,W",0,",,W,2400",0,",,W,2400",35,"H,,S",,,41,",,W",33,",,W",,,,,120,",,W",120,",,W",,,,,,,,,17,",,W",23,",,W",,,,,,,,,,,,,,,,,,,,,,,,,,,,,,,,,,,,,,,,,,,,,,
USW00014836,"LANSING CAPITAL CITY AIRPORT, MI US",42.77609,-84.59972,261.2,12/16/2024,,,,,44,",,W",29.95,",,W",28.99,",,W",45,",,W",12.75,",,W",,,,,,,,,,,2040,",,W",0.09,",,W,2400",,,94,",,W",77,",,W",100,",,W",0,",,W,2400",0,",,W,2400",45,"H,,S",,,51,",,W",40,",,W",,,,,250,",,W",250,",,W",,,,,,,,,29.1,",,W",38.9,",,W",,,,,1,",,W",,,,,,,,,,,,,,,,,,,,,,,,,,,,,,,,,,,,,,,,
USW00014836,"LANSING CAPITAL CITY AIRPORT, MI US",42.77609,-84.59972,261.2,12/17/2024,,,,,31,",,W",30.14,",,W",29.15,",,W",35,",,W",12.3,",,W",,,,,,,,,,,242,",,W",0,",,W,2400",,,76,",,W",73,",,W",82,",,W",0,",,W,2400",0,",,W,2400",40,"H,,S",,,41,",,W",34,",,W",,,,,240,",,W",240,",,W",,,,,,,,,25.1,",,W",36.9,",,W",,,,,,,,,,,,,,,,,,,,,,,,,,,,,,,,,,,,,,,,,,,,,,
USW00014836,"LANSING CAPITAL CITY AIRPORT, MI US",42.77609,-84.59972,261.2,12/18/2024,,,,,28,",,W",30.23,",,W",29.25,",,W",31,",,W",6.71,",,W",,,,,,,,,,,2006,",,W",0.01,",,W,2400",,,81,",,W",61,",,W",96,",,W",0,"T,,W,2400",0,",,W,2400",34,"H,,S",,,35,",,W",30,",,W",,,,,300,",,W",310,",,W",,,,,,,,,15,",,W",19,",,W",,,,,,,,,,,,,,,,,,,,,,,,,,,,,,,,,,,,,,,,,,,,,,
USW00014836,"LANSING CAPITAL CITY AIRPORT, MI US",42.77609,-84.59972,261.2,12/19/2024,,,,,21,",,W",30.28,",,W",29.33,",,W",26,",,W",6.71,",,W",,,,,,,,,,,1628,",,W",0.04,",,W,2400",,,76,",,W",60,",,W",92,",,W",0.9,",,W,2400",0,",,W,2400",29,"H,,S",,,31,",,W",26,",,W",,,,,140,",,W",140,",,W",,,,,,,,,14.1,",,W",18.1,",,W",,,,,,,,,,,,,,,,,,,,,,,,,,,,,,,,,,,,,,,,,,,,,,
USW00014836,"LANSING CAPITAL CITY AIRPORT, MI US",42.77609,-84.59972,261.2,12/20/2024,,,,,23,",,W",30.16,",,W",29.15,",,W",26,",,W",8.95,",,W",,,,,,,,,,,1429,",,W",0.2,",,W,2400",,,84,",,W",69,",,W",92,",,W",4.5,",,W,2400",5.1,",,W,2400",28,"H,,S",,,30,",,W",18,",,W",,,,,10,",,W",350,",,W",,,,,,,,,18.1,",,W",28,",,W",,,,,,,,,,,,,,,,,,,,,,,,,,,,,,,,,,,,,,,,,,,,,,
USW00014836,"LANSING CAPITAL CITY AIRPORT, MI US",42.77609,-84.59972,261.2,12/21/2024,,,,,10,",,W",30.44,",,W",29.44,",,W",15,",,W",4.7,",,W",,,,,,,,,,,1348,",,W",0,",,W,2400",,,73,",,W",57,",,W",85,",,W",0,",,W,2400",3.9,",,W,2400",20,"H,,S",,,23,",,W",6,",,W",,,,,340,",,W",340,",,W",,,,,,,,,14.1,",,W",21,",,W",,,,,,,,,,,,,,,,,,,,,,,,,,,,,,,,,,,,,,,,,,,,,,
USW00014836,"LANSING CAPITAL CITY AIRPORT, MI US",42.77609,-84.59972,261.2,12/22/2024,,,,,10,",,W",30.47,",,W",29.47,",,W",15,",,W",7.16,",,W",,,,,,,,,,,1947,",,W",0,",,W,2400",,,72,",,W",63,",,W",87,",,W",0,",,W,2400",3.1,",,W,2400",14,"H,,S",,,26,",,W",1,",,W",,,,,160,",,W",150,",,W",,,,,,,,,18.1,",,W",25.1,",,W",,,,,,,,,,,,,,,,,,,,,,,,,,,,,,,,,,,,,,,,,,,,,,
USW00014836,"LANSING CAPITAL CITY AIRPORT, MI US",42.77609,-84.59972,261.2,12/23/2024,,,,,24,",,W",30.18,",,W",29.22,",,W",28,",,W",10.29,",,W",,,,,,,,,,,812,",,W",0.07,",,W,2400",,,79,",,W",66,",,W",96,",,W",0.2,",,W,2400",3.1,",,W,2400",28,"H,,S",,,33,",,W",24,",,W",,,,,150,",,W",160,",,W",,,,,,,,,19.9,",,W",27.1,",,W",,,,,,,,,,,,,,,,,,,,,,,,,,,,,,,,,,,,,,,,,,,,,,
USW00014836,"LANSING CAPITAL CITY AIRPORT, MI US",42.77609,-84.59972,261.2,12/24/2024,,,,,28,",,W",30.33,",,W",29.33,",,W",30,",,W",3.58,",,W",,,,,,,,,,,36,",,W",0,",,W,2400",,,86,",,W",75,",,W",96,",,W",0,",,W,2400",2,",,W,2400",33,"H,,S",,,34,",,W",30,",,W",,,,,280,",,W",280,",,W",,,,,,,,,10.1,",,W",14.1,",,W",,,,,,,,,,,,,,,,,,,,,,,,,,,,,,,,,,,,,,,,,,,,,,
USW00014836,"LANSING CAPITAL CITY AIRPORT, MI US",42.77609,-84.59972,261.2,12/25/2024,,,,,27,",,W",30.35,",,W",29.37,",,W",31,",,W",3.13,",,W",,,,,,,,,,,2207,",,W",0,",,W,2400",,,81,",,W",67,",,W",96,",,W",0,",,W,2400",1.2,",,W,2400",32,"H,,S",,,35,",,W",30,",,W",,,,,120,",,W",110,",,W",,,,,,,,,8.1,",,W",12.1,",,W",,,,,,,,,,,,,,,,,,,,,,,,,,,,,,,,,,,,,,,,,,,,,,
USW00014836,"LANSING CAPITAL CITY AIRPORT, MI US",42.77609,-84.59972,261.2,12/26/2024,,,,,36,",,W",30.28,",,W",29.31,",,W",37,",,W",8.72,",,W",,,,,,,,,,,1755,",,W",0.02,",,W,2400",,,95,",,W",89,",,W",100,",,W",0,",,W,2400",0,",,W,2400",36,"H,,S",,,42,",,W",34,",,W",,,,,140,",,W",140,",,W",,,,,,,,,14.1,",,W",19,",,W",,,,,,,,,,,,,,,,,,,,,,,,,,,,,,,,,,,,,,,,,,,,,,
USW00014836,"LANSING CAPITAL CITY AIRPORT, MI US",42.77609,-84.59972,261.2,12/27/2024,,,,,39,",,W",30.03,",,W",29.11,",,W",41,",,W",9.84,",,W",,,,,,,,,,,1826,",,W",0.12,",,W,2400",,,89,",,W",79,",,W",100,",,W",0,",,W,2400",0,",,W,2400",41,"H,,S",,,46,",,W",38,",,W",,,,,130,",,W",130,",,W",,,,,,,,,17,",,W",25.1,",,W",,,,,,,,,,,,,,,,,,,,,,,,,,,,,,,,,,,,,,,,,,,,,,
USW00014836,"LANSING CAPITAL CITY AIRPORT, MI US",42.77609,-84.59972,261.2,12/28/2024,,,,,44,",,W",29.92,",,W",28.95,",,W",46,",,W",11.63,",,W",,,,,,,,,,,1111,",,W",0.04,",,W,2400",,,85,",,W",71,",,W",100,",,W",0,",,W,2400",0,",,W,2400",49,"H,,S",,,52,",,W",36,",,W",,,,,230,",,W",210,",,W",,,,,,,,,21.9,",,W",31.1,",,W",,,,,,,,,,,,,,,,,,,,,,,,,,,,,,,,,,,,,,,,,,,,,,
USW00014836,"LANSING CAPITAL CITY AIRPORT, MI US",42.77609,-84.59972,261.2,12/29/2024,,,,,39,",,W",29.63,",,W",28.75,",,W",40,",,W",12.08,",,W",,,,,,,,,,,1546,",,W",1.21,",,W,2400",,,96,",,W",92,",,W",100,",,W",0,"T,,W,2400",0,",,W,2400",41,"H,,S",,,44,",,W",34,",,W",,,,,40,",,W",40,",,W",,,,,,,,,23.9,",,W",36.9,",,W",,,,,,,,,,,,,,,,,,,,,,,,,,,,,,,,,,,,,,,,,,,,,,
USW00014836,"LANSING CAPITAL CITY AIRPORT, MI US",42.77609,-84.59972,261.2,12/30/2024,,,,,32,",,W",29.7,",,W",28.71,",,W",36,",,W",11.41,",,W",,,,,,,,,,,112,",,W",0.14,",,W,2400",,,80,",,W",58,",,W",97,",,W",0,",,W,2400",0,",,W,2400",39,"H,,S",,,47,",,W",28,",,W",,,,,290,",,W",290,",,W",,,,,,,,,21.9,",,W",33.1,",,W",,,,,,,,,,,,,,,,,,,,,,,,,,,,,,,,,,,,,,,,,,,,,,
USW00014836,"LANSING CAPITAL CITY AIRPORT, MI US",42.77609,-84.59972,261.2,12/31/2024,,,,,31,",,W",29.71,",,W",28.76,",,W",32,",,W",9.17,",,W",,,,,,,,,,,1604,",,W",0.28,",,W,2400",,,93,",,W",88,",,W",96,",,W",1,",,W,2400",0,",,W,2400",33,"H,,S",,,35,",,W",29,",,W",,,,,360,",,W",360,",,W",,,,,,,,,17,",,W",25.9,",,W",,,,,,,,,,,,,,,,,,,,,,,,,,,,,,,,,,,,,,,,,,,,,,
